University_ID,University_Name,State,Official_Website,Established_Year,Recognition,Accreditation,NIRF_Rank,Courses,Popular_Courses,Departments,Eligibility,Tuition_Fee,Admission_Fee,Examination_Fee,Other_Fees,Placement_Cell,Placement_Policy,Placement_Rate,Average_Package,Highest_Package,Lowest_Package,Recruiters,Placement_Eligibility,Internship,Internship_Policy,Transport_Available,Transport_Fee,Transport_Routes,Transport_Timing,Library_Available,Library_Facilities,Library_Books,Digital_Library,E_Resources,Library_Timing,Hostel_Available,Boys_Hostel,Girls_Hostel,Hostel_Fee,Mess_Fee,Hostel_Timing,Hostel_Leave_Rules,Hostel_Discipline_Rules,Sports_Available,Sports_Facilities,Indoor_Sports,Outdoor_Sports,Gym,Exam_System,Attendance_Rule,Internal_Marks,External_Marks,Passing_Criteria,Re_Exam_Rule,Supplementary_Exam,Backlog_Rule,Scholarship,Counselling,Student_Clubs,Student_Support,Student_Feedback,Teaching_Rating,Placement_Rating,Hostel_Rating,Transport_Rating,Library_Rating,Sports_Rating,Overall_Rating
UNI001,Thakur College of Engineering and Technology,Mahārāshtra,https://www.tcetmumbai.in/,2024,Not Available,Not Available,Not Available,"Engineering: Computer Science (CSE), Civil, Mechanical, ICT","B.Tech CSE, MBA Finance, B.Sc","Computer Science, Mechanical Engineering, Civil Engineering, Management Studies, Applied Sciences","Minimum 60% aggregate in 10+2 (Physics, Chemistry, Mathematics/Biology)",2025 per semester,Not Available,Not Available,Not Available,Not Available,Not Available,Not Available,Not Available,Not Available,Not Available,Not Available,Not Available,Not Available,Not Available,Not Available,Not Available,Not Available,Not Available,Not Available,Not Available,Not Available,Not Available,Not Available,Not Available,Not Available,Not Available,Not Available,Not Available,Not Available,Not Available,Not Available,Not Available,Not Available,Not Available,Not Available,Not Available,Not Available,Not Available,Not Available,Not Available,Not Available,Not Available,Not Available,Not Available,Not Available,Not Available,Not Available,Not Available,Not Available,Not Available,Not Available,Not Available,Not Available,Not Available,Not Available,Not Available,Not Available
UNI002,Atharva College of Engineering,Mumbai,https://atharvacoe.ac.in/,Not Available,Not Available,Not Available,Not Available,"Engineering: Computer Science (CSE), Civil, Mechanical, ICT","B.Tech CSE, MBA Finance, B.Sc","Computer Science, Mechanical Engineering, Civil Engineering, Management Studies, Applied Sciences","Minimum 60% aggregate in 10+2 (Physics, Chemistry, Mathematics/Biology)",Not Available,Not Available,Not Available,Not Available,Not Available,Not Available,Not Available,Not Available,Not Available,Not Available,Not Available,Not Available,Not Available,Not Available,Not Available,Not Available,Not Available,Not Available,Not Available,Not Available,Not Available,Not Available,Not Available,Not Available,Not Available,Not Available,Not Available,Not Available,Not Available,Not Available,Not Available,Not Available,Not Available,Not Available,Not Available,Not Available,Not Available,Not Available,Not Available,Not Available,Not Available,Not Available,Not Available,Not Available,Not Available,Not Available,Not Available,Not Available,Not Available,Not Available,Not Available,Not Available,Not Available,Not Available,Not Available,Not Available,Not Available
UNI003,Bhagwan Parshuram Institute of Technology,Delhi,http://bpitindia.ac.in/,Not Available,Not Available,Not Available,Not Available,"Engineering: Computer Science (CSE), Civil, Mechanical, ICT","B.Tech CSE, MBA Finance, B.Sc","Computer Science, Mechanical Engineering, Civil Engineering, Management Studies, Applied Sciences","Minimum 60% aggregate in 10+2 (Physics, Chemistry, Mathematics/Biology)",2026 per semester,Not Available,Not Available,Not Available,Not Available,Not Available,Not Available,Not Available,Not Available,Not Available,Not Available,Not Available,Not Available,Not Available,Not Available,Not Available,Not Available,Not Available,Not Available,Not Available,Not Available,Not Available,Not Available,Not Available,Not Available,Not Available,Not Available,Not Available,Not Available,Not Available,Not Available,Not Available,Not Available,Not Available,Not Available,Not Available,Not Available,Not Available,Not Available,Not Available,Not Available,Not Available,Not Available,Not Available,Not Available,Not Available,Not Available,Not Available,Not Available,Not Available,Not Available,Not Available,Not Available,Not Available,Not Available,Not Available,Not Available
UNI004,University of Petroleum and Energy Studies,Dehradun,https://www.upes.ac.in/,Not Available,Not Available,Not Available,Not Available,"Engineering: CSE, Mechanical | Management: MBA, BBA | Science: B.Sc, M.Sc","B.Tech CSE, MBA Finance, B.Sc","Computer Science, Mechanical Engineering, Civil Engineering, Management Studies, Applied Sciences","Minimum 60% aggregate in 10+2 (Physics, Chemistry, Mathematics/Biology)",Not Available,Not Available,Not Available,Not Available,Not Available,Not Available,Not Available,Not Available,Not Available,Not Available,Not Available,Not Available,Not Available,Not Available,Not Available,Not Available,Not Available,Not Available,Not Available,Not Available,Not Available,Not Available,Not Available,Not Available,Not Available,Not Available,Not Available,Not Available,Not Available,Not Available,Not Available,Not Available,Not Available,Not Available,Not Available,Not Available,Not Available,Not Available,Not Available,Not Available,Not Available,Not Available,Not Available,Not Available,Not Available,Not Available,Not Available,Not Available,Not Available,Not Available,Not Available,Not Available,Not Available,Not Available,Not Available,Not Available,Not Available
UNI005,Ashoka University,Haryana,https://www.ashoka.edu.in/,2020,Not Available,Not Available,Not Available,"Engineering: CSE, Mechanical | Management: MBA, BBA | Science: B.Sc, M.Sc","B.Tech CSE, MBA Finance, B.Sc","Computer Science, Mechanical Engineering, Civil Engineering, Management Studies, Applied Sciences","Minimum 60% aggregate in 10+2 (Physics, Chemistry, Mathematics/Biology)",Not Available,Not Available,Not Available,Not Available,Not Available,Not Available,Not Available,Not Available,Not Available,Not Available,Not Available,Not Available,Not Available,Not Available,Not Available,Not Available,Not Available,Not Available,Not Available,Not Available,Not Available,Not Available,Not Available,Not Available,Not Available,Not Available,Not Available,Not Available,Not Available,Not Available,Not Available,Not Available,Not Available,Not Available,Not Available,Not Available,Not Available,Not Available,Not Available,Not Available,Not Available,Not Available,Not Available,Not Available,Not Available,Not Available,Not Available,Not Available,Not Available,Not Available,Not Available,Not Available,Not Available,Not Available,Not Available,Not Available,Not Available
UNI006,Indian Institute of Information Technology Sri City,Chittoor,https://www.iiits.ac.in/,Not Available,Not Available,Not Available,Not Available,"Engineering: Computer Science (CSE), Civil, Mechanical, ICT","B.Tech CSE, MBA Finance, B.Sc","Computer Science, Mechanical Engineering, Civil Engineering, Management Studies, Applied Sciences","Minimum 60% aggregate in 10+2 (Physics, Chemistry, Mathematics/Biology)",Not Available,Not Available,Not Available,Not Available,Not Available,Not Available,Not Available,Not Available,Not Available,Not Available,Not Available,Not Available,Not Available,Not Available,Not Available,Not Available,Not Available,Not Available,Not Available,Not Available,Not Available,Not Available,Not Available,Not Available,Not Available,Not Available,Not Available,Not Available,Not Available,Not Available,Not Available,Not Available,Not Available,Not Available,Not Available,Not Available,Not Available,Not Available,Not Available,Not Available,Not Available,Not Available,Not Available,Not Available,Not Available,Not Available,Not Available,Not Available,Not Available,Not Available,Not Available,Not Available,Not Available,Not Available,Not Available,Not Available,Not Available
UNI007,DAV Institute of Engineering & Technology,Punjab,http://www.davietjal.org/,2001,Not Available,Not Available,Not Available,"Engineering: Computer Science (CSE), Civil, Mechanical, ICT","B.Tech CSE, MBA Finance, B.Sc","Computer Science, Mechanical Engineering, Civil Engineering, Management Studies, Applied Sciences","Minimum 60% aggregate in 10+2 (Physics, Chemistry, Mathematics/Biology)",Not Available,Not Available,Not Available,Not Available,Not Available,Not Available,Not Available,Not Available,0 Lakh Per Annum,Not Available,Not Available,Not Available,Not Available,Not Available,Not Available,Not Available,Not Available,Not Available,Not Available,Not Available,2020,Not Available,Not Available,Not Available,Not Available,Not Available,Not Available,2025,Not Available,Not Available,Not Available,Not Available,Not Available,Not Available,Not Available,Not Available,Not Available,Not Available,Not Available,Not Available,Not Available,Not Available,Not Available,Not Available,Not Available,Not Available,Not Available,Not Available,Not Available,Not Available,Not Available,Not Available,Not Available,Not Available,Not Available,Not Available,Not Available
UNI008,Lovely Professional University,Punjab,http://www.lpu.in/,Not Available,Not Available,Not Available,Not Available,"Engineering: CSE, Mechanical | Management: MBA, BBA | Science: B.Sc, M.Sc","B.Tech CSE, MBA Finance, B.Sc","Computer Science, Mechanical Engineering, Civil Engineering, Management Studies, Applied Sciences","Minimum 60% aggregate in 10+2 (Physics, Chemistry, Mathematics/Biology)",Not Available,Not Available,Not Available,Not Available,Not Available,Not Available,Not Available,Not Available,Not Available,Not Available,Not Available,Not Available,Not Available,Not Available,Not Available,Not Available,Not Available,Not Available,Not Available,Not Available,Not Available,Not Available,Not Available,Not Available,Not Available,Not Available,Not Available,Not Available,Not Available,Not Available,Not Available,Not Available,Not Available,Not Available,Not Available,Not Available,Not Available,Not Available,Not Available,Not Available,Not Available,Not Available,Not Available,Not Available,Not Available,Not Available,Not Available,Not Available,Not Available,Not Available,Not Available,Not Available,Not Available,Not Available,Not Available,Not Available,Not Available
UNI009,Somaiya Vidyavihar,,https://somaiya.edu/,Not Available,Not Available,Not Available,Not Available,"Engineering: CSE, Mechanical | Management: MBA, BBA | Science: B.Sc, M.Sc","B.Tech CSE, MBA Finance, B.Sc","Computer Science, Mechanical Engineering, Civil Engineering, Management Studies, Applied Sciences","Minimum 60% aggregate in 10+2 (Physics, Chemistry, Mathematics/Biology)",Not Available,Not Available,Not Available,Not Available,Not Available,Not Available,Not Available,Not Available,Not Available,Not Available,Not Available,Not Available,Not Available,Not Available,Not Available,Not Available,Not Available,Not Available,Not Available,Not Available,Not Available,Not Available,Not Available,Not Available,Not Available,Not Available,Not Available,Not Available,Not Available,Not Available,Not Available,Not Available,Not Available,Not Available,Not Available,Not Available,Not Available,Not Available,Not Available,Not Available,Not Available,Not Available,Not Available,Not Available,Not Available,Not Available,Not Available,Not Available,Not Available,Not Available,Not Available,Not Available,Not Available,Not Available,Not Available,Not Available,Not Available
UNI010,NorthCap University,Haryana,http://www.ncuindia.edu/,Not Available,Not Available,Not Available,Not Available,"Engineering: CSE, Mechanical | Management: MBA, BBA | Science: B.Sc, M.Sc","B.Tech CSE, MBA Finance, B.Sc","Computer Science, Mechanical Engineering, Civil Engineering, Management Studies, Applied Sciences","Minimum 60% aggregate in 10+2 (Physics, Chemistry, Mathematics/Biology)",2026 per semester,Not Available,Not Available,Not Available,Not Available,Not Available,Not Available,Not Available,Not Available,Not Available,Not Available,Not Available,Not Available,Not Available,Not Available,Not Available,Not Available,Not Available,Not Available,Not Available,Not Available,Not Available,Not Available,Not Available,Not Available,Not Available,Not Available,Not Available,Not Available,Not Available,Not Available,Not Available,Not Available,Not Available,Not Available,Not Available,Not Available,Not Available,Not Available,Not Available,Not Available,Not Available,Not Available,Not Available,Not Available,Not Available,Not Available,Not Available,Not Available,Not Available,Not Available,Not Available,Not Available,Not Available,Not Available,Not Available,Not Available
UNI011,Dharamsinh Desai University,Gujarat,http://www.ddu.ac.in/,1989,Not Available,Not Available,Not Available,"Engineering: CSE, Mechanical | Management: MBA, BBA | Science: B.Sc, M.Sc","B.Tech CSE, MBA Finance, B.Sc","Computer Science, Mechanical Engineering, Civil Engineering, Management Studies, Applied Sciences","Minimum 60% aggregate in 10+2 (Physics, Chemistry, Mathematics/Biology)",Not Available,Not Available,Not Available,Not Available,Not Available,Not Available,Not Available,Not Available,Not Available,Not Available,Not Available,Not Available,Not Available,Not Available,Not Available,Not Available,Not Available,Not Available,Not Available,Not Available,Not Available,Not Available,Not Available,Not Available,Not Available,Not Available,Not Available,Not Available,Not Available,Not Available,Not Available,Not Available,Not Available,Not Available,Not Available,Not Available,Not Available,Not Available,Not Available,Not Available,Not Available,Not Available,Not Available,Not Available,Not Available,Not Available,Not Available,Not Available,Not Available,Not Available,Not Available,Not Available,Not Available,Not Available,Not Available,Not Available,Not Available
UNI012,University of Health Sciences Andhra Pradesh,Andhra Pradesh,http://ntruhs.ap.nic.in/,Not Available,Not Available,Not Available,Not Available,"Medical: MBBS, BDS, MD, B.Sc Nursing","B.Tech CSE, MBA Finance, B.Sc","Computer Science, Mechanical Engineering, Civil Engineering, Management Studies, Applied Sciences","Minimum 60% aggregate in 10+2 (Physics, Chemistry, Mathematics/Biology)",Not Available,Not Available,Not Available,Not Available,Not Available,Not Available,Not Available,Not Available,Not Available,Not Available,Not Available,Not Available,Not Available,Not Available,Not Available,Not Available,Not Available,Not Available,Not Available,Not Available,Not Available,Not Available,Not Available,Not Available,Not Available,Not Available,Not Available,Not Available,Not Available,Not Available,Not Available,Not Available,Not Available,Not Available,Not Available,Not Available,Not Available,Not Available,Not Available,Not Available,Not Available,Not Available,Not Available,Not Available,Not Available,Not Available,Not Available,Not Available,Not Available,Not Available,Not Available,Not Available,Not Available,Not Available,Not Available,Not Available,Not Available
UNI013,"Allahabad Agricultural Institute, Deemed University",,http://www.aaidu.org/,Not Available,Not Available,Not Available,Not Available,"Engineering: CSE, Mechanical | Management: MBA, BBA | Science: B.Sc, M.Sc","B.Tech CSE, MBA Finance, B.Sc","Computer Science, Mechanical Engineering, Civil Engineering, Management Studies, Applied Sciences","Minimum 60% aggregate in 10+2 (Physics, Chemistry, Mathematics/Biology)",Not Available,Not Available,Not Available,Not Available,Not Available,Not Available,Not Available,Not Available,Not Available,Not Available,Not Available,Not Available,Not Available,Not Available,Not Available,Not Available,Not Available,Not Available,Not Available,Not Available,Not Available,Not Available,Not Available,Not Available,Not Available,Not Available,Not Available,Not Available,Not Available,Not Available,Not Available,Not Available,Not Available,Not Available,Not Available,Not Available,Not Available,Not Available,Not Available,Not Available,Not Available,Not Available,Not Available,Not Available,Not Available,Not Available,Not Available,Not Available,Not Available,Not Available,Not Available,Not Available,Not Available,Not Available,Not Available,Not Available,Not Available
UNI014,Assam Agricultural University,Assam,http://www.aau.ac.in/,Not Available,Not Available,Not Available,Not Available,"Engineering: CSE, Mechanical | Management: MBA, BBA | Science: B.Sc, M.Sc","B.Tech CSE, MBA Finance, B.Sc","Computer Science, Mechanical Engineering, Civil Engineering, Management Studies, Applied Sciences","Minimum 60% aggregate in 10+2 (Physics, Chemistry, Mathematics/Biology)",Not Available,Not Available,Not Available,Not Available,Not Available,Not Available,Not Available,Not Available,Not Available,Not Available,Not Available,Not Available,Not Available,Not Available,Not Available,Not Available,Not Available,Not Available,Not Available,Not Available,Not Available,Not Available,Not Available,Not Available,Not Available,Not Available,Not Available,Not Available,Not Available,Not Available,Not Available,Not Available,Not Available,Not Available,Not Available,Not Available,Not Available,Not Available,Not Available,Not Available,Not Available,Not Available,Not Available,Not Available,Not Available,Not Available,Not Available,Not Available,Not Available,Not Available,Not Available,Not Available,Not Available,Not Available,Not Available,Not Available,Not Available
UNI015,Ahmedabad University,Gujarat,http://www.ahduni.edu.in/,Not Available,Not Available,Not Available,Not Available,"Engineering: CSE, Mechanical | Management: MBA, BBA | Science: B.Sc, M.Sc","B.Tech CSE, MBA Finance, B.Sc","Computer Science, Mechanical Engineering, Civil Engineering, Management Studies, Applied Sciences","Minimum 60% aggregate in 10+2 (Physics, Chemistry, Mathematics/Biology)",Not Available,Not Available,Not Available,Not Available,Not Available,Not Available,Not Available,Not Available,Not Available,Not Available,Not Available,Not Available,Not Available,Not Available,Not Available,Not Available,Not Available,Not Available,Not Available,Not Available,Not Available,Not Available,Not Available,Not Available,Not Available,Not Available,Not Available,Not Available,Not Available,Not Available,Not Available,Not Available,Not Available,Not Available,Not Available,Not Available,Not Available,Not Available,Not Available,Not Available,Not Available,Not Available,Not Available,Not Available,Not Available,Not Available,Not Available,Not Available,Not Available,Not Available,Not Available,Not Available,Not Available,Not Available,Not Available,Not Available,Not Available
UNI016,All India Institute of Medical Sciences,,http://www.aiims.ac.in/,Not Available,Not Available,Not Available,Not Available,"Medical: MBBS, BDS, MD, B.Sc Nursing","B.Tech CSE, MBA Finance, B.Sc","Computer Science, Mechanical Engineering, Civil Engineering, Management Studies, Applied Sciences","Minimum 60% aggregate in 10+2 (Physics, Chemistry, Mathematics/Biology)",Not Available,Not Available,Not Available,Not Available,Not Available,Not Available,Not Available,Not Available,Not Available,Not Available,Not Available,Not Available,Not Available,Not Available,Not Available,Not Available,Not Available,Not Available,Not Available,Not Available,Not Available,Not Available,Not Available,Not Available,Not Available,Not Available,Not Available,Not Available,Not Available,Not Available,Not Available,Not Available,Not Available,Not Available,Not Available,Not Available,Not Available,Not Available,Not Available,Not Available,Not Available,Not Available,Not Available,Not Available,Not Available,Not Available,Not Available,Not Available,Not Available,Not Available,Not Available,Not Available,Not Available,Not Available,Not Available,Not Available,Not Available
UNI017,AISECT University,,http://www.aisectuniversity.ac.in/,Not Available,Not Available,Not Available,Not Available,"Engineering: CSE, Mechanical | Management: MBA, BBA | Science: B.Sc, M.Sc","B.Tech CSE, MBA Finance, B.Sc","Computer Science, Mechanical Engineering, Civil Engineering, Management Studies, Applied Sciences","Minimum 60% aggregate in 10+2 (Physics, Chemistry, Mathematics/Biology)",Not Available,Not Available,Not Available,Not Available,Not Available,Not Available,Not Available,Not Available,Not Available,Not Available,Not Available,Not Available,Not Available,Not Available,Not Available,Not Available,Not Available,Not Available,Not Available,Not Available,Not Available,Not Available,Not Available,Not Available,Not Available,Not Available,Not Available,Not Available,Not Available,Not Available,Not Available,Not Available,Not Available,Not Available,Not Available,Not Available,Not Available,Not Available,Not Available,Not Available,Not Available,Not Available,Not Available,Not Available,Not Available,Not Available,Not Available,Not Available,Not Available,Not Available,Not Available,Not Available,Not Available,Not Available,Not Available,Not Available,Not Available
UNI018,Alagappa University,Tamil Nadu,http://www.alagappauniversity.ac.in/,Not Available,Not Available,Not Available,Not Available,"Engineering: CSE, Mechanical | Management: MBA, BBA | Science: B.Sc, M.Sc","B.Tech CSE, MBA Finance, B.Sc","Computer Science, Mechanical Engineering, Civil Engineering, Management Studies, Applied Sciences","Minimum 60% aggregate in 10+2 (Physics, Chemistry, Mathematics/Biology)",Not Available,Not Available,Not Available,Not Available,Not Available,Not Available,Not Available,Not Available,Not Available,Not Available,Not Available,Not Available,Not Available,Not Available,Not Available,Not Available,Not Available,Not Available,Not Available,Not Available,Not Available,Not Available,Not Available,Not Available,Not Available,Not Available,Not Available,Not Available,Not Available,Not Available,Not Available,Not Available,Not Available,Not Available,Not Available,Not Available,Not Available,Not Available,Not Available,Not Available,Not Available,Not Available,Not Available,Not Available,Not Available,Not Available,Not Available,Not Available,Not Available,Not Available,Not Available,Not Available,Not Available,Not Available,Not Available,Not Available,Not Available
UNI019,Allahabad University,Uttar Pradesh,http://www.alldunivpio.org/,Not Available,Not Available,Not Available,Not Available,"Engineering: CSE, Mechanical | Management: MBA, BBA | Science: B.Sc, M.Sc","B.Tech CSE, MBA Finance, B.Sc","Computer Science, Mechanical Engineering, Civil Engineering, Management Studies, Applied Sciences","Minimum 60% aggregate in 10+2 (Physics, Chemistry, Mathematics/Biology)",Not Available,Not Available,Not Available,Not Available,Not Available,Not Available,Not Available,Not Available,Not Available,Not Available,Not Available,Not Available,Not Available,Not Available,Not Available,Not Available,Not Available,Not Available,Not Available,Not Available,Not Available,Not Available,Not Available,Not Available,Not Available,Not Available,Not Available,Not Available,Not Available,Not Available,Not Available,Not Available,Not Available,Not Available,Not Available,Not Available,Not Available,Not Available,Not Available,Not Available,Not Available,Not Available,Not Available,Not Available,Not Available,Not Available,Not Available,Not Available,Not Available,Not Available,Not Available,Not Available,Not Available,Not Available,Not Available,Not Available,Not Available
UNI020,Open International University for Alternative Medicines,,http://www.altmeduniversity.com/,Not Available,Not Available,Not Available,Not Available,"Engineering: CSE, Mechanical | Management: MBA, BBA | Science: B.Sc, M.Sc","B.Tech CSE, MBA Finance, B.Sc","Computer Science, Mechanical Engineering, Civil Engineering, Management Studies, Applied Sciences","Minimum 60% aggregate in 10+2 (Physics, Chemistry, Mathematics/Biology)",Not Available,Not Available,Not Available,Not Available,Not Available,Not Available,Not Available,Not Available,Not Available,Not Available,Not Available,Not Available,Not Available,Not Available,Not Available,Not Available,Not Available,Not Available,Not Available,Not Available,Not Available,Not Available,Not Available,Not Available,Not Available,Not Available,Not Available,Not Available,Not Available,Not Available,Not Available,Not Available,Not Available,Not Available,Not Available,Not Available,Not Available,Not Available,Not Available,Not Available,Not Available,Not Available,Not Available,Not Available,Not Available,Not Available,Not Available,Not Available,Not Available,Not Available,Not Available,Not Available,Not Available,Not Available,Not Available,Not Available,Not Available
UNI021,Indian Board of Alternative Medicine,West Bengal,http://www.altmedworld.net/,Not Available,Not Available,Not Available,Not Available,"Engineering: CSE, Mechanical | Management: MBA, BBA | Science: B.Sc, M.Sc","B.Tech CSE, MBA Finance, B.Sc","Computer Science, Mechanical Engineering, Civil Engineering, Management Studies, Applied Sciences","Minimum 60% aggregate in 10+2 (Physics, Chemistry, Mathematics/Biology)",Not Available,Not Available,Not Available,Not Available,Not Available,Not Available,Not Available,Not Available,Not Available,Not Available,Not Available,Not Available,Not Available,Not Available,Not Available,Not Available,Not Available,Not Available,Not Available,Not Available,Not Available,Not Available,Not Available,Not Available,Not Available,Not Available,Not Available,Not Available,Not Available,Not Available,Not Available,Not Available,Not Available,Not Available,Not Available,Not Available,Not Available,Not Available,Not Available,Not Available,Not Available,Not Available,Not Available,Not Available,Not Available,Not Available,Not Available,Not Available,Not Available,Not Available,Not Available,Not Available,Not Available,Not Available,Not Available,Not Available,Not Available
UNI022,Amity University,Uttar Pradesh,http://www.amity.edu/,Not Available,Not Available,Not Available,Not Available,"Engineering: CSE, Mechanical | Management: MBA, BBA | Science: B.Sc, M.Sc","B.Tech CSE, MBA Finance, B.Sc","Computer Science, Mechanical Engineering, Civil Engineering, Management Studies, Applied Sciences","Minimum 60% aggregate in 10+2 (Physics, Chemistry, Mathematics/Biology)",Not Available,Not Available,Not Available,Not Available,Not Available,Not Available,Not Available,Not Available,Not Available,Not Available,Not Available,Not Available,Not Available,Not Available,Not Available,Not Available,Not Available,Not Available,Not Available,Not Available,Not Available,Not Available,Not Available,Not Available,Not Available,Not Available,Not Available,Not Available,Not Available,Not Available,Not Available,Not Available,Not Available,Not Available,Not Available,Not Available,Not Available,Not Available,Not Available,Not Available,Not Available,Not Available,Not Available,Not Available,Not Available,Not Available,Not Available,Not Available,Not Available,Not Available,Not Available,Not Available,Not Available,Not Available,Not Available,Not Available,Not Available
UNI023,Amrita Vishwa Vidyapeetham,Tamil Nadu,http://www.amrita.edu/,Not Available,Not Available,Not Available,Not Available,"Engineering: CSE, Mechanical | Management: MBA, BBA | Science: B.Sc, M.Sc","B.Tech CSE, MBA Finance, B.Sc","Computer Science, Mechanical Engineering, Civil Engineering, Management Studies, Applied Sciences","Minimum 60% aggregate in 10+2 (Physics, Chemistry, Mathematics/Biology)",Not Available,Not Available,Not Available,Not Available,Not Available,Not Available,Not Available,Not Available,Not Available,Not Available,Not Available,Not Available,Not Available,Not Available,Not Available,Not Available,Not Available,Not Available,Not Available,Not Available,Not Available,Not Available,Not Available,Not Available,Not Available,Not Available,Not Available,Not Available,Not Available,Not Available,Not Available,Not Available,Not Available,Not Available,Not Available,Not Available,Not Available,Not Available,Not Available,Not Available,Not Available,Not Available,Not Available,Not Available,Not Available,Not Available,Not Available,Not Available,Not Available,Not Available,Not Available,Not Available,Not Available,Not Available,Not Available,Not Available,Not Available
UNI024,Amravati University,,http://www.amtuni.com/,Not Available,Not Available,Not Available,Not Available,"Engineering: CSE, Mechanical | Management: MBA, BBA | Science: B.Sc, M.Sc","B.Tech CSE, MBA Finance, B.Sc","Computer Science, Mechanical Engineering, Civil Engineering, Management Studies, Applied Sciences","Minimum 60% aggregate in 10+2 (Physics, Chemistry, Mathematics/Biology)",Not Available,Not Available,Not Available,Not Available,Not Available,Not Available,Not Available,Not Available,Not Available,Not Available,Not Available,Not Available,Not Available,Not Available,Not Available,Not Available,Not Available,Not Available,Not Available,Not Available,Not Available,Not Available,Not Available,Not Available,Not Available,Not Available,Not Available,Not Available,Not Available,Not Available,Not Available,Not Available,Not Available,Not Available,Not Available,Not Available,Not Available,Not Available,Not Available,Not Available,Not Available,Not Available,Not Available,Not Available,Not Available,Not Available,Not Available,Not Available,Not Available,Not Available,Not Available,Not Available,Not Available,Not Available,Not Available,Not Available,Not Available
UNI025,Aligarh Muslim University,Uttar Pradesh,http://www.amu.ac.in/,Not Available,Not Available,Not Available,Not Available,"Engineering: CSE, Mechanical | Management: MBA, BBA | Science: B.Sc, M.Sc","B.Tech CSE, MBA Finance, B.Sc","Computer Science, Mechanical Engineering, Civil Engineering, Management Studies, Applied Sciences","Minimum 60% aggregate in 10+2 (Physics, Chemistry, Mathematics/Biology)",Not Available,Not Available,Not Available,Not Available,Not Available,Not Available,Not Available,Not Available,Not Available,Not Available,Not Available,Not Available,Not Available,Not Available,Not Available,Not Available,Not Available,Not Available,Not Available,Not Available,Not Available,Not Available,Not Available,Not Available,Not Available,Not Available,Not Available,Not Available,Not Available,Not Available,Not Available,Not Available,Not Available,Not Available,Not Available,Not Available,Not Available,Not Available,Not Available,Not Available,Not Available,Not Available,Not Available,Not Available,Not Available,Not Available,Not Available,Not Available,Not Available,Not Available,Not Available,Not Available,Not Available,Not Available,Not Available,Not Available,Not Available
UNI026,Andhra University,Andhra Pradesh,http://www.andhrauniversity.info/,Not Available,Not Available,Not Available,Not Available,"Engineering: CSE, Mechanical | Management: MBA, BBA | Science: B.Sc, M.Sc","B.Tech CSE, MBA Finance, B.Sc","Computer Science, Mechanical Engineering, Civil Engineering, Management Studies, Applied Sciences","Minimum 60% aggregate in 10+2 (Physics, Chemistry, Mathematics/Biology)",Not Available,Not Available,Not Available,Not Available,Not Available,Not Available,Not Available,Not Available,Not Available,Not Available,Not Available,Not Available,Not Available,Not Available,Not Available,Not Available,Not Available,Not Available,Not Available,Not Available,Not Available,Not Available,Not Available,Not Available,Not Available,Not Available,Not Available,Not Available,Not Available,Not Available,Not Available,Not Available,Not Available,Not Available,Not Available,Not Available,Not Available,Not Available,Not Available,Not Available,Not Available,Not Available,Not Available,Not Available,Not Available,Not Available,Not Available,Not Available,Not Available,Not Available,Not Available,Not Available,Not Available,Not Available,Not Available,Not Available,Not Available
UNI027,Acharya Ranga Agricultural University,,http://www.angrau.net/,Not Available,Not Available,Not Available,Not Available,"Engineering: CSE, Mechanical | Management: MBA, BBA | Science: B.Sc, M.Sc","B.Tech CSE, MBA Finance, B.Sc","Computer Science, Mechanical Engineering, Civil Engineering, Management Studies, Applied Sciences","Minimum 60% aggregate in 10+2 (Physics, Chemistry, Mathematics/Biology)",Not Available,Not Available,Not Available,Not Available,Not Available,Not Available,Not Available,Not Available,Not Available,Not Available,Not Available,Not Available,Not Available,Not Available,Not Available,Not Available,Not Available,Not Available,Not Available,Not Available,Not Available,Not Available,Not Available,Not Available,Not Available,Not Available,Not Available,Not Available,Not Available,Not Available,Not Available,Not Available,Not Available,Not Available,Not Available,Not Available,Not Available,Not Available,Not Available,Not Available,Not Available,Not Available,Not Available,Not Available,Not Available,Not Available,Not Available,Not Available,Not Available,Not Available,Not Available,Not Available,Not Available,Not Available,Not Available,Not Available,Not Available
UNI028,Annamalai University,Tamil Nadu,http://www.annamalaiuniversity.ac.in/,Not Available,Not Available,Not Available,Not Available,"Engineering: CSE, Mechanical | Management: MBA, BBA | Science: B.Sc, M.Sc","B.Tech CSE, MBA Finance, B.Sc","Computer Science, Mechanical Engineering, Civil Engineering, Management Studies, Applied Sciences","Minimum 60% aggregate in 10+2 (Physics, Chemistry, Mathematics/Biology)",Not Available,Not Available,Not Available,Not Available,Not Available,Not Available,Not Available,Not Available,Not Available,Not Available,Not Available,Not Available,Not Available,Not Available,Not Available,Not Available,Not Available,Not Available,Not Available,Not Available,Not Available,Not Available,Not Available,Not Available,Not Available,Not Available,Not Available,Not Available,Not Available,Not Available,Not Available,Not Available,Not Available,Not Available,Not Available,Not Available,Not Available,Not Available,Not Available,Not Available,Not Available,Not Available,Not Available,Not Available,Not Available,Not Available,Not Available,Not Available,Not Available,Not Available,Not Available,Not Available,Not Available,Not Available,Not Available,Not Available,Not Available
UNI029,"Anna University of Technology, Tirunelveli",Tamil Nadu,http://www.annauniv.edu.in/,Not Available,Not Available,Not Available,Not Available,"Engineering: Computer Science (CSE), Civil, Mechanical, ICT","B.Tech CSE, MBA Finance, B.Sc","Computer Science, Mechanical Engineering, Civil Engineering, Management Studies, Applied Sciences","Minimum 60% aggregate in 10+2 (Physics, Chemistry, Mathematics/Biology)",Not Available,Not Available,Not Available,Not Available,Not Available,Not Available,Not Available,Not Available,Not Available,Not Available,Not Available,Not Available,Not Available,Not Available,Not Available,Not Available,Not Available,Not Available,Not Available,Not Available,Not Available,Not Available,Not Available,Not Available,Not Available,Not Available,Not Available,Not Available,Not Available,Not Available,Not Available,Not Available,Not Available,Not Available,Not Available,Not Available,Not Available,Not Available,Not Available,Not Available,Not Available,Not Available,Not Available,Not Available,Not Available,Not Available,Not Available,Not Available,Not Available,Not Available,Not Available,Not Available,Not Available,Not Available,Not Available,Not Available,Not Available
UNI030,Anna University,Tamil Nadu,http://www.annauniv.edu/,1944,Not Available,Not Available,Not Available,"Engineering: CSE, Mechanical | Management: MBA, BBA | Science: B.Sc, M.Sc","B.Tech CSE, MBA Finance, B.Sc","Computer Science, Mechanical Engineering, Civil Engineering, Management Studies, Applied Sciences","Minimum 60% aggregate in 10+2 (Physics, Chemistry, Mathematics/Biology)",Not Available,Not Available,Not Available,Not Available,Not Available,Not Available,Not Available,Not Available,Not Available,Not Available,Not Available,Not Available,Not Available,Not Available,Not Available,Not Available,Not Available,Not Available,Not Available,Not Available,1935,Not Available,Not Available,Not Available,Not Available,Not Available,Not Available,Not Available,Not Available,Not Available,Not Available,Not Available,Not Available,Not Available,Not Available,Not Available,Not Available,Not Available,Not Available,Not Available,Not Available,Not Available,Not Available,Not Available,Not Available,Not Available,Not Available,Not Available,Not Available,Not Available,Not Available,Not Available,Not Available,Not Available,Not Available,Not Available,Not Available
UNI031,Awadhesh Pratap Singh University,Madhya Pradesh,http://www.apsurewa.nic.in/,Not Available,Not Available,Not Available,Not Available,"Engineering: CSE, Mechanical | Management: MBA, BBA | Science: B.Sc, M.Sc","B.Tech CSE, MBA Finance, B.Sc","Computer Science, Mechanical Engineering, Civil Engineering, Management Studies, Applied Sciences","Minimum 60% aggregate in 10+2 (Physics, Chemistry, Mathematics/Biology)",Not Available,Not Available,Not Available,Not Available,Not Available,Not Available,Not Available,Not Available,Not Available,Not Available,Not Available,Not Available,Not Available,Not Available,Not Available,Not Available,Not Available,Not Available,Not Available,Not Available,Not Available,Not Available,Not Available,Not Available,Not Available,Not Available,Not Available,Not Available,Not Available,Not Available,Not Available,Not Available,Not Available,Not Available,Not Available,Not Available,Not Available,Not Available,Not Available,Not Available,Not Available,Not Available,Not Available,Not Available,Not Available,Not Available,Not Available,Not Available,Not Available,Not Available,Not Available,Not Available,Not Available,Not Available,Not Available,Not Available,Not Available
UNI032,ARYA Institute of Engineering & Technology,Rajasthan,http://www.aryainstitutejpr.com/,Not Available,Not Available,Not Available,Not Available,"Engineering: Computer Science (CSE), Civil, Mechanical, ICT","B.Tech CSE, MBA Finance, B.Sc","Computer Science, Mechanical Engineering, Civil Engineering, Management Studies, Applied Sciences","Minimum 60% aggregate in 10+2 (Physics, Chemistry, Mathematics/Biology)",Not Available,Not Available,Not Available,Not Available,Not Available,Not Available,Not Available,Not Available,Not Available,Not Available,Not Available,Not Available,Not Available,Not Available,Not Available,Not Available,Not Available,Not Available,Not Available,Not Available,Not Available,Not Available,Not Available,Not Available,Not Available,Not Available,Not Available,Not Available,Not Available,Not Available,Not Available,Not Available,Not Available,Not Available,Not Available,Not Available,Not Available,Not Available,Not Available,Not Available,Not Available,Not Available,Not Available,Not Available,Not Available,Not Available,Not Available,Not Available,Not Available,Not Available,Not Available,Not Available,Not Available,Not Available,Not Available,Not Available,Not Available
UNI033,Assam University,Assam,http://www.assamuniversity.nic.in/,Not Available,Not Available,Not Available,Not Available,"Engineering: CSE, Mechanical | Management: MBA, BBA | Science: B.Sc, M.Sc","B.Tech CSE, MBA Finance, B.Sc","Computer Science, Mechanical Engineering, Civil Engineering, Management Studies, Applied Sciences","Minimum 60% aggregate in 10+2 (Physics, Chemistry, Mathematics/Biology)",Not Available,Not Available,Not Available,Not Available,Not Available,Not Available,Not Available,Not Available,Not Available,Not Available,Not Available,Not Available,Not Available,Not Available,Not Available,Not Available,Not Available,Not Available,Not Available,Not Available,Not Available,Not Available,Not Available,Not Available,Not Available,Not Available,Not Available,Not Available,Not Available,Not Available,Not Available,Not Available,Not Available,Not Available,Not Available,Not Available,Not Available,Not Available,Not Available,Not Available,Not Available,Not Available,Not Available,Not Available,Not Available,Not Available,Not Available,Not Available,Not Available,Not Available,Not Available,Not Available,Not Available,Not Available,Not Available,Not Available,Not Available
UNI034,Gujarat Ayurved University,Gujarat,http://www.ayurveduniversity.com/,1965,Not Available,Not Available,Not Available,"Engineering: CSE, Mechanical | Management: MBA, BBA | Science: B.Sc, M.Sc","B.Tech CSE, MBA Finance, B.Sc","Computer Science, Mechanical Engineering, Civil Engineering, Management Studies, Applied Sciences","Minimum 60% aggregate in 10+2 (Physics, Chemistry, Mathematics/Biology)",Not Available,Not Available,Not Available,Not Available,Not Available,Not Available,Not Available,Not Available,Not Available,Not Available,Not Available,Not Available,Not Available,Not Available,Not Available,Not Available,Not Available,Not Available,Not Available,Not Available,Not Available,Not Available,Not Available,Not Available,Not Available,Not Available,Not Available,Not Available,Not Available,Not Available,Not Available,Not Available,Not Available,Not Available,Not Available,Not Available,Not Available,Not Available,Not Available,Not Available,Not Available,Not Available,Not Available,Not Available,Not Available,Not Available,Not Available,Not Available,Not Available,Not Available,Not Available,Not Available,Not Available,Not Available,Not Available,Not Available,Not Available
UNI035,Dr. Babasaheb Ambedkar Marathwada Universtiy,,http://www.bamu.net/,Not Available,Not Available,Not Available,Not Available,"Engineering: CSE, Mechanical | Management: MBA, BBA | Science: B.Sc, M.Sc","B.Tech CSE, MBA Finance, B.Sc","Computer Science, Mechanical Engineering, Civil Engineering, Management Studies, Applied Sciences","Minimum 60% aggregate in 10+2 (Physics, Chemistry, Mathematics/Biology)",Not Available,Not Available,Not Available,Not Available,Not Available,Not Available,Not Available,Not Available,Not Available,Not Available,Not Available,Not Available,Not Available,Not Available,Not Available,Not Available,Not Available,Not Available,Not Available,Not Available,Not Available,Not Available,Not Available,Not Available,Not Available,Not Available,Not Available,Not Available,Not Available,Not Available,Not Available,Not Available,Not Available,Not Available,Not Available,Not Available,Not Available,Not Available,Not Available,Not Available,Not Available,Not Available,Not Available,Not Available,Not Available,Not Available,Not Available,Not Available,Not Available,Not Available,Not Available,Not Available,Not Available,Not Available,Not Available,Not Available,Not Available
UNI036,Berhampur University,,http://www.bamu.nic.in/,Not Available,Not Available,Not Available,Not Available,"Engineering: CSE, Mechanical | Management: MBA, BBA | Science: B.Sc, M.Sc","B.Tech CSE, MBA Finance, B.Sc","Computer Science, Mechanical Engineering, Civil Engineering, Management Studies, Applied Sciences","Minimum 60% aggregate in 10+2 (Physics, Chemistry, Mathematics/Biology)",Not Available,Not Available,Not Available,Not Available,Not Available,Not Available,Not Available,Not Available,Not Available,Not Available,Not Available,Not Available,Not Available,Not Available,Not Available,Not Available,Not Available,Not Available,Not Available,Not Available,Not Available,Not Available,Not Available,Not Available,Not Available,Not Available,Not Available,Not Available,Not Available,Not Available,Not Available,Not Available,Not Available,Not Available,Not Available,Not Available,Not Available,Not Available,Not Available,Not Available,Not Available,Not Available,Not Available,Not Available,Not Available,Not Available,Not Available,Not Available,Not Available,Not Available,Not Available,Not Available,Not Available,Not Available,Not Available,Not Available,Not Available
UNI037,Banasthali University,,http://www.banasthali.org/,Not Available,Not Available,Not Available,Not Available,"Engineering: CSE, Mechanical | Management: MBA, BBA | Science: B.Sc, M.Sc","B.Tech CSE, MBA Finance, B.Sc","Computer Science, Mechanical Engineering, Civil Engineering, Management Studies, Applied Sciences","Minimum 60% aggregate in 10+2 (Physics, Chemistry, Mathematics/Biology)",Not Available,Not Available,Not Available,Not Available,Not Available,Not Available,Not Available,Not Available,Not Available,Not Available,Not Available,Not Available,Not Available,Not Available,Not Available,Not Available,Not Available,Not Available,Not Available,Not Available,Not Available,Not Available,Not Available,Not Available,Not Available,Not Available,Not Available,Not Available,Not Available,Not Available,Not Available,Not Available,Not Available,Not Available,Not Available,Not Available,Not Available,Not Available,Not Available,Not Available,Not Available,Not Available,Not Available,Not Available,Not Available,Not Available,Not Available,Not Available,Not Available,Not Available,Not Available,Not Available,Not Available,Not Available,Not Available,Not Available,Not Available
UNI038,Bankura University,,http://www.bankurauniv.com/,Not Available,Not Available,Not Available,Not Available,"Engineering: CSE, Mechanical | Management: MBA, BBA | Science: B.Sc, M.Sc","B.Tech CSE, MBA Finance, B.Sc","Computer Science, Mechanical Engineering, Civil Engineering, Management Studies, Applied Sciences","Minimum 60% aggregate in 10+2 (Physics, Chemistry, Mathematics/Biology)",Not Available,Not Available,Not Available,Not Available,Not Available,Not Available,Not Available,Not Available,Not Available,Not Available,Not Available,Not Available,Not Available,Not Available,Not Available,Not Available,Not Available,Not Available,Not Available,Not Available,Not Available,Not Available,Not Available,Not Available,Not Available,Not Available,Not Available,Not Available,Not Available,Not Available,Not Available,Not Available,Not Available,Not Available,Not Available,Not Available,Not Available,Not Available,Not Available,Not Available,Not Available,Not Available,Not Available,Not Available,Not Available,Not Available,Not Available,Not Available,Not Available,Not Available,Not Available,Not Available,Not Available,Not Available,Not Available,Not Available,Not Available
UNI039,Birsa Agricultural University,,http://www.bau.nic.in/,Not Available,Not Available,Not Available,Not Available,"Engineering: CSE, Mechanical | Management: MBA, BBA | Science: B.Sc, M.Sc","B.Tech CSE, MBA Finance, B.Sc","Computer Science, Mechanical Engineering, Civil Engineering, Management Studies, Applied Sciences","Minimum 60% aggregate in 10+2 (Physics, Chemistry, Mathematics/Biology)",Not Available,Not Available,Not Available,Not Available,Not Available,Not Available,Not Available,Not Available,Not Available,Not Available,Not Available,Not Available,Not Available,Not Available,Not Available,Not Available,Not Available,Not Available,Not Available,Not Available,Not Available,Not Available,Not Available,Not Available,Not Available,Not Available,Not Available,Not Available,Not Available,Not Available,Not Available,Not Available,Not Available,Not Available,Not Available,Not Available,Not Available,Not Available,Not Available,Not Available,Not Available,Not Available,Not Available,Not Available,Not Available,Not Available,Not Available,Not Available,Not Available,Not Available,Not Available,Not Available,Not Available,Not Available,Not Available,Not Available,Not Available
UNI040,Babasaheb Bhimrao Ambedkar University,,http://www.bbauindia.org/,Not Available,Not Available,Not Available,Not Available,"Engineering: CSE, Mechanical | Management: MBA, BBA | Science: B.Sc, M.Sc","B.Tech CSE, MBA Finance, B.Sc","Computer Science, Mechanical Engineering, Civil Engineering, Management Studies, Applied Sciences","Minimum 60% aggregate in 10+2 (Physics, Chemistry, Mathematics/Biology)",Not Available,Not Available,Not Available,Not Available,Not Available,Not Available,Not Available,Not Available,Not Available,Not Available,Not Available,Not Available,Not Available,Not Available,Not Available,Not Available,Not Available,Not Available,Not Available,Not Available,Not Available,Not Available,Not Available,Not Available,Not Available,Not Available,Not Available,Not Available,Not Available,Not Available,Not Available,Not Available,Not Available,Not Available,Not Available,Not Available,Not Available,Not Available,Not Available,Not Available,Not Available,Not Available,Not Available,Not Available,Not Available,Not Available,Not Available,Not Available,Not Available,Not Available,Not Available,Not Available,Not Available,Not Available,Not Available,Not Available,Not Available
UNI041,Bidhan Chandra Agricultural University,,http://www.bckv.edu.in/,Not Available,Not Available,Not Available,Not Available,"Engineering: CSE, Mechanical | Management: MBA, BBA | Science: B.Sc, M.Sc","B.Tech CSE, MBA Finance, B.Sc","Computer Science, Mechanical Engineering, Civil Engineering, Management Studies, Applied Sciences","Minimum 60% aggregate in 10+2 (Physics, Chemistry, Mathematics/Biology)",Not Available,Not Available,Not Available,Not Available,Not Available,Not Available,Not Available,Not Available,Not Available,Not Available,Not Available,Not Available,Not Available,Not Available,Not Available,Not Available,Not Available,Not Available,Not Available,Not Available,Not Available,Not Available,Not Available,Not Available,Not Available,Not Available,Not Available,Not Available,Not Available,Not Available,Not Available,Not Available,Not Available,Not Available,Not Available,Not Available,Not Available,Not Available,Not Available,Not Available,Not Available,Not Available,Not Available,Not Available,Not Available,Not Available,Not Available,Not Available,Not Available,Not Available,Not Available,Not Available,Not Available,Not Available,Not Available,Not Available,Not Available
UNI042,Bharathidasan University,,http://www.bdu.ernet.in/,Not Available,Not Available,Not Available,Not Available,"Engineering: CSE, Mechanical | Management: MBA, BBA | Science: B.Sc, M.Sc","B.Tech CSE, MBA Finance, B.Sc","Computer Science, Mechanical Engineering, Civil Engineering, Management Studies, Applied Sciences","Minimum 60% aggregate in 10+2 (Physics, Chemistry, Mathematics/Biology)",Not Available,Not Available,Not Available,Not Available,Not Available,Not Available,Not Available,Not Available,Not Available,Not Available,Not Available,Not Available,Not Available,Not Available,Not Available,Not Available,Not Available,Not Available,Not Available,Not Available,Not Available,Not Available,Not Available,Not Available,Not Available,Not Available,Not Available,Not Available,Not Available,Not Available,Not Available,Not Available,Not Available,Not Available,Not Available,Not Available,Not Available,Not Available,Not Available,Not Available,Not Available,Not Available,Not Available,Not Available,Not Available,Not Available,Not Available,Not Available,Not Available,Not Available,Not Available,Not Available,Not Available,Not Available,Not Available,Not Available,Not Available
UNI043,Bengal Engineering College,West Bengal,http://www.becs.ac.in/,Not Available,Not Available,Not Available,Not Available,"Engineering: Computer Science (CSE), Civil, Mechanical, ICT","B.Tech CSE, MBA Finance, B.Sc","Computer Science, Mechanical Engineering, Civil Engineering, Management Studies, Applied Sciences","Minimum 60% aggregate in 10+2 (Physics, Chemistry, Mathematics/Biology)",Not Available,Not Available,Not Available,Not Available,Not Available,Not Available,Not Available,Not Available,Not Available,Not Available,Not Available,Not Available,Not Available,Not Available,Not Available,Not Available,Not Available,Not Available,Not Available,Not Available,Not Available,Not Available,Not Available,Not Available,Not Available,Not Available,Not Available,Not Available,Not Available,Not Available,Not Available,Not Available,Not Available,Not Available,Not Available,Not Available,Not Available,Not Available,Not Available,Not Available,Not Available,Not Available,Not Available,Not Available,Not Available,Not Available,Not Available,Not Available,Not Available,Not Available,Not Available,Not Available,Not Available,Not Available,Not Available,Not Available,Not Available
UNI044,Bangalore University,Karnataka,http://bengaluruuniversity.com/,Not Available,Not Available,Not Available,Not Available,"Engineering: CSE, Mechanical | Management: MBA, BBA | Science: B.Sc, M.Sc","B.Tech CSE, MBA Finance, B.Sc","Computer Science, Mechanical Engineering, Civil Engineering, Management Studies, Applied Sciences","Minimum 60% aggregate in 10+2 (Physics, Chemistry, Mathematics/Biology)",Not Available,Not Available,Not Available,Not Available,Not Available,Not Available,Not Available,Not Available,Not Available,Not Available,Not Available,Not Available,Not Available,Not Available,Not Available,Not Available,Not Available,Not Available,Not Available,Not Available,Not Available,Not Available,Not Available,Not Available,Not Available,Not Available,Not Available,Not Available,Not Available,Not Available,Not Available,Not Available,Not Available,Not Available,Not Available,Not Available,Not Available,Not Available,Not Available,Not Available,Not Available,Not Available,Not Available,Not Available,Not Available,Not Available,Not Available,Not Available,Not Available,Not Available,Not Available,Not Available,Not Available,Not Available,Not Available,Not Available,Not Available
UNI045,Bhagwant University,,http://www.bhagwantuniversity.com/,Not Available,Not Available,Not Available,Not Available,"Engineering: CSE, Mechanical | Management: MBA, BBA | Science: B.Sc, M.Sc","B.Tech CSE, MBA Finance, B.Sc","Computer Science, Mechanical Engineering, Civil Engineering, Management Studies, Applied Sciences","Minimum 60% aggregate in 10+2 (Physics, Chemistry, Mathematics/Biology)",Not Available,Not Available,Not Available,Not Available,Not Available,Not Available,Not Available,Not Available,Not Available,Not Available,Not Available,Not Available,Not Available,Not Available,Not Available,Not Available,Not Available,Not Available,Not Available,Not Available,Not Available,Not Available,Not Available,Not Available,Not Available,Not Available,Not Available,Not Available,Not Available,Not Available,Not Available,Not Available,Not Available,Not Available,Not Available,Not Available,Not Available,Not Available,Not Available,Not Available,Not Available,Not Available,Not Available,Not Available,Not Available,Not Available,Not Available,Not Available,Not Available,Not Available,Not Available,Not Available,Not Available,Not Available,Not Available,Not Available,Not Available
UNI046,Bharathiar University,Tamil Nadu,http://www.bharathi.ernet.in/,Not Available,Not Available,Not Available,Not Available,"Engineering: CSE, Mechanical | Management: MBA, BBA | Science: B.Sc, M.Sc","B.Tech CSE, MBA Finance, B.Sc","Computer Science, Mechanical Engineering, Civil Engineering, Management Studies, Applied Sciences","Minimum 60% aggregate in 10+2 (Physics, Chemistry, Mathematics/Biology)",Not Available,Not Available,Not Available,Not Available,Not Available,Not Available,Not Available,Not Available,Not Available,Not Available,Not Available,Not Available,Not Available,Not Available,Not Available,Not Available,Not Available,Not Available,Not Available,Not Available,Not Available,Not Available,Not Available,Not Available,Not Available,Not Available,Not Available,Not Available,Not Available,Not Available,Not Available,Not Available,Not Available,Not Available,Not Available,Not Available,Not Available,Not Available,Not Available,Not Available,Not Available,Not Available,Not Available,Not Available,Not Available,Not Available,Not Available,Not Available,Not Available,Not Available,Not Available,Not Available,Not Available,Not Available,Not Available,Not Available,Not Available
UNI047,Bharath Institue Of Higher Education & Research,Tamil Nadu,http://www.bharathuniv.com/,Not Available,Not Available,Not Available,Not Available,"Engineering: CSE, Mechanical | Management: MBA, BBA | Science: B.Sc, M.Sc","B.Tech CSE, MBA Finance, B.Sc","Computer Science, Mechanical Engineering, Civil Engineering, Management Studies, Applied Sciences","Minimum 60% aggregate in 10+2 (Physics, Chemistry, Mathematics/Biology)",Not Available,Not Available,Not Available,Not Available,Not Available,Not Available,Not Available,Not Available,Not Available,Not Available,Not Available,Not Available,Not Available,Not Available,Not Available,Not Available,Not Available,Not Available,Not Available,Not Available,Not Available,Not Available,Not Available,Not Available,Not Available,Not Available,Not Available,Not Available,Not Available,Not Available,Not Available,Not Available,Not Available,Not Available,Not Available,Not Available,Not Available,Not Available,Not Available,Not Available,Not Available,Not Available,Not Available,Not Available,Not Available,Not Available,Not Available,Not Available,Not Available,Not Available,Not Available,Not Available,Not Available,Not Available,Not Available,Not Available,Not Available
UNI048,Bharati Vidyapeeth University,,http://www.bharatividyapeeth.edu/,Not Available,Not Available,Not Available,Not Available,"Engineering: CSE, Mechanical | Management: MBA, BBA | Science: B.Sc, M.Sc","B.Tech CSE, MBA Finance, B.Sc","Computer Science, Mechanical Engineering, Civil Engineering, Management Studies, Applied Sciences","Minimum 60% aggregate in 10+2 (Physics, Chemistry, Mathematics/Biology)",Not Available,Not Available,Not Available,Not Available,Not Available,Not Available,Not Available,Not Available,Not Available,Not Available,Not Available,Not Available,Not Available,Not Available,Not Available,Not Available,Not Available,Not Available,Not Available,Not Available,Not Available,Not Available,Not Available,Not Available,Not Available,Not Available,Not Available,Not Available,Not Available,Not Available,Not Available,Not Available,Not Available,Not Available,Not Available,Not Available,Not Available,Not Available,Not Available,Not Available,Not Available,Not Available,Not Available,Not Available,Not Available,Not Available,Not Available,Not Available,Not Available,Not Available,Not Available,Not Available,Not Available,Not Available,Not Available,Not Available,Not Available
UNI049,Bhavnagar University,,http://www.bhavuni.edu/,Not Available,Not Available,Not Available,Not Available,"Engineering: CSE, Mechanical | Management: MBA, BBA | Science: B.Sc, M.Sc","B.Tech CSE, MBA Finance, B.Sc","Computer Science, Mechanical Engineering, Civil Engineering, Management Studies, Applied Sciences","Minimum 60% aggregate in 10+2 (Physics, Chemistry, Mathematics/Biology)",Not Available,Not Available,Not Available,Not Available,Not Available,Not Available,Not Available,Not Available,Not Available,Not Available,Not Available,Not Available,Not Available,Not Available,Not Available,Not Available,Not Available,Not Available,Not Available,Not Available,Not Available,Not Available,Not Available,Not Available,Not Available,Not Available,Not Available,Not Available,Not Available,Not Available,Not Available,Not Available,Not Available,Not Available,Not Available,Not Available,Not Available,Not Available,Not Available,Not Available,Not Available,Not Available,Not Available,Not Available,Not Available,Not Available,Not Available,Not Available,Not Available,Not Available,Not Available,Not Available,Not Available,Not Available,Not Available,Not Available,Not Available
UNI050,Banaras Hindu University,Uttar Pradesh,http://www.bhu.ac.in/,Not Available,Not Available,Not Available,Not Available,"Engineering: CSE, Mechanical | Management: MBA, BBA | Science: B.Sc, M.Sc","B.Tech CSE, MBA Finance, B.Sc","Computer Science, Mechanical Engineering, Civil Engineering, Management Studies, Applied Sciences","Minimum 60% aggregate in 10+2 (Physics, Chemistry, Mathematics/Biology)",Not Available,Not Available,Not Available,Not Available,Not Available,Not Available,Not Available,Not Available,Not Available,Not Available,Not Available,Not Available,Not Available,Not Available,Not Available,Not Available,Not Available,Not Available,Not Available,Not Available,Not Available,Not Available,Not Available,Not Available,Not Available,Not Available,Not Available,Not Available,Not Available,Not Available,Not Available,Not Available,Not Available,Not Available,Not Available,Not Available,Not Available,Not Available,Not Available,Not Available,Not Available,Not Available,Not Available,Not Available,Not Available,Not Available,Not Available,Not Available,Not Available,Not Available,Not Available,Not Available,Not Available,Not Available,Not Available,Not Available,Not Available
UNI051,Orissa University of Agriculture and Technology,Odisha,https://ouat.ac.in/,Not Available,Not Available,Not Available,Not Available,"Engineering: Computer Science (CSE), Civil, Mechanical, ICT","B.Tech CSE, MBA Finance, B.Sc","Computer Science, Mechanical Engineering, Civil Engineering, Management Studies, Applied Sciences","Minimum 60% aggregate in 10+2 (Physics, Chemistry, Mathematics/Biology)",Not Available,Not Available,Not Available,Not Available,Not Available,Not Available,Not Available,Not Available,Not Available,Not Available,Not Available,Not Available,Not Available,Not Available,Not Available,Not Available,Not Available,Not Available,Not Available,Not Available,Not Available,Not Available,Not Available,Not Available,Not Available,Not Available,Not Available,Not Available,Not Available,Not Available,Not Available,Not Available,Not Available,Not Available,Not Available,Not Available,Not Available,Not Available,Not Available,Not Available,Not Available,Not Available,Not Available,Not Available,Not Available,Not Available,Not Available,Not Available,Not Available,Not Available,Not Available,Not Available,Not Available,Not Available,Not Available,Not Available,Not Available
UNI052,"Birla Institute of Technology, Ranchi",Jharkhand,http://bitmesraranchi.org/,Not Available,Not Available,Not Available,Not Available,"Engineering: Computer Science (CSE), Civil, Mechanical, ICT","B.Tech CSE, MBA Finance, B.Sc","Computer Science, Mechanical Engineering, Civil Engineering, Management Studies, Applied Sciences","Minimum 60% aggregate in 10+2 (Physics, Chemistry, Mathematics/Biology)",Not Available,Not Available,Not Available,Not Available,Not Available,Not Available,Not Available,Not Available,Not Available,Not Available,Not Available,Not Available,Not Available,Not Available,Not Available,Not Available,Not Available,Not Available,Not Available,Not Available,Not Available,Not Available,Not Available,Not Available,Not Available,Not Available,Not Available,Not Available,Not Available,Not Available,Not Available,Not Available,Not Available,Not Available,Not Available,Not Available,Not Available,Not Available,Not Available,Not Available,Not Available,Not Available,Not Available,Not Available,Not Available,Not Available,Not Available,Not Available,Not Available,Not Available,Not Available,Not Available,Not Available,Not Available,Not Available,Not Available,Not Available
UNI053,Birla Institute of Technology and Science,Rajasthan,http://www.bits-pilani.ac.in/,Not Available,Not Available,Not Available,Not Available,"Engineering: Computer Science (CSE), Civil, Mechanical, ICT","B.Tech CSE, MBA Finance, B.Sc","Computer Science, Mechanical Engineering, Civil Engineering, Management Studies, Applied Sciences","Minimum 60% aggregate in 10+2 (Physics, Chemistry, Mathematics/Biology)",Not Available,Not Available,Not Available,Not Available,Not Available,Not Available,Not Available,Not Available,Not Available,Not Available,Not Available,Not Available,Not Available,Not Available,Not Available,Not Available,Not Available,Not Available,Not Available,Not Available,Not Available,Not Available,Not Available,Not Available,Not Available,Not Available,Not Available,Not Available,Not Available,Not Available,Not Available,Not Available,Not Available,Not Available,Not Available,Not Available,Not Available,Not Available,Not Available,Not Available,Not Available,Not Available,Not Available,Not Available,Not Available,Not Available,Not Available,Not Available,Not Available,Not Available,Not Available,Not Available,Not Available,Not Available,Not Available,Not Available,Not Available
UNI054,Bhupendra Narayan Mandal University,,http://www.bnmu.in/,Not Available,Not Available,Not Available,Not Available,"Engineering: CSE, Mechanical | Management: MBA, BBA | Science: B.Sc, M.Sc","B.Tech CSE, MBA Finance, B.Sc","Computer Science, Mechanical Engineering, Civil Engineering, Management Studies, Applied Sciences","Minimum 60% aggregate in 10+2 (Physics, Chemistry, Mathematics/Biology)",Not Available,Not Available,Not Available,Not Available,Not Available,Not Available,Not Available,Not Available,Not Available,Not Available,Not Available,Not Available,Not Available,Not Available,Not Available,Not Available,Not Available,Not Available,Not Available,Not Available,Not Available,Not Available,Not Available,Not Available,Not Available,Not Available,Not Available,Not Available,Not Available,Not Available,Not Available,Not Available,Not Available,Not Available,Not Available,Not Available,Not Available,Not Available,Not Available,Not Available,Not Available,Not Available,Not Available,Not Available,Not Available,Not Available,Not Available,Not Available,Not Available,Not Available,Not Available,Not Available,Not Available,Not Available,Not Available,Not Available,Not Available
UNI055,Biju Pattnaik University of Technology,,http://www.bput.org/,Not Available,Not Available,Not Available,Not Available,"Engineering: Computer Science (CSE), Civil, Mechanical, ICT","B.Tech CSE, MBA Finance, B.Sc","Computer Science, Mechanical Engineering, Civil Engineering, Management Studies, Applied Sciences","Minimum 60% aggregate in 10+2 (Physics, Chemistry, Mathematics/Biology)",Not Available,Not Available,Not Available,Not Available,Not Available,Not Available,Not Available,Not Available,Not Available,Not Available,Not Available,Not Available,Not Available,Not Available,Not Available,Not Available,Not Available,Not Available,Not Available,Not Available,Not Available,Not Available,Not Available,Not Available,Not Available,Not Available,Not Available,Not Available,Not Available,Not Available,Not Available,Not Available,Not Available,Not Available,Not Available,Not Available,Not Available,Not Available,Not Available,Not Available,Not Available,Not Available,Not Available,Not Available,Not Available,Not Available,Not Available,Not Available,Not Available,Not Available,Not Available,Not Available,Not Available,Not Available,Not Available,Not Available,Not Available
UNI056,B. R. Ambedkar Bihar University,Bihar,http://www.brabu.net/,Not Available,Not Available,Not Available,Not Available,"Engineering: CSE, Mechanical | Management: MBA, BBA | Science: B.Sc, M.Sc","B.Tech CSE, MBA Finance, B.Sc","Computer Science, Mechanical Engineering, Civil Engineering, Management Studies, Applied Sciences","Minimum 60% aggregate in 10+2 (Physics, Chemistry, Mathematics/Biology)",Not Available,Not Available,Not Available,Not Available,Not Available,Not Available,Not Available,Not Available,Not Available,Not Available,Not Available,Not Available,Not Available,Not Available,Not Available,Not Available,Not Available,Not Available,Not Available,Not Available,Not Available,Not Available,Not Available,Not Available,Not Available,Not Available,Not Available,Not Available,Not Available,Not Available,Not Available,Not Available,Not Available,Not Available,Not Available,Not Available,Not Available,Not Available,Not Available,Not Available,Not Available,Not Available,Not Available,Not Available,Not Available,Not Available,Not Available,Not Available,Not Available,Not Available,Not Available,Not Available,Not Available,Not Available,Not Available,Not Available,Not Available
UNI057,Dr. B.R. Ambedkar Open University,,http://www.braou.ac.in/,Not Available,Not Available,Not Available,Not Available,"Engineering: CSE, Mechanical | Management: MBA, BBA | Science: B.Sc, M.Sc","B.Tech CSE, MBA Finance, B.Sc","Computer Science, Mechanical Engineering, Civil Engineering, Management Studies, Applied Sciences","Minimum 60% aggregate in 10+2 (Physics, Chemistry, Mathematics/Biology)",Not Available,Not Available,Not Available,Not Available,Not Available,Not Available,Not Available,Not Available,Not Available,Not Available,Not Available,Not Available,Not Available,Not Available,Not Available,Not Available,Not Available,Not Available,Not Available,Not Available,Not Available,Not Available,Not Available,Not Available,Not Available,Not Available,Not Available,Not Available,Not Available,Not Available,Not Available,Not Available,Not Available,Not Available,Not Available,Not Available,Not Available,Not Available,Not Available,Not Available,Not Available,Not Available,Not Available,Not Available,Not Available,Not Available,Not Available,Not Available,Not Available,Not Available,Not Available,Not Available,Not Available,Not Available,Not Available,Not Available,Not Available
UNI058,Dr. B. R. Ambedkar National Institute of Technology Jalandhar,,http://www.nitj.ac.in/,Not Available,Not Available,Not Available,Not Available,"Engineering: Computer Science (CSE), Civil, Mechanical, ICT","B.Tech CSE, MBA Finance, B.Sc","Computer Science, Mechanical Engineering, Civil Engineering, Management Studies, Applied Sciences","Minimum 60% aggregate in 10+2 (Physics, Chemistry, Mathematics/Biology)",Not Available,Not Available,Not Available,Not Available,Not Available,Not Available,Not Available,Not Available,Not Available,Not Available,Not Available,Not Available,Not Available,Not Available,Not Available,Not Available,Not Available,Not Available,Not Available,Not Available,Not Available,Not Available,Not Available,Not Available,Not Available,Not Available,Not Available,Not Available,Not Available,Not Available,Not Available,Not Available,Not Available,Not Available,Not Available,Not Available,Not Available,Not Available,Not Available,Not Available,Not Available,Not Available,Not Available,Not Available,Not Available,Not Available,Not Available,Not Available,Not Available,Not Available,Not Available,Not Available,Not Available,Not Available,Not Available,Not Available,Not Available
UNI059,Dr. Bhim Rao Abdekar University,,http://www.brauagra.com/,Not Available,Not Available,Not Available,Not Available,"Engineering: CSE, Mechanical | Management: MBA, BBA | Science: B.Sc, M.Sc","B.Tech CSE, MBA Finance, B.Sc","Computer Science, Mechanical Engineering, Civil Engineering, Management Studies, Applied Sciences","Minimum 60% aggregate in 10+2 (Physics, Chemistry, Mathematics/Biology)",Not Available,Not Available,Not Available,Not Available,Not Available,Not Available,Not Available,Not Available,Not Available,Not Available,Not Available,Not Available,Not Available,Not Available,Not Available,Not Available,Not Available,Not Available,Not Available,Not Available,Not Available,Not Available,Not Available,Not Available,Not Available,Not Available,Not Available,Not Available,Not Available,Not Available,Not Available,Not Available,Not Available,Not Available,Not Available,Not Available,Not Available,Not Available,Not Available,Not Available,Not Available,Not Available,Not Available,Not Available,Not Available,Not Available,Not Available,Not Available,Not Available,Not Available,Not Available,Not Available,Not Available,Not Available,Not Available,Not Available,Not Available
UNI060,B. S. Abdur Rahman University,,http://www.bsauniv.ac.in/,Not Available,Not Available,Not Available,Not Available,"Engineering: CSE, Mechanical | Management: MBA, BBA | Science: B.Sc, M.Sc","B.Tech CSE, MBA Finance, B.Sc","Computer Science, Mechanical Engineering, Civil Engineering, Management Studies, Applied Sciences","Minimum 60% aggregate in 10+2 (Physics, Chemistry, Mathematics/Biology)",Not Available,Not Available,Not Available,Not Available,Not Available,Not Available,Not Available,Not Available,Not Available,Not Available,Not Available,Not Available,Not Available,Not Available,Not Available,Not Available,Not Available,Not Available,Not Available,Not Available,Not Available,Not Available,Not Available,Not Available,Not Available,Not Available,Not Available,Not Available,Not Available,Not Available,Not Available,Not Available,Not Available,Not Available,Not Available,Not Available,Not Available,Not Available,Not Available,Not Available,Not Available,Not Available,Not Available,Not Available,Not Available,Not Available,Not Available,Not Available,Not Available,Not Available,Not Available,Not Available,Not Available,Not Available,Not Available,Not Available,Not Available
UNI061,Barkatullah University,,http://www.bubhopal.nic.in/,Not Available,Not Available,Not Available,Not Available,"Engineering: CSE, Mechanical | Management: MBA, BBA | Science: B.Sc, M.Sc","B.Tech CSE, MBA Finance, B.Sc","Computer Science, Mechanical Engineering, Civil Engineering, Management Studies, Applied Sciences","Minimum 60% aggregate in 10+2 (Physics, Chemistry, Mathematics/Biology)",Not Available,Not Available,Not Available,Not Available,Not Available,Not Available,Not Available,Not Available,Not Available,Not Available,Not Available,Not Available,Not Available,Not Available,Not Available,Not Available,Not Available,Not Available,Not Available,Not Available,Not Available,Not Available,Not Available,Not Available,Not Available,Not Available,Not Available,Not Available,Not Available,Not Available,Not Available,Not Available,Not Available,Not Available,Not Available,Not Available,Not Available,Not Available,Not Available,Not Available,Not Available,Not Available,Not Available,Not Available,Not Available,Not Available,Not Available,Not Available,Not Available,Not Available,Not Available,Not Available,Not Available,Not Available,Not Available,Not Available,Not Available
UNI062,VIT Bhopal,Madhya Pradesh,https://vitbhopal.ac.in/,Not Available,Not Available,Not Available,Not Available,"Engineering: CSE, Mechanical | Management: MBA, BBA | Science: B.Sc, M.Sc","B.Tech CSE, MBA Finance, B.Sc","Computer Science, Mechanical Engineering, Civil Engineering, Management Studies, Applied Sciences","Minimum 60% aggregate in 10+2 (Physics, Chemistry, Mathematics/Biology)",Not Available,Not Available,Not Available,Not Available,Not Available,Not Available,Not Available,Not Available,Not Available,Not Available,Not Available,Not Available,Not Available,Not Available,Not Available,Not Available,Not Available,Not Available,Not Available,Not Available,Not Available,Not Available,Not Available,Not Available,Not Available,Not Available,Not Available,Not Available,Not Available,Not Available,Not Available,Not Available,Not Available,Not Available,Not Available,Not Available,Not Available,Not Available,Not Available,Not Available,Not Available,Not Available,Not Available,Not Available,Not Available,Not Available,Not Available,Not Available,Not Available,Not Available,Not Available,Not Available,Not Available,Not Available,Not Available,Not Available,Not Available
UNI063,Bundelkhand University,,http://www.bundelkhanduniversity.org/,Not Available,Not Available,Not Available,Not Available,"Engineering: CSE, Mechanical | Management: MBA, BBA | Science: B.Sc, M.Sc","B.Tech CSE, MBA Finance, B.Sc","Computer Science, Mechanical Engineering, Civil Engineering, Management Studies, Applied Sciences","Minimum 60% aggregate in 10+2 (Physics, Chemistry, Mathematics/Biology)",Not Available,Not Available,Not Available,Not Available,Not Available,Not Available,Not Available,Not Available,Not Available,Not Available,Not Available,Not Available,Not Available,Not Available,Not Available,Not Available,Not Available,Not Available,Not Available,Not Available,Not Available,Not Available,Not Available,Not Available,Not Available,Not Available,Not Available,Not Available,Not Available,Not Available,Not Available,Not Available,Not Available,Not Available,Not Available,Not Available,Not Available,Not Available,Not Available,Not Available,Not Available,Not Available,Not Available,Not Available,Not Available,Not Available,Not Available,Not Available,Not Available,Not Available,Not Available,Not Available,Not Available,Not Available,Not Available,Not Available,Not Available
UNI064,University of Burdwan,,http://www.burdwanuniversity.ac.in/,Not Available,Not Available,Not Available,Not Available,"Engineering: CSE, Mechanical | Management: MBA, BBA | Science: B.Sc, M.Sc","B.Tech CSE, MBA Finance, B.Sc","Computer Science, Mechanical Engineering, Civil Engineering, Management Studies, Applied Sciences","Minimum 60% aggregate in 10+2 (Physics, Chemistry, Mathematics/Biology)",Not Available,Not Available,Not Available,Not Available,Not Available,Not Available,Not Available,Not Available,Not Available,Not Available,Not Available,Not Available,Not Available,Not Available,Not Available,Not Available,Not Available,Not Available,Not Available,Not Available,Not Available,Not Available,Not Available,Not Available,Not Available,Not Available,Not Available,Not Available,Not Available,Not Available,Not Available,Not Available,Not Available,Not Available,Not Available,Not Available,Not Available,Not Available,Not Available,Not Available,Not Available,Not Available,Not Available,Not Available,Not Available,Not Available,Not Available,Not Available,Not Available,Not Available,Not Available,Not Available,Not Available,Not Available,Not Available,Not Available,Not Available
UNI065,University of Calcutta,West Bengal,http://www.caluniv.ac.in/,Not Available,Not Available,Not Available,Not Available,"Engineering: CSE, Mechanical | Management: MBA, BBA | Science: B.Sc, M.Sc","B.Tech CSE, MBA Finance, B.Sc","Computer Science, Mechanical Engineering, Civil Engineering, Management Studies, Applied Sciences","Minimum 60% aggregate in 10+2 (Physics, Chemistry, Mathematics/Biology)",Not Available,Not Available,Not Available,Not Available,Not Available,Not Available,Not Available,Not Available,Not Available,Not Available,Not Available,Not Available,Not Available,Not Available,Not Available,Not Available,Not Available,Not Available,Not Available,Not Available,Not Available,Not Available,Not Available,Not Available,Not Available,Not Available,Not Available,Not Available,Not Available,Not Available,Not Available,Not Available,Not Available,Not Available,Not Available,Not Available,Not Available,Not Available,Not Available,Not Available,Not Available,Not Available,Not Available,Not Available,Not Available,Not Available,Not Available,Not Available,Not Available,Not Available,Not Available,Not Available,Not Available,Not Available,Not Available,Not Available,Not Available
UNI066,Central Agricultural University,,http://www.cau.org.in/,Not Available,Not Available,Not Available,Not Available,"Engineering: CSE, Mechanical | Management: MBA, BBA | Science: B.Sc, M.Sc","B.Tech CSE, MBA Finance, B.Sc","Computer Science, Mechanical Engineering, Civil Engineering, Management Studies, Applied Sciences","Minimum 60% aggregate in 10+2 (Physics, Chemistry, Mathematics/Biology)",Not Available,Not Available,Not Available,Not Available,Not Available,Not Available,Not Available,Not Available,Not Available,Not Available,Not Available,Not Available,Not Available,Not Available,Not Available,Not Available,Not Available,Not Available,Not Available,Not Available,Not Available,Not Available,Not Available,Not Available,Not Available,Not Available,Not Available,Not Available,Not Available,Not Available,Not Available,Not Available,Not Available,Not Available,Not Available,Not Available,Not Available,Not Available,Not Available,Not Available,Not Available,Not Available,Not Available,Not Available,Not Available,Not Available,Not Available,Not Available,Not Available,Not Available,Not Available,Not Available,Not Available,Not Available,Not Available,Not Available,Not Available
UNI067,Chaudhary Charan Singh University,,http://www.ccsuniversity.ac.in/,Not Available,Not Available,Not Available,Not Available,"Engineering: CSE, Mechanical | Management: MBA, BBA | Science: B.Sc, M.Sc","B.Tech CSE, MBA Finance, B.Sc","Computer Science, Mechanical Engineering, Civil Engineering, Management Studies, Applied Sciences","Minimum 60% aggregate in 10+2 (Physics, Chemistry, Mathematics/Biology)",Not Available,Not Available,Not Available,Not Available,Not Available,Not Available,Not Available,Not Available,Not Available,Not Available,Not Available,Not Available,Not Available,Not Available,Not Available,Not Available,Not Available,Not Available,Not Available,Not Available,Not Available,Not Available,Not Available,Not Available,Not Available,Not Available,Not Available,Not Available,Not Available,Not Available,Not Available,Not Available,Not Available,Not Available,Not Available,Not Available,Not Available,Not Available,Not Available,Not Available,Not Available,Not Available,Not Available,Not Available,Not Available,Not Available,Not Available,Not Available,Not Available,Not Available,Not Available,Not Available,Not Available,Not Available,Not Available,Not Available,Not Available
UNI068,Ch. Charan Singh University,,http://www.ccsuniversity.org/,Not Available,Not Available,Not Available,Not Available,"Engineering: CSE, Mechanical | Management: MBA, BBA | Science: B.Sc, M.Sc","B.Tech CSE, MBA Finance, B.Sc","Computer Science, Mechanical Engineering, Civil Engineering, Management Studies, Applied Sciences","Minimum 60% aggregate in 10+2 (Physics, Chemistry, Mathematics/Biology)",Not Available,Not Available,Not Available,Not Available,Not Available,Not Available,Not Available,Not Available,Not Available,Not Available,Not Available,Not Available,Not Available,Not Available,Not Available,Not Available,Not Available,Not Available,Not Available,Not Available,Not Available,Not Available,Not Available,Not Available,Not Available,Not Available,Not Available,Not Available,Not Available,Not Available,Not Available,Not Available,Not Available,Not Available,Not Available,Not Available,Not Available,Not Available,Not Available,Not Available,Not Available,Not Available,Not Available,Not Available,Not Available,Not Available,Not Available,Not Available,Not Available,Not Available,Not Available,Not Available,Not Available,Not Available,Not Available,Not Available,Not Available
UNI069,Center for Entrepreneurship and Small Business Management,,http://www.cesbm.ac.in/,Not Available,Not Available,Not Available,Not Available,"Management: MBA (Finance, Marketing, HR), BBA","B.Tech CSE, MBA Finance, B.Sc","Computer Science, Mechanical Engineering, Civil Engineering, Management Studies, Applied Sciences","Minimum 60% aggregate in 10+2 (Physics, Chemistry, Mathematics/Biology)",Not Available,Not Available,Not Available,Not Available,Not Available,Not Available,Not Available,Not Available,Not Available,Not Available,Not Available,Not Available,Not Available,Not Available,Not Available,Not Available,Not Available,Not Available,Not Available,Not Available,Not Available,Not Available,Not Available,Not Available,Not Available,Not Available,Not Available,Not Available,Not Available,Not Available,Not Available,Not Available,Not Available,Not Available,Not Available,Not Available,Not Available,Not Available,Not Available,Not Available,Not Available,Not Available,Not Available,Not Available,Not Available,Not Available,Not Available,Not Available,Not Available,Not Available,Not Available,Not Available,Not Available,Not Available,Not Available,Not Available,Not Available
UNI070,Christ University,Karnataka,http://www.christuniversity.in/,Not Available,Not Available,Not Available,Not Available,"Engineering: CSE, Mechanical | Management: MBA, BBA | Science: B.Sc, M.Sc","B.Tech CSE, MBA Finance, B.Sc","Computer Science, Mechanical Engineering, Civil Engineering, Management Studies, Applied Sciences","Minimum 60% aggregate in 10+2 (Physics, Chemistry, Mathematics/Biology)",Not Available,Not Available,Not Available,Not Available,Not Available,Not Available,95% in 2023,Not Available,Not Available,Not Available,Not Available,Not Available,Not Available,Not Available,Not Available,Not Available,Not Available,Not Available,Not Available,Not Available,Not Available,Not Available,Not Available,Not Available,Not Available,Not Available,Not Available,Not Available,Not Available,Not Available,Not Available,Not Available,Not Available,Not Available,Not Available,Not Available,Not Available,Not Available,Not Available,Not Available,Not Available,Not Available,Not Available,Not Available,Not Available,Not Available,Not Available,Not Available,Not Available,Not Available,Not Available,Not Available,Not Available,Not Available,Not Available,Not Available,Not Available
UNI071,Central Institute of English and Foreign Languages,,http://www.ciefl.org/,Not Available,Not Available,Not Available,Not Available,"Engineering: CSE, Mechanical | Management: MBA, BBA | Science: B.Sc, M.Sc","B.Tech CSE, MBA Finance, B.Sc","Computer Science, Mechanical Engineering, Civil Engineering, Management Studies, Applied Sciences","Minimum 60% aggregate in 10+2 (Physics, Chemistry, Mathematics/Biology)",Not Available,Not Available,Not Available,Not Available,Not Available,Not Available,Not Available,Not Available,Not Available,Not Available,Not Available,Not Available,Not Available,Not Available,Not Available,Not Available,Not Available,Not Available,Not Available,Not Available,Not Available,Not Available,Not Available,Not Available,Not Available,Not Available,Not Available,Not Available,Not Available,Not Available,Not Available,Not Available,Not Available,Not Available,Not Available,Not Available,Not Available,Not Available,Not Available,Not Available,Not Available,Not Available,Not Available,Not Available,Not Available,Not Available,Not Available,Not Available,Not Available,Not Available,Not Available,Not Available,Not Available,Not Available,Not Available,Not Available,Not Available
UNI072,Central Institute of Fisheries Education,,http://www.cife.edu.in/,Not Available,Not Available,Not Available,Not Available,"Engineering: CSE, Mechanical | Management: MBA, BBA | Science: B.Sc, M.Sc","B.Tech CSE, MBA Finance, B.Sc","Computer Science, Mechanical Engineering, Civil Engineering, Management Studies, Applied Sciences","Minimum 60% aggregate in 10+2 (Physics, Chemistry, Mathematics/Biology)",Not Available,Not Available,Not Available,Not Available,Not Available,Not Available,Not Available,Not Available,Not Available,Not Available,Not Available,Not Available,Not Available,Not Available,Not Available,Not Available,Not Available,Not Available,Not Available,Not Available,Not Available,Not Available,Not Available,Not Available,Not Available,Not Available,Not Available,Not Available,Not Available,Not Available,Not Available,Not Available,Not Available,Not Available,Not Available,Not Available,Not Available,Not Available,Not Available,Not Available,Not Available,Not Available,Not Available,Not Available,Not Available,Not Available,Not Available,Not Available,Not Available,Not Available,Not Available,Not Available,Not Available,Not Available,Not Available,Not Available,Not Available
UNI073,Central Institute of Higher Tibetan Studies,,http://www.cihts.ac.in/,Not Available,Not Available,Not Available,Not Available,"Engineering: CSE, Mechanical | Management: MBA, BBA | Science: B.Sc, M.Sc","B.Tech CSE, MBA Finance, B.Sc","Computer Science, Mechanical Engineering, Civil Engineering, Management Studies, Applied Sciences","Minimum 60% aggregate in 10+2 (Physics, Chemistry, Mathematics/Biology)",Not Available,Not Available,Not Available,Not Available,Not Available,Not Available,Not Available,Not Available,Not Available,Not Available,Not Available,Not Available,Not Available,Not Available,Not Available,Not Available,Not Available,Not Available,Not Available,Not Available,Not Available,Not Available,Not Available,Not Available,Not Available,Not Available,Not Available,Not Available,Not Available,Not Available,Not Available,Not Available,Not Available,Not Available,Not Available,Not Available,Not Available,Not Available,Not Available,Not Available,Not Available,Not Available,Not Available,Not Available,Not Available,Not Available,Not Available,Not Available,Not Available,Not Available,Not Available,Not Available,Not Available,Not Available,Not Available,Not Available,Not Available
UNI074,CMJ University,,http://www.cmjuniversity.edu.in/,Not Available,Not Available,Not Available,Not Available,"Engineering: CSE, Mechanical | Management: MBA, BBA | Science: B.Sc, M.Sc","B.Tech CSE, MBA Finance, B.Sc","Computer Science, Mechanical Engineering, Civil Engineering, Management Studies, Applied Sciences","Minimum 60% aggregate in 10+2 (Physics, Chemistry, Mathematics/Biology)",Not Available,Not Available,Not Available,Not Available,Not Available,Not Available,Not Available,Not Available,Not Available,Not Available,Not Available,Not Available,Not Available,Not Available,Not Available,Not Available,Not Available,Not Available,Not Available,Not Available,Not Available,Not Available,Not Available,Not Available,Not Available,Not Available,Not Available,Not Available,Not Available,Not Available,Not Available,Not Available,Not Available,Not Available,Not Available,Not Available,Not Available,Not Available,Not Available,Not Available,Not Available,Not Available,Not Available,Not Available,Not Available,Not Available,Not Available,Not Available,Not Available,Not Available,Not Available,Not Available,Not Available,Not Available,Not Available,Not Available,Not Available
UNI075,Chandra Shekhar Azad University of Agriculture and Technology,,http://www.csauk.ac.in/,Not Available,Not Available,Not Available,Not Available,"Engineering: Computer Science (CSE), Civil, Mechanical, ICT","B.Tech CSE, MBA Finance, B.Sc","Computer Science, Mechanical Engineering, Civil Engineering, Management Studies, Applied Sciences","Minimum 60% aggregate in 10+2 (Physics, Chemistry, Mathematics/Biology)",Not Available,Not Available,Not Available,Not Available,Not Available,Not Available,Not Available,Not Available,Not Available,Not Available,Not Available,Not Available,Not Available,Not Available,Not Available,Not Available,Not Available,Not Available,Not Available,Not Available,Not Available,Not Available,Not Available,Not Available,Not Available,Not Available,Not Available,Not Available,Not Available,Not Available,Not Available,Not Available,Not Available,Not Available,Not Available,Not Available,Not Available,Not Available,Not Available,Not Available,Not Available,Not Available,Not Available,Not Available,Not Available,Not Available,Not Available,Not Available,Not Available,Not Available,Not Available,Not Available,Not Available,Not Available,Not Available,Not Available,Not Available
UNI076,Cochin University of Science and Technology,Kerala,http://www.cusat.ac.in/,Not Available,Not Available,Not Available,Not Available,"Engineering: Computer Science (CSE), Civil, Mechanical, ICT","B.Tech CSE, MBA Finance, B.Sc","Computer Science, Mechanical Engineering, Civil Engineering, Management Studies, Applied Sciences","Minimum 60% aggregate in 10+2 (Physics, Chemistry, Mathematics/Biology)",Not Available,Not Available,Not Available,Not Available,Not Available,Not Available,Not Available,Not Available,Not Available,Not Available,Not Available,Not Available,Not Available,Not Available,Not Available,Not Available,Not Available,Not Available,Not Available,Not Available,Not Available,Not Available,Not Available,Not Available,Not Available,Not Available,Not Available,Not Available,Not Available,Not Available,Not Available,Not Available,Not Available,Not Available,Not Available,Not Available,Not Available,Not Available,Not Available,Not Available,Not Available,Not Available,Not Available,Not Available,Not Available,Not Available,Not Available,Not Available,Not Available,Not Available,Not Available,Not Available,Not Available,Not Available,Not Available,Not Available,Not Available
UNI077,Dr. C.V. Raman University,,http://www.cvru.ac.in/,Not Available,Not Available,Not Available,Not Available,"Engineering: CSE, Mechanical | Management: MBA, BBA | Science: B.Sc, M.Sc","B.Tech CSE, MBA Finance, B.Sc","Computer Science, Mechanical Engineering, Civil Engineering, Management Studies, Applied Sciences","Minimum 60% aggregate in 10+2 (Physics, Chemistry, Mathematics/Biology)",Not Available,Not Available,Not Available,Not Available,Not Available,Not Available,Not Available,Not Available,Not Available,Not Available,Not Available,Not Available,Not Available,Not Available,Not Available,Not Available,Not Available,Not Available,Not Available,Not Available,Not Available,Not Available,Not Available,Not Available,Not Available,Not Available,Not Available,Not Available,Not Available,Not Available,Not Available,Not Available,Not Available,Not Available,Not Available,Not Available,Not Available,Not Available,Not Available,Not Available,Not Available,Not Available,Not Available,Not Available,Not Available,Not Available,Not Available,Not Available,Not Available,Not Available,Not Available,Not Available,Not Available,Not Available,Not Available,Not Available,Not Available
UNI078,Dhirubhai Ambani Institute of Information and Communication Technology,,http://www.da-iict.org/,Not Available,Not Available,Not Available,Not Available,"Engineering: Computer Science (CSE), Civil, Mechanical, ICT","B.Tech CSE, MBA Finance, B.Sc","Computer Science, Mechanical Engineering, Civil Engineering, Management Studies, Applied Sciences","Minimum 60% aggregate in 10+2 (Physics, Chemistry, Mathematics/Biology)",Not Available,Not Available,Not Available,Not Available,Not Available,Not Available,Not Available,Not Available,Not Available,Not Available,Not Available,Not Available,Not Available,Not Available,Not Available,Not Available,Not Available,Not Available,Not Available,Not Available,Not Available,Not Available,Not Available,Not Available,Not Available,Not Available,Not Available,Not Available,Not Available,Not Available,Not Available,Not Available,Not Available,Not Available,Not Available,Not Available,Not Available,Not Available,Not Available,Not Available,Not Available,Not Available,Not Available,Not Available,Not Available,Not Available,Not Available,Not Available,Not Available,Not Available,Not Available,Not Available,Not Available,Not Available,Not Available,Not Available,Not Available
UNI079,Darul Huda Islamic University,,http://www.darulhuda.com/,Not Available,Not Available,Not Available,Not Available,"Engineering: CSE, Mechanical | Management: MBA, BBA | Science: B.Sc, M.Sc","B.Tech CSE, MBA Finance, B.Sc","Computer Science, Mechanical Engineering, Civil Engineering, Management Studies, Applied Sciences","Minimum 60% aggregate in 10+2 (Physics, Chemistry, Mathematics/Biology)",Not Available,Not Available,Not Available,Not Available,Not Available,Not Available,Not Available,Not Available,Not Available,Not Available,Not Available,Not Available,Not Available,Not Available,Not Available,Not Available,Not Available,Not Available,Not Available,Not Available,Not Available,Not Available,Not Available,Not Available,Not Available,Not Available,Not Available,Not Available,Not Available,Not Available,Not Available,Not Available,Not Available,Not Available,Not Available,Not Available,Not Available,Not Available,Not Available,Not Available,Not Available,Not Available,Not Available,Not Available,Not Available,Not Available,Not Available,Not Available,Not Available,Not Available,Not Available,Not Available,Not Available,Not Available,Not Available,Not Available,Not Available
UNI080,Dav University,,http://www.davuniversity.org/,Not Available,Not Available,Not Available,Not Available,"Engineering: CSE, Mechanical | Management: MBA, BBA | Science: B.Sc, M.Sc","B.Tech CSE, MBA Finance, B.Sc","Computer Science, Mechanical Engineering, Civil Engineering, Management Studies, Applied Sciences","Minimum 60% aggregate in 10+2 (Physics, Chemistry, Mathematics/Biology)",2026 per semester,Not Available,Not Available,Not Available,Not Available,Not Available,Not Available,Not Available,Not Available,Not Available,Not Available,Not Available,Not Available,Not Available,Not Available,Not Available,Not Available,Not Available,Not Available,Not Available,Not Available,Not Available,Not Available,Not Available,Not Available,Not Available,Not Available,2026,Not Available,Not Available,Not Available,Not Available,Not Available,Not Available,Not Available,Not Available,Not Available,Not Available,Not Available,Not Available,Not Available,Not Available,Not Available,Not Available,Not Available,Not Available,Not Available,Not Available,Not Available,Not Available,Not Available,Not Available,Not Available,Not Available,Not Available,Not Available,Not Available
UNI081,Devi Ahilya University of Indore,,http://www.davv.ac.in/,Not Available,Not Available,Not Available,Not Available,"Engineering: CSE, Mechanical | Management: MBA, BBA | Science: B.Sc, M.Sc","B.Tech CSE, MBA Finance, B.Sc","Computer Science, Mechanical Engineering, Civil Engineering, Management Studies, Applied Sciences","Minimum 60% aggregate in 10+2 (Physics, Chemistry, Mathematics/Biology)",Not Available,Not Available,Not Available,Not Available,Not Available,Not Available,Not Available,Not Available,Not Available,Not Available,Not Available,Not Available,Not Available,Not Available,Not Available,Not Available,Not Available,Not Available,Not Available,Not Available,Not Available,Not Available,Not Available,Not Available,Not Available,Not Available,Not Available,Not Available,Not Available,Not Available,Not Available,Not Available,Not Available,Not Available,Not Available,Not Available,Not Available,Not Available,Not Available,Not Available,Not Available,Not Available,Not Available,Not Available,Not Available,Not Available,Not Available,Not Available,Not Available,Not Available,Not Available,Not Available,Not Available,Not Available,Not Available,Not Available,Not Available
UNI082,Dr. Babasaheb Ambedkar Technological University,,http://www.dbatechuni.org/,Not Available,Not Available,Not Available,Not Available,"Engineering: Computer Science (CSE), Civil, Mechanical, ICT","B.Tech CSE, MBA Finance, B.Sc","Computer Science, Mechanical Engineering, Civil Engineering, Management Studies, Applied Sciences","Minimum 60% aggregate in 10+2 (Physics, Chemistry, Mathematics/Biology)",Not Available,Not Available,Not Available,Not Available,Not Available,Not Available,Not Available,Not Available,Not Available,Not Available,Not Available,Not Available,Not Available,Not Available,Not Available,Not Available,Not Available,Not Available,Not Available,Not Available,Not Available,Not Available,Not Available,Not Available,Not Available,Not Available,Not Available,Not Available,Not Available,Not Available,Not Available,Not Available,Not Available,Not Available,Not Available,Not Available,Not Available,Not Available,Not Available,Not Available,Not Available,Not Available,Not Available,Not Available,Not Available,Not Available,Not Available,Not Available,Not Available,Not Available,Not Available,Not Available,Not Available,Not Available,Not Available,Not Available,Not Available
UNI083,Konkan Agricultural University,,http://www.dbskkv.org/,Not Available,Not Available,Not Available,Not Available,"Engineering: CSE, Mechanical | Management: MBA, BBA | Science: B.Sc, M.Sc","B.Tech CSE, MBA Finance, B.Sc","Computer Science, Mechanical Engineering, Civil Engineering, Management Studies, Applied Sciences","Minimum 60% aggregate in 10+2 (Physics, Chemistry, Mathematics/Biology)",Not Available,Not Available,Not Available,Not Available,Not Available,Not Available,Not Available,Not Available,Not Available,Not Available,Not Available,Not Available,Not Available,Not Available,Not Available,Not Available,Not Available,Not Available,Not Available,Not Available,Not Available,Not Available,Not Available,Not Available,Not Available,Not Available,Not Available,Not Available,Not Available,Not Available,Not Available,Not Available,Not Available,Not Available,Not Available,Not Available,Not Available,Not Available,Not Available,Not Available,Not Available,Not Available,Not Available,Not Available,Not Available,Not Available,Not Available,Not Available,Not Available,Not Available,Not Available,Not Available,Not Available,Not Available,Not Available,Not Available,Not Available
UNI084,Tamil Nadu Agricultural University,Tamil Nadu,https://tnau.ac.in/,Not Available,Not Available,Not Available,Not Available,"Engineering: CSE, Mechanical | Management: MBA, BBA | Science: B.Sc, M.Sc","B.Tech CSE, MBA Finance, B.Sc","Computer Science, Mechanical Engineering, Civil Engineering, Management Studies, Applied Sciences","Minimum 60% aggregate in 10+2 (Physics, Chemistry, Mathematics/Biology)",Not Available,Not Available,Not Available,Not Available,Not Available,Not Available,Not Available,Not Available,Not Available,Not Available,Not Available,Not Available,Not Available,Not Available,Not Available,Not Available,Not Available,Not Available,Not Available,Not Available,Not Available,Not Available,Not Available,Not Available,Not Available,Not Available,Not Available,Not Available,Not Available,Not Available,Not Available,Not Available,Not Available,Not Available,Not Available,Not Available,Not Available,Not Available,Not Available,Not Available,Not Available,Not Available,Not Available,Not Available,Not Available,Not Available,Not Available,Not Available,Not Available,Not Available,Not Available,Not Available,Not Available,Not Available,Not Available,Not Available,Not Available
UNI085,Delhi College of Engineering (DCE),Delhi,http://www.dceonline.net/,Not Available,Not Available,Not Available,Not Available,"Engineering: Computer Science (CSE), Civil, Mechanical, ICT","B.Tech CSE, MBA Finance, B.Sc","Computer Science, Mechanical Engineering, Civil Engineering, Management Studies, Applied Sciences","Minimum 60% aggregate in 10+2 (Physics, Chemistry, Mathematics/Biology)",Not Available,Not Available,Not Available,Not Available,Not Available,Not Available,Not Available,Not Available,Not Available,Not Available,Not Available,Not Available,Not Available,Not Available,Not Available,Not Available,Not Available,Not Available,Not Available,Not Available,Not Available,Not Available,Not Available,Not Available,Not Available,Not Available,Not Available,Not Available,Not Available,Not Available,Not Available,Not Available,Not Available,Not Available,Not Available,Not Available,Not Available,Not Available,Not Available,Not Available,Not Available,Not Available,Not Available,Not Available,Not Available,Not Available,Not Available,Not Available,Not Available,Not Available,Not Available,Not Available,Not Available,Not Available,Not Available,Not Available,Not Available
UNI086,Deen Dayal Upadhyay Gorakhpur University,,http://www.ddugu.edu.in/,Not Available,Not Available,Not Available,Not Available,"Engineering: CSE, Mechanical | Management: MBA, BBA | Science: B.Sc, M.Sc","B.Tech CSE, MBA Finance, B.Sc","Computer Science, Mechanical Engineering, Civil Engineering, Management Studies, Applied Sciences","Minimum 60% aggregate in 10+2 (Physics, Chemistry, Mathematics/Biology)",Not Available,Not Available,Not Available,Not Available,Not Available,Not Available,Not Available,Not Available,Not Available,Not Available,Not Available,Not Available,Not Available,Not Available,Not Available,Not Available,Not Available,Not Available,Not Available,Not Available,Not Available,Not Available,Not Available,Not Available,Not Available,Not Available,Not Available,Not Available,Not Available,Not Available,Not Available,Not Available,Not Available,Not Available,Not Available,Not Available,Not Available,Not Available,Not Available,Not Available,Not Available,Not Available,Not Available,Not Available,Not Available,Not Available,Not Available,Not Available,Not Available,Not Available,Not Available,Not Available,Not Available,Not Available,Not Available,Not Available,Not Available
UNI087,Deccan College Postgraduate and Research Institute,,http://www.deccancollegepune.ac.in/,Not Available,Not Available,Not Available,Not Available,"Engineering: CSE, Mechanical | Management: MBA, BBA | Science: B.Sc, M.Sc","B.Tech CSE, MBA Finance, B.Sc","Computer Science, Mechanical Engineering, Civil Engineering, Management Studies, Applied Sciences","Minimum 60% aggregate in 10+2 (Physics, Chemistry, Mathematics/Biology)",Not Available,Not Available,Not Available,Not Available,Not Available,Not Available,Not Available,Not Available,Not Available,Not Available,Not Available,Not Available,Not Available,Not Available,Not Available,Not Available,Not Available,Not Available,Not Available,Not Available,Not Available,Not Available,Not Available,Not Available,Not Available,Not Available,Not Available,Not Available,Not Available,Not Available,Not Available,Not Available,Not Available,Not Available,Not Available,Not Available,Not Available,Not Available,Not Available,Not Available,Not Available,Not Available,Not Available,Not Available,Not Available,Not Available,Not Available,Not Available,Not Available,Not Available,Not Available,Not Available,Not Available,Not Available,Not Available,Not Available,Not Available
UNI088,COEP Technological University,,https://www.coep.org.in/,Not Available,Not Available,Not Available,Not Available,"Engineering: Computer Science (CSE), Civil, Mechanical, ICT","B.Tech CSE, MBA Finance, B.Sc","Computer Science, Mechanical Engineering, Civil Engineering, Management Studies, Applied Sciences","Minimum 60% aggregate in 10+2 (Physics, Chemistry, Mathematics/Biology)",Not Available,Not Available,Not Available,Not Available,Not Available,Not Available,Not Available,Not Available,Not Available,Not Available,Not Available,Not Available,Not Available,Not Available,Not Available,Not Available,Not Available,Not Available,Not Available,Not Available,Not Available,Not Available,Not Available,Not Available,Not Available,Not Available,Not Available,Not Available,Not Available,Not Available,Not Available,Not Available,Not Available,Not Available,Not Available,Not Available,Not Available,Not Available,Not Available,Not Available,Not Available,Not Available,Not Available,Not Available,Not Available,Not Available,Not Available,Not Available,Not Available,Not Available,Not Available,Not Available,Not Available,Not Available,Not Available,Not Available,Not Available
UNI089,Dayalbagh Educational Institute,,http://www.dei.ac.in/,Not Available,Not Available,Not Available,Not Available,"Engineering: CSE, Mechanical | Management: MBA, BBA | Science: B.Sc, M.Sc","B.Tech CSE, MBA Finance, B.Sc","Computer Science, Mechanical Engineering, Civil Engineering, Management Studies, Applied Sciences","Minimum 60% aggregate in 10+2 (Physics, Chemistry, Mathematics/Biology)",Not Available,Not Available,Not Available,Not Available,Not Available,Not Available,Not Available,Not Available,Not Available,Not Available,Not Available,Not Available,Not Available,Not Available,Not Available,Not Available,Not Available,Not Available,Not Available,Not Available,Not Available,Not Available,Not Available,Not Available,Not Available,Not Available,Not Available,Not Available,Not Available,Not Available,Not Available,Not Available,Not Available,Not Available,Not Available,Not Available,Not Available,Not Available,Not Available,Not Available,Not Available,Not Available,Not Available,Not Available,Not Available,Not Available,Not Available,Not Available,Not Available,Not Available,Not Available,Not Available,Not Available,Not Available,Not Available,Not Available,Not Available
UNI090,Dibrugarh University,,http://www.dibru.ernet.in/,Not Available,Not Available,Not Available,Not Available,"Engineering: CSE, Mechanical | Management: MBA, BBA | Science: B.Sc, M.Sc","B.Tech CSE, MBA Finance, B.Sc","Computer Science, Mechanical Engineering, Civil Engineering, Management Studies, Applied Sciences","Minimum 60% aggregate in 10+2 (Physics, Chemistry, Mathematics/Biology)",Not Available,Not Available,Not Available,Not Available,Not Available,Not Available,Not Available,Not Available,Not Available,Not Available,Not Available,Not Available,Not Available,Not Available,Not Available,Not Available,Not Available,Not Available,Not Available,Not Available,Not Available,Not Available,Not Available,Not Available,Not Available,Not Available,Not Available,Not Available,Not Available,Not Available,Not Available,Not Available,Not Available,Not Available,Not Available,Not Available,Not Available,Not Available,Not Available,Not Available,Not Available,Not Available,Not Available,Not Available,Not Available,Not Available,Not Available,Not Available,Not Available,Not Available,Not Available,Not Available,Not Available,Not Available,Not Available,Not Available,Not Available
UNI091,Dravidian University,Andhra Pradesh,http://www.dravidianuniversity.ac.in/,1997,Not Available,Not Available,Not Available,"Engineering: CSE, Mechanical | Management: MBA, BBA | Science: B.Sc, M.Sc","B.Tech CSE, MBA Finance, B.Sc","Computer Science, Mechanical Engineering, Civil Engineering, Management Studies, Applied Sciences","Minimum 60% aggregate in 10+2 (Physics, Chemistry, Mathematics/Biology)",Not Available,Not Available,Not Available,Not Available,Not Available,Not Available,Not Available,Not Available,Not Available,Not Available,Not Available,Not Available,Not Available,Not Available,Not Available,Not Available,Not Available,Not Available,Not Available,Not Available,Not Available,Not Available,Not Available,Not Available,Not Available,Not Available,Not Available,Not Available,Not Available,Not Available,Not Available,Not Available,Not Available,Not Available,Not Available,Not Available,Not Available,Not Available,Not Available,Not Available,Not Available,Not Available,Not Available,Not Available,Not Available,Not Available,Not Available,Not Available,Not Available,Not Available,Not Available,Not Available,Not Available,Not Available,Not Available,Not Available,Not Available
UNI092,University of Delhi,Delhi,http://www.du.ac.in/,Not Available,Not Available,Not Available,Not Available,"Engineering: CSE, Mechanical | Management: MBA, BBA | Science: B.Sc, M.Sc","B.Tech CSE, MBA Finance, B.Sc","Computer Science, Mechanical Engineering, Civil Engineering, Management Studies, Applied Sciences","Minimum 60% aggregate in 10+2 (Physics, Chemistry, Mathematics/Biology)",Not Available,Not Available,Not Available,Not Available,Not Available,Not Available,Not Available,Not Available,Not Available,Not Available,Not Available,Not Available,Not Available,Not Available,Not Available,Not Available,Not Available,Not Available,Not Available,Not Available,Not Available,Not Available,Not Available,Not Available,Not Available,Not Available,Not Available,Not Available,Not Available,Not Available,Not Available,Not Available,Not Available,Not Available,Not Available,Not Available,Not Available,Not Available,Not Available,Not Available,Not Available,Not Available,Not Available,Not Available,Not Available,Not Available,Not Available,Not Available,Not Available,Not Available,Not Available,Not Available,Not Available,Not Available,Not Available,Not Available,Not Available
UNI093,Dr. D.Y. Patil University,Maharashtra,http://www.dypatiluniversity.org/,Not Available,Not Available,Not Available,Not Available,"Engineering: CSE, Mechanical | Management: MBA, BBA | Science: B.Sc, M.Sc","B.Tech CSE, MBA Finance, B.Sc","Computer Science, Mechanical Engineering, Civil Engineering, Management Studies, Applied Sciences","Minimum 60% aggregate in 10+2 (Physics, Chemistry, Mathematics/Biology)",Not Available,Not Available,Not Available,Not Available,Not Available,Not Available,Not Available,Not Available,Not Available,Not Available,Not Available,Not Available,Not Available,Not Available,Not Available,Not Available,Not Available,Not Available,Not Available,Not Available,Not Available,Not Available,Not Available,Not Available,Not Available,Not Available,Not Available,Not Available,Not Available,Not Available,Not Available,Not Available,Not Available,Not Available,Not Available,Not Available,Not Available,Not Available,Not Available,Not Available,Not Available,Not Available,Not Available,Not Available,Not Available,Not Available,Not Available,Not Available,Not Available,Not Available,Not Available,Not Available,Not Available,Not Available,Not Available,Not Available,Not Available
UNI094,Eiilm University,,http://www.eiilmuniversity.ac.in/,Not Available,Not Available,Not Available,Not Available,"Engineering: CSE, Mechanical | Management: MBA, BBA | Science: B.Sc, M.Sc","B.Tech CSE, MBA Finance, B.Sc","Computer Science, Mechanical Engineering, Civil Engineering, Management Studies, Applied Sciences","Minimum 60% aggregate in 10+2 (Physics, Chemistry, Mathematics/Biology)",Not Available,Not Available,Not Available,Not Available,Not Available,Not Available,Not Available,Not Available,Not Available,Not Available,Not Available,Not Available,Not Available,Not Available,Not Available,Not Available,Not Available,Not Available,Not Available,Not Available,Not Available,Not Available,Not Available,Not Available,Not Available,Not Available,Not Available,Not Available,Not Available,Not Available,Not Available,Not Available,Not Available,Not Available,Not Available,Not Available,Not Available,Not Available,Not Available,Not Available,Not Available,Not Available,Not Available,Not Available,Not Available,Not Available,Not Available,Not Available,Not Available,Not Available,Not Available,Not Available,Not Available,Not Available,Not Available,Not Available,Not Available
UNI095,Fatima Mata National College,Kerala,http://www.fatimacollege.net/,1951,Not Available,Not Available,Not Available,"Engineering: CSE, Mechanical | Management: MBA, BBA | Science: B.Sc, M.Sc","B.Tech CSE, MBA Finance, B.Sc","Computer Science, Mechanical Engineering, Civil Engineering, Management Studies, Applied Sciences","Minimum 60% aggregate in 10+2 (Physics, Chemistry, Mathematics/Biology)",Not Available,Not Available,Not Available,Not Available,Not Available,Not Available,Not Available,Not Available,Not Available,Not Available,Not Available,Not Available,Not Available,Not Available,Not Available,Not Available,Not Available,Not Available,Not Available,Not Available,Not Available,Not Available,Not Available,Not Available,Not Available,Not Available,Not Available,Not Available,Not Available,Not Available,Not Available,Not Available,Not Available,Not Available,Not Available,Not Available,Not Available,Not Available,Not Available,Not Available,Not Available,Not Available,Not Available,Not Available,Not Available,Not Available,Not Available,Not Available,Not Available,Not Available,Not Available,Not Available,Not Available,Not Available,Not Available,Not Available,Not Available
UNI096,Forest Research Institute Dehradun,Uttarakhand,http://fri.icfre.gov.in/,Not Available,Not Available,Not Available,Not Available,"Engineering: CSE, Mechanical | Management: MBA, BBA | Science: B.Sc, M.Sc","B.Tech CSE, MBA Finance, B.Sc","Computer Science, Mechanical Engineering, Civil Engineering, Management Studies, Applied Sciences","Minimum 60% aggregate in 10+2 (Physics, Chemistry, Mathematics/Biology)",Not Available,Not Available,Not Available,Not Available,Not Available,Not Available,Not Available,Not Available,Not Available,Not Available,Not Available,Not Available,Not Available,Not Available,Not Available,Not Available,Not Available,Not Available,Not Available,Not Available,Not Available,Not Available,Not Available,Not Available,Not Available,Not Available,Not Available,Not Available,Not Available,Not Available,Not Available,Not Available,Not Available,Not Available,Not Available,Not Available,Not Available,Not Available,Not Available,Not Available,Not Available,Not Available,Not Available,Not Available,Not Available,Not Available,Not Available,Not Available,Not Available,Not Available,Not Available,Not Available,Not Available,Not Available,Not Available,Not Available,Not Available
UNI097,Govind Ballabh Pant University of Agriculture and Technology,,http://www.gbpuat.ac.in/,Not Available,Not Available,Not Available,Not Available,"Engineering: Computer Science (CSE), Civil, Mechanical, ICT","B.Tech CSE, MBA Finance, B.Sc","Computer Science, Mechanical Engineering, Civil Engineering, Management Studies, Applied Sciences","Minimum 60% aggregate in 10+2 (Physics, Chemistry, Mathematics/Biology)",2026 per semester,Not Available,Not Available,Not Available,Not Available,Not Available,Not Available,Not Available,Not Available,Not Available,Not Available,Not Available,Not Available,Not Available,Not Available,Not Available,Not Available,Not Available,Not Available,Not Available,2026,Not Available,Not Available,Not Available,Not Available,Not Available,Not Available,Not Available,Not Available,Not Available,Not Available,Not Available,Not Available,Not Available,Not Available,Not Available,Not Available,Not Available,Not Available,Not Available,Not Available,Not Available,Not Available,Not Available,Not Available,Not Available,Not Available,Not Available,Not Available,Not Available,Not Available,Not Available,Not Available,Not Available,Not Available,Not Available,Not Available
UNI098,Guru Ghasidas University,,http://www.ggu.ac.in/,Not Available,Not Available,Not Available,Not Available,"Engineering: CSE, Mechanical | Management: MBA, BBA | Science: B.Sc, M.Sc","B.Tech CSE, MBA Finance, B.Sc","Computer Science, Mechanical Engineering, Civil Engineering, Management Studies, Applied Sciences","Minimum 60% aggregate in 10+2 (Physics, Chemistry, Mathematics/Biology)",Not Available,Not Available,Not Available,Not Available,Not Available,Not Available,Not Available,Not Available,Not Available,Not Available,Not Available,Not Available,Not Available,Not Available,Not Available,Not Available,Not Available,Not Available,Not Available,Not Available,Not Available,Not Available,Not Available,Not Available,Not Available,Not Available,Not Available,Not Available,Not Available,Not Available,Not Available,Not Available,Not Available,Not Available,Not Available,Not Available,Not Available,Not Available,Not Available,Not Available,Not Available,Not Available,Not Available,Not Available,Not Available,Not Available,Not Available,Not Available,Not Available,Not Available,Not Available,Not Available,Not Available,Not Available,Not Available,Not Available,Not Available
UNI099,Gokhale Institute of Politics and Economics,,http://www.gipe.ernet.in/,Not Available,Not Available,Not Available,Not Available,"Engineering: CSE, Mechanical | Management: MBA, BBA | Science: B.Sc, M.Sc","B.Tech CSE, MBA Finance, B.Sc","Computer Science, Mechanical Engineering, Civil Engineering, Management Studies, Applied Sciences","Minimum 60% aggregate in 10+2 (Physics, Chemistry, Mathematics/Biology)",Not Available,Not Available,Not Available,Not Available,Not Available,Not Available,Not Available,Not Available,Not Available,Not Available,Not Available,Not Available,Not Available,Not Available,Not Available,Not Available,Not Available,Not Available,Not Available,Not Available,Not Available,Not Available,Not Available,Not Available,Not Available,Not Available,Not Available,Not Available,Not Available,Not Available,Not Available,Not Available,Not Available,Not Available,Not Available,Not Available,Not Available,Not Available,Not Available,Not Available,Not Available,Not Available,Not Available,Not Available,Not Available,Not Available,Not Available,Not Available,Not Available,Not Available,Not Available,Not Available,Not Available,Not Available,Not Available,Not Available,Not Available
UNI100,Gandhi Institute of Technology and Managment,,http://www.gitam.edu/,Not Available,Not Available,Not Available,Not Available,"Engineering: Computer Science (CSE), Civil, Mechanical, ICT","B.Tech CSE, MBA Finance, B.Sc","Computer Science, Mechanical Engineering, Civil Engineering, Management Studies, Applied Sciences","Minimum 60% aggregate in 10+2 (Physics, Chemistry, Mathematics/Biology)",Not Available,Not Available,Not Available,Not Available,Not Available,Not Available,Not Available,Not Available,Not Available,Not Available,Not Available,Not Available,Not Available,Not Available,Not Available,Not Available,Not Available,Not Available,Not Available,Not Available,Not Available,Not Available,Not Available,Not Available,Not Available,Not Available,Not Available,Not Available,Not Available,Not Available,Not Available,Not Available,Not Available,Not Available,Not Available,Not Available,Not Available,Not Available,Not Available,Not Available,Not Available,Not Available,Not Available,Not Available,Not Available,Not Available,Not Available,Not Available,Not Available,Not Available,Not Available,Not Available,Not Available,Not Available,Not Available,Not Available,Not Available
UNI101,Guru Jambeshwar University,,http://www.gju.ernet.in/,Not Available,Not Available,Not Available,Not Available,"Engineering: CSE, Mechanical | Management: MBA, BBA | Science: B.Sc, M.Sc","B.Tech CSE, MBA Finance, B.Sc","Computer Science, Mechanical Engineering, Civil Engineering, Management Studies, Applied Sciences","Minimum 60% aggregate in 10+2 (Physics, Chemistry, Mathematics/Biology)",Not Available,Not Available,Not Available,Not Available,Not Available,Not Available,Not Available,Not Available,Not Available,Not Available,Not Available,Not Available,Not Available,Not Available,Not Available,Not Available,Not Available,Not Available,Not Available,Not Available,Not Available,Not Available,Not Available,Not Available,Not Available,Not Available,Not Available,Not Available,Not Available,Not Available,Not Available,Not Available,Not Available,Not Available,Not Available,Not Available,Not Available,Not Available,Not Available,Not Available,Not Available,Not Available,Not Available,Not Available,Not Available,Not Available,Not Available,Not Available,Not Available,Not Available,Not Available,Not Available,Not Available,Not Available,Not Available,Not Available,Not Available
UNI102,Gurukula Kangri University,,http://www.gkvharidwar.org/,Not Available,Not Available,Not Available,Not Available,"Engineering: CSE, Mechanical | Management: MBA, BBA | Science: B.Sc, M.Sc","B.Tech CSE, MBA Finance, B.Sc","Computer Science, Mechanical Engineering, Civil Engineering, Management Studies, Applied Sciences","Minimum 60% aggregate in 10+2 (Physics, Chemistry, Mathematics/Biology)",Not Available,Not Available,Not Available,Not Available,Not Available,Not Available,Not Available,Not Available,Not Available,Not Available,Not Available,Not Available,Not Available,Not Available,Not Available,Not Available,Not Available,Not Available,Not Available,Not Available,Not Available,Not Available,Not Available,Not Available,Not Available,Not Available,Not Available,Not Available,Not Available,Not Available,Not Available,Not Available,Not Available,Not Available,Not Available,Not Available,Not Available,Not Available,Not Available,Not Available,Not Available,Not Available,Not Available,Not Available,Not Available,Not Available,Not Available,Not Available,Not Available,Not Available,Not Available,Not Available,Not Available,Not Available,Not Available,Not Available,Not Available
UNI103,Guru Nanak Dev University,,http://www.gnduonline.org/,Not Available,Not Available,Not Available,Not Available,"Engineering: CSE, Mechanical | Management: MBA, BBA | Science: B.Sc, M.Sc","B.Tech CSE, MBA Finance, B.Sc","Computer Science, Mechanical Engineering, Civil Engineering, Management Studies, Applied Sciences","Minimum 60% aggregate in 10+2 (Physics, Chemistry, Mathematics/Biology)",Not Available,Not Available,Not Available,Not Available,Not Available,Not Available,Not Available,Not Available,Not Available,Not Available,Not Available,Not Available,Not Available,Not Available,Not Available,Not Available,Not Available,Not Available,Not Available,Not Available,Not Available,Not Available,Not Available,Not Available,Not Available,Not Available,Not Available,Not Available,Not Available,Not Available,Not Available,Not Available,Not Available,Not Available,Not Available,Not Available,Not Available,Not Available,Not Available,Not Available,Not Available,Not Available,Not Available,Not Available,Not Available,Not Available,Not Available,Not Available,Not Available,Not Available,Not Available,Not Available,Not Available,Not Available,Not Available,Not Available,Not Available
UNI104,"Global Open University , Nagaland",Nagaland,http://www.government.ind.in/,Not Available,Not Available,Not Available,Not Available,"Engineering: CSE, Mechanical | Management: MBA, BBA | Science: B.Sc, M.Sc","B.Tech CSE, MBA Finance, B.Sc","Computer Science, Mechanical Engineering, Civil Engineering, Management Studies, Applied Sciences","Minimum 60% aggregate in 10+2 (Physics, Chemistry, Mathematics/Biology)",Not Available,Not Available,Not Available,Not Available,Not Available,Not Available,Not Available,Not Available,Not Available,Not Available,Not Available,Not Available,Not Available,Not Available,Not Available,Not Available,Not Available,Not Available,Not Available,Not Available,Not Available,Not Available,Not Available,Not Available,Not Available,Not Available,Not Available,Not Available,Not Available,Not Available,Not Available,Not Available,Not Available,Not Available,Not Available,Not Available,Not Available,Not Available,Not Available,Not Available,Not Available,Not Available,Not Available,Not Available,Not Available,Not Available,Not Available,Not Available,Not Available,Not Available,Not Available,Not Available,Not Available,Not Available,Not Available,Not Available,Not Available
UNI105,Gujarat Technological University Ahmedabad,Gujarat,http://www.gtu.ac.in/,Not Available,Not Available,Not Available,Not Available,"Engineering: Computer Science (CSE), Civil, Mechanical, ICT","B.Tech CSE, MBA Finance, B.Sc","Computer Science, Mechanical Engineering, Civil Engineering, Management Studies, Applied Sciences","Minimum 60% aggregate in 10+2 (Physics, Chemistry, Mathematics/Biology)",Not Available,Not Available,Not Available,Not Available,Not Available,Not Available,Not Available,Not Available,Not Available,Not Available,Not Available,Not Available,Not Available,Not Available,Not Available,Not Available,Not Available,Not Available,Not Available,Not Available,Not Available,Not Available,Not Available,Not Available,Not Available,Not Available,Not Available,Not Available,Not Available,Not Available,Not Available,Not Available,Not Available,Not Available,Not Available,Not Available,Not Available,Not Available,Not Available,Not Available,Not Available,Not Available,Not Available,Not Available,Not Available,Not Available,Not Available,Not Available,Not Available,Not Available,Not Available,Not Available,Not Available,Not Available,Not Available,Not Available,Not Available
UNI106,Gujarat University Ahmedabad,Gujarat,http://www.gujaratuniversity.org.in/,1949,Not Available,Not Available,Not Available,"Engineering: CSE, Mechanical | Management: MBA, BBA | Science: B.Sc, M.Sc","B.Tech CSE, MBA Finance, B.Sc","Computer Science, Mechanical Engineering, Civil Engineering, Management Studies, Applied Sciences","Minimum 60% aggregate in 10+2 (Physics, Chemistry, Mathematics/Biology)",Not Available,Not Available,Not Available,Not Available,Not Available,Not Available,Not Available,Not Available,Not Available,Not Available,Not Available,Not Available,Not Available,Not Available,Not Available,Not Available,Not Available,Not Available,Not Available,Not Available,Not Available,Not Available,Not Available,Not Available,Not Available,Not Available,Not Available,Not Available,Not Available,Not Available,Not Available,Not Available,Not Available,Not Available,Not Available,Not Available,Not Available,Not Available,Not Available,Not Available,Not Available,Not Available,Not Available,Not Available,Not Available,Not Available,Not Available,Not Available,Not Available,Not Available,Not Available,Not Available,Not Available,Not Available,Not Available,Not Available,Not Available
UNI107,Gulbarga University,,http://www.gulbargauniversity.kar.nic.in/,Not Available,Not Available,Not Available,Not Available,"Engineering: CSE, Mechanical | Management: MBA, BBA | Science: B.Sc, M.Sc","B.Tech CSE, MBA Finance, B.Sc","Computer Science, Mechanical Engineering, Civil Engineering, Management Studies, Applied Sciences","Minimum 60% aggregate in 10+2 (Physics, Chemistry, Mathematics/Biology)",Not Available,Not Available,Not Available,Not Available,Not Available,Not Available,Not Available,Not Available,Not Available,Not Available,Not Available,Not Available,Not Available,Not Available,Not Available,Not Available,Not Available,Not Available,Not Available,Not Available,Not Available,Not Available,Not Available,Not Available,Not Available,Not Available,Not Available,Not Available,Not Available,Not Available,Not Available,Not Available,Not Available,Not Available,Not Available,Not Available,Not Available,Not Available,Not Available,Not Available,Not Available,Not Available,Not Available,Not Available,Not Available,Not Available,Not Available,Not Available,Not Available,Not Available,Not Available,Not Available,Not Available,Not Available,Not Available,Not Available,Not Available
UNI108,Gauhati University,,http://www.gu.nic.in/,Not Available,Not Available,Not Available,Not Available,"Engineering: CSE, Mechanical | Management: MBA, BBA | Science: B.Sc, M.Sc","B.Tech CSE, MBA Finance, B.Sc","Computer Science, Mechanical Engineering, Civil Engineering, Management Studies, Applied Sciences","Minimum 60% aggregate in 10+2 (Physics, Chemistry, Mathematics/Biology)",Not Available,Not Available,Not Available,Not Available,Not Available,Not Available,Not Available,Not Available,Not Available,Not Available,Not Available,Not Available,Not Available,Not Available,Not Available,Not Available,Not Available,Not Available,Not Available,Not Available,Not Available,Not Available,Not Available,Not Available,Not Available,Not Available,Not Available,Not Available,Not Available,Not Available,Not Available,Not Available,Not Available,Not Available,Not Available,Not Available,Not Available,Not Available,Not Available,Not Available,Not Available,Not Available,Not Available,Not Available,Not Available,Not Available,Not Available,Not Available,Not Available,Not Available,Not Available,Not Available,Not Available,Not Available,Not Available,Not Available,Not Available
UNI109,Gurukul University,,http://www.gurukuluniversity.org/,Not Available,Not Available,Not Available,Not Available,"Engineering: CSE, Mechanical | Management: MBA, BBA | Science: B.Sc, M.Sc","B.Tech CSE, MBA Finance, B.Sc","Computer Science, Mechanical Engineering, Civil Engineering, Management Studies, Applied Sciences","Minimum 60% aggregate in 10+2 (Physics, Chemistry, Mathematics/Biology)",Not Available,Not Available,Not Available,Not Available,Not Available,Not Available,Not Available,Not Available,Not Available,Not Available,Not Available,Not Available,Not Available,Not Available,Not Available,Not Available,Not Available,Not Available,Not Available,Not Available,Not Available,Not Available,Not Available,Not Available,Not Available,Not Available,Not Available,Not Available,Not Available,Not Available,Not Available,Not Available,Not Available,Not Available,Not Available,Not Available,Not Available,Not Available,Not Available,Not Available,Not Available,Not Available,Not Available,Not Available,Not Available,Not Available,Not Available,Not Available,Not Available,Not Available,Not Available,Not Available,Not Available,Not Available,Not Available,Not Available,Not Available
UNI110,CCS Haryana Agricultural University,Haryana,http://hau.ernet.in/,Not Available,Not Available,Not Available,Not Available,"Engineering: CSE, Mechanical | Management: MBA, BBA | Science: B.Sc, M.Sc","B.Tech CSE, MBA Finance, B.Sc","Computer Science, Mechanical Engineering, Civil Engineering, Management Studies, Applied Sciences","Minimum 60% aggregate in 10+2 (Physics, Chemistry, Mathematics/Biology)",Not Available,Not Available,Not Available,Not Available,Not Available,Not Available,Not Available,Not Available,Not Available,Not Available,Not Available,Not Available,Not Available,Not Available,Not Available,Not Available,Not Available,Not Available,Not Available,Not Available,Not Available,Not Available,Not Available,Not Available,Not Available,Not Available,Not Available,Not Available,Not Available,Not Available,Not Available,Not Available,Not Available,Not Available,Not Available,Not Available,Not Available,Not Available,Not Available,Not Available,Not Available,Not Available,Not Available,Not Available,Not Available,Not Available,Not Available,Not Available,Not Available,Not Available,Not Available,Not Available,Not Available,Not Available,Not Available,Not Available,Not Available
UNI111,Himachal Pradesh Agricultural University,Himachal Pradesh,http://hillagric.ernet.in/,Not Available,Not Available,Not Available,Not Available,"Engineering: CSE, Mechanical | Management: MBA, BBA | Science: B.Sc, M.Sc","B.Tech CSE, MBA Finance, B.Sc","Computer Science, Mechanical Engineering, Civil Engineering, Management Studies, Applied Sciences","Minimum 60% aggregate in 10+2 (Physics, Chemistry, Mathematics/Biology)",Not Available,Not Available,Not Available,Not Available,Not Available,Not Available,Not Available,Not Available,Not Available,Not Available,Not Available,Not Available,Not Available,Not Available,Not Available,Not Available,Not Available,Not Available,Not Available,Not Available,Not Available,Not Available,Not Available,Not Available,Not Available,Not Available,Not Available,Not Available,Not Available,Not Available,Not Available,Not Available,Not Available,Not Available,Not Available,Not Available,Not Available,Not Available,Not Available,Not Available,Not Available,Not Available,Not Available,Not Available,Not Available,Not Available,Not Available,Not Available,Not Available,Not Available,Not Available,Not Available,Not Available,Not Available,Not Available,Not Available,Not Available
UNI112,Hemwati Nandan Bahuguna Garhwal University,,http://www.hnbgu.ac.in/,1973,Not Available,Not Available,Not Available,"Engineering: CSE, Mechanical | Management: MBA, BBA | Science: B.Sc, M.Sc","B.Tech CSE, MBA Finance, B.Sc","Computer Science, Mechanical Engineering, Civil Engineering, Management Studies, Applied Sciences","Minimum 60% aggregate in 10+2 (Physics, Chemistry, Mathematics/Biology)",Not Available,Not Available,Not Available,Not Available,Not Available,Not Available,Not Available,Not Available,Not Available,Not Available,Not Available,Not Available,Not Available,Not Available,Not Available,Not Available,Not Available,Not Available,Not Available,Not Available,Not Available,Not Available,Not Available,Not Available,Not Available,Not Available,Not Available,2026,Not Available,Not Available,Not Available,Not Available,Not Available,Not Available,Not Available,Not Available,Not Available,Not Available,Not Available,Not Available,Not Available,Not Available,Not Available,Not Available,Not Available,Not Available,Not Available,Not Available,Not Available,Not Available,Not Available,Not Available,Not Available,Not Available,Not Available,Not Available,Not Available
UNI113,"Hidayatullah National Law University, Raipur",Chhattisgarh,http://www.hnluraipur.com/,Not Available,Not Available,Not Available,Not Available,"Engineering: CSE, Mechanical | Management: MBA, BBA | Science: B.Sc, M.Sc","B.Tech CSE, MBA Finance, B.Sc","Computer Science, Mechanical Engineering, Civil Engineering, Management Studies, Applied Sciences","Minimum 60% aggregate in 10+2 (Physics, Chemistry, Mathematics/Biology)",Not Available,Not Available,Not Available,Not Available,Not Available,Not Available,Not Available,Not Available,Not Available,Not Available,Not Available,Not Available,Not Available,Not Available,Not Available,Not Available,Not Available,Not Available,Not Available,Not Available,Not Available,Not Available,Not Available,Not Available,Not Available,Not Available,Not Available,Not Available,Not Available,Not Available,Not Available,Not Available,Not Available,Not Available,Not Available,Not Available,Not Available,Not Available,Not Available,Not Available,Not Available,Not Available,Not Available,Not Available,Not Available,Not Available,Not Available,Not Available,Not Available,Not Available,Not Available,Not Available,Not Available,Not Available,Not Available,Not Available,Not Available
UNI114,Sri Ramachardra Medical College and Research Institute,,https://www.sriramachandra.edu.in/,Not Available,Not Available,Not Available,Not Available,"Medical: MBBS, BDS, MD, B.Sc Nursing","B.Tech CSE, MBA Finance, B.Sc","Computer Science, Mechanical Engineering, Civil Engineering, Management Studies, Applied Sciences","Minimum 60% aggregate in 10+2 (Physics, Chemistry, Mathematics/Biology)",Not Available,Not Available,Not Available,Not Available,Not Available,Not Available,Not Available,Not Available,Not Available,Not Available,Not Available,Not Available,Not Available,Not Available,Not Available,Not Available,Not Available,Not Available,Not Available,Not Available,Not Available,Not Available,Not Available,Not Available,Not Available,Not Available,Not Available,Not Available,Not Available,Not Available,Not Available,Not Available,Not Available,Not Available,Not Available,Not Available,Not Available,Not Available,Not Available,Not Available,Not Available,Not Available,Not Available,Not Available,Not Available,Not Available,Not Available,Not Available,Not Available,Not Available,Not Available,Not Available,Not Available,Not Available,Not Available,Not Available,Not Available
UNI115,Himachal Pradesh University,Himachal Pradesh,http://hpuniv.nic.in/,Not Available,Not Available,Not Available,Not Available,"Engineering: CSE, Mechanical | Management: MBA, BBA | Science: B.Sc, M.Sc","B.Tech CSE, MBA Finance, B.Sc","Computer Science, Mechanical Engineering, Civil Engineering, Management Studies, Applied Sciences","Minimum 60% aggregate in 10+2 (Physics, Chemistry, Mathematics/Biology)",Not Available,Not Available,Not Available,Not Available,Not Available,Not Available,Not Available,Not Available,Not Available,Not Available,Not Available,Not Available,Not Available,Not Available,Not Available,Not Available,Not Available,Not Available,Not Available,Not Available,Not Available,Not Available,Not Available,Not Available,Not Available,Not Available,Not Available,Not Available,Not Available,Not Available,Not Available,Not Available,Not Available,Not Available,Not Available,Not Available,Not Available,Not Available,Not Available,Not Available,Not Available,Not Available,Not Available,Not Available,Not Available,Not Available,Not Available,Not Available,Not Available,Not Available,Not Available,Not Available,Not Available,Not Available,Not Available,Not Available,Not Available
UNI116,Indian Agricultural Research Institute,,http://www.iari.ernet.in/,Not Available,Not Available,Not Available,Not Available,"Engineering: CSE, Mechanical | Management: MBA, BBA | Science: B.Sc, M.Sc","B.Tech CSE, MBA Finance, B.Sc","Computer Science, Mechanical Engineering, Civil Engineering, Management Studies, Applied Sciences","Minimum 60% aggregate in 10+2 (Physics, Chemistry, Mathematics/Biology)",Not Available,Not Available,Not Available,Not Available,Not Available,Not Available,Not Available,Not Available,Not Available,Not Available,Not Available,Not Available,Not Available,Not Available,Not Available,Not Available,Not Available,Not Available,Not Available,Not Available,Not Available,Not Available,Not Available,Not Available,Not Available,Not Available,Not Available,Not Available,Not Available,Not Available,Not Available,Not Available,Not Available,Not Available,Not Available,Not Available,Not Available,Not Available,Not Available,Not Available,Not Available,Not Available,Not Available,Not Available,Not Available,Not Available,Not Available,Not Available,Not Available,Not Available,Not Available,Not Available,Not Available,Not Available,Not Available,Not Available,Not Available
UNI117,IASE (Institute of Advanced Studies) Deemed University,,http://www.iaseduniv.org/,Not Available,Not Available,Not Available,Not Available,"Engineering: CSE, Mechanical | Management: MBA, BBA | Science: B.Sc, M.Sc","B.Tech CSE, MBA Finance, B.Sc","Computer Science, Mechanical Engineering, Civil Engineering, Management Studies, Applied Sciences","Minimum 60% aggregate in 10+2 (Physics, Chemistry, Mathematics/Biology)",Not Available,Not Available,Not Available,Not Available,Not Available,Not Available,Not Available,Not Available,Not Available,Not Available,Not Available,Not Available,Not Available,Not Available,Not Available,Not Available,Not Available,Not Available,Not Available,Not Available,Not Available,Not Available,Not Available,Not Available,Not Available,Not Available,Not Available,Not Available,Not Available,Not Available,Not Available,Not Available,Not Available,Not Available,Not Available,Not Available,Not Available,Not Available,Not Available,Not Available,Not Available,Not Available,Not Available,Not Available,Not Available,Not Available,Not Available,Not Available,Not Available,Not Available,Not Available,Not Available,Not Available,Not Available,Not Available,Not Available,Not Available
UNI118,ICFAI University,,http://www.icfai.org/,1984,Not Available,Not Available,Not Available,"Engineering: CSE, Mechanical | Management: MBA, BBA | Science: B.Sc, M.Sc","B.Tech CSE, MBA Finance, B.Sc","Computer Science, Mechanical Engineering, Civil Engineering, Management Studies, Applied Sciences","Minimum 60% aggregate in 10+2 (Physics, Chemistry, Mathematics/Biology)",Not Available,Not Available,Not Available,Not Available,Not Available,Not Available,Not Available,Not Available,Not Available,Not Available,Not Available,Not Available,Not Available,Not Available,Not Available,Not Available,Not Available,Not Available,Not Available,Not Available,Not Available,Not Available,Not Available,Not Available,Not Available,Not Available,Not Available,Not Available,Not Available,Not Available,Not Available,Not Available,Not Available,Not Available,Not Available,Not Available,Not Available,Not Available,Not Available,Not Available,Not Available,Not Available,Not Available,Not Available,Not Available,Not Available,Not Available,Not Available,Not Available,Not Available,Not Available,Not Available,Not Available,Not Available,Not Available,Not Available,Not Available
UNI119,"ICFAI University, Dehradun",Dehradun,https://www.iudehradun.edu.in/,2003,Not Available,Not Available,Not Available,"Engineering: CSE, Mechanical | Management: MBA, BBA | Science: B.Sc, M.Sc","B.Tech CSE, MBA Finance, B.Sc","Computer Science, Mechanical Engineering, Civil Engineering, Management Studies, Applied Sciences","Minimum 60% aggregate in 10+2 (Physics, Chemistry, Mathematics/Biology)",Not Available,Not Available,Not Available,Not Available,Not Available,Not Available,96% in 2023,12 Lakh Per Annum,Not Available,Not Available,Not Available,Not Available,Not Available,Not Available,Not Available,Not Available,Not Available,Not Available,Not Available,Not Available,2026,Not Available,Not Available,Not Available,Not Available,Not Available,Not Available,Not Available,Not Available,Not Available,Not Available,Not Available,Not Available,Not Available,Not Available,Not Available,Not Available,Not Available,Not Available,Not Available,Not Available,Not Available,Not Available,Not Available,Not Available,Not Available,Not Available,Not Available,Not Available,Not Available,Not Available,Not Available,Not Available,Not Available,Not Available,Not Available,Not Available
UNI120,"ICFAI University, Tripura",Tripura,https://www.iutripura.edu.in/,2004,Not Available,Not Available,Not Available,"Engineering: CSE, Mechanical | Management: MBA, BBA | Science: B.Sc, M.Sc","B.Tech CSE, MBA Finance, B.Sc","Computer Science, Mechanical Engineering, Civil Engineering, Management Studies, Applied Sciences","Minimum 60% aggregate in 10+2 (Physics, Chemistry, Mathematics/Biology)",Not Available,Not Available,Not Available,Not Available,Not Available,Not Available,76% in 2024,Not Available,Not Available,Not Available,Not Available,Not Available,Not Available,Not Available,Not Available,Not Available,Not Available,Not Available,Not Available,Not Available,15000,Not Available,Not Available,Not Available,Not Available,Not Available,Not Available,Not Available,Not Available,Not Available,Not Available,Not Available,Not Available,Not Available,Not Available,Not Available,Not Available,Not Available,Not Available,Not Available,Not Available,Not Available,Not Available,Not Available,Not Available,Not Available,Not Available,Not Available,Not Available,Not Available,Not Available,Not Available,Not Available,Not Available,Not Available,Not Available,Not Available
UNI121,"ICFAI University, Sikkim",Sikkim,https://www.iusikkim.edu.in/,Not Available,Not Available,Not Available,Not Available,"Engineering: CSE, Mechanical | Management: MBA, BBA | Science: B.Sc, M.Sc","B.Tech CSE, MBA Finance, B.Sc","Computer Science, Mechanical Engineering, Civil Engineering, Management Studies, Applied Sciences","Minimum 60% aggregate in 10+2 (Physics, Chemistry, Mathematics/Biology)",Not Available,Not Available,Not Available,Not Available,Not Available,Not Available,80% in 2023,7.25 Lakh Per Annum,Not Available,Not Available,Not Available,Not Available,Not Available,Not Available,Not Available,Not Available,Not Available,Not Available,Not Available,Not Available,15000,Not Available,Not Available,Not Available,Not Available,Not Available,Not Available,Not Available,Not Available,Not Available,Not Available,Not Available,Not Available,Not Available,Not Available,Not Available,Not Available,Not Available,Not Available,Not Available,Not Available,Not Available,Not Available,Not Available,Not Available,Not Available,Not Available,Not Available,Not Available,Not Available,Not Available,Not Available,Not Available,Not Available,Not Available,Not Available,Not Available
UNI122,"ICFAI University, Mizoram",Mizoram,https://www.iumizoram.edu.in/,Not Available,Not Available,Not Available,Not Available,"Engineering: CSE, Mechanical | Management: MBA, BBA | Science: B.Sc, M.Sc","B.Tech CSE, MBA Finance, B.Sc","Computer Science, Mechanical Engineering, Civil Engineering, Management Studies, Applied Sciences","Minimum 60% aggregate in 10+2 (Physics, Chemistry, Mathematics/Biology)",Not Available,Not Available,Not Available,Not Available,Not Available,Not Available,76% in 2023,Not Available,9.32 Lakh Per Annum,Not Available,Not Available,Not Available,Not Available,Not Available,Not Available,Not Available,Not Available,Not Available,Not Available,Not Available,15000,Not Available,Not Available,Not Available,Not Available,Not Available,Not Available,Not Available,Not Available,Not Available,Not Available,Not Available,Not Available,Not Available,Not Available,Not Available,Not Available,Not Available,Not Available,Not Available,Not Available,Not Available,Not Available,Not Available,Not Available,Not Available,Not Available,Not Available,Not Available,Not Available,Not Available,Not Available,Not Available,Not Available,Not Available,Not Available,Not Available
UNI123,"ICFAI University, Meghalaya",Meghalaya,https://www.iumeghalaya.edu.in/,Not Available,Not Available,Not Available,Not Available,"Engineering: CSE, Mechanical | Management: MBA, BBA | Science: B.Sc, M.Sc","B.Tech CSE, MBA Finance, B.Sc","Computer Science, Mechanical Engineering, Civil Engineering, Management Studies, Applied Sciences","Minimum 60% aggregate in 10+2 (Physics, Chemistry, Mathematics/Biology)",Not Available,Not Available,Not Available,Not Available,Not Available,Not Available,76% in 2023,Not Available,9.32 Lakh Per Annum,Not Available,Not Available,Not Available,Not Available,Not Available,Not Available,Not Available,Not Available,Not Available,Not Available,Not Available,15000,Not Available,Not Available,Not Available,Not Available,Not Available,Not Available,Not Available,Not Available,Not Available,Not Available,Not Available,Not Available,Not Available,Not Available,Not Available,Not Available,Not Available,Not Available,Not Available,Not Available,Not Available,Not Available,Not Available,Not Available,Not Available,Not Available,Not Available,Not Available,Not Available,Not Available,Not Available,Not Available,Not Available,Not Available,Not Available,Not Available
UNI124,"ICFAI University, Jharkhand",Jharkhand,https://www.iujharkhand.edu.in/,Not Available,Not Available,Not Available,Not Available,"Engineering: CSE, Mechanical | Management: MBA, BBA | Science: B.Sc, M.Sc","B.Tech CSE, MBA Finance, B.Sc","Computer Science, Mechanical Engineering, Civil Engineering, Management Studies, Applied Sciences","Minimum 60% aggregate in 10+2 (Physics, Chemistry, Mathematics/Biology)",Not Available,Not Available,Not Available,Not Available,Not Available,Not Available,76% in 2023,Not Available,9.32 Lakh Per Annum,Not Available,Not Available,Not Available,Not Available,Not Available,Not Available,Not Available,Not Available,Not Available,Not Available,Not Available,15000,Not Available,Not Available,Not Available,Not Available,Not Available,Not Available,Not Available,Not Available,Not Available,Not Available,Not Available,Not Available,Not Available,Not Available,Not Available,Not Available,Not Available,Not Available,Not Available,Not Available,Not Available,Not Available,Not Available,Not Available,Not Available,Not Available,Not Available,Not Available,Not Available,Not Available,Not Available,Not Available,Not Available,Not Available,Not Available,Not Available
UNI125,"ICFAI University, Nagaland",Nagaland,https://www.iunagaland.edu.in/,Not Available,Not Available,Not Available,Not Available,"Engineering: CSE, Mechanical | Management: MBA, BBA | Science: B.Sc, M.Sc","B.Tech CSE, MBA Finance, B.Sc","Computer Science, Mechanical Engineering, Civil Engineering, Management Studies, Applied Sciences","Minimum 60% aggregate in 10+2 (Physics, Chemistry, Mathematics/Biology)",Not Available,Not Available,Not Available,Not Available,Not Available,Not Available,Not Available,Not Available,Not Available,Not Available,Not Available,Not Available,Not Available,Not Available,Not Available,Not Available,Not Available,Not Available,Not Available,Not Available,15000,Not Available,Not Available,Not Available,Not Available,Not Available,Not Available,Not Available,Not Available,Not Available,Not Available,Not Available,Not Available,Not Available,Not Available,Not Available,Not Available,Not Available,Not Available,Not Available,Not Available,Not Available,Not Available,Not Available,Not Available,Not Available,Not Available,Not Available,Not Available,Not Available,Not Available,Not Available,Not Available,Not Available,Not Available,Not Available,Not Available
UNI126,"ICFAI University, Jaipur",Rajasthan,https://www.iujaipur.edu.in/,2011,Not Available,Not Available,Not Available,"Engineering: CSE, Mechanical | Management: MBA, BBA | Science: B.Sc, M.Sc","B.Tech CSE, MBA Finance, B.Sc","Computer Science, Mechanical Engineering, Civil Engineering, Management Studies, Applied Sciences","Minimum 60% aggregate in 10+2 (Physics, Chemistry, Mathematics/Biology)",Not Available,Not Available,Not Available,Not Available,Not Available,Not Available,90% in 2023,Not Available,Not Available,Not Available,Not Available,Not Available,Not Available,Not Available,Not Available,Not Available,Not Available,Not Available,Not Available,Not Available,15000,Not Available,Not Available,Not Available,Not Available,Not Available,Not Available,Not Available,Not Available,Not Available,Not Available,Not Available,Not Available,Not Available,Not Available,Not Available,Not Available,Not Available,Not Available,Not Available,Not Available,Not Available,Not Available,Not Available,Not Available,Not Available,Not Available,Not Available,Not Available,Not Available,Not Available,Not Available,Not Available,Not Available,Not Available,Not Available,Not Available
UNI127,"ICFAI University, Raipur",Chhattisgarh,https://www.iuraipur.edu.in/,Not Available,Not Available,Not Available,Not Available,"Engineering: CSE, Mechanical | Management: MBA, BBA | Science: B.Sc, M.Sc","B.Tech CSE, MBA Finance, B.Sc","Computer Science, Mechanical Engineering, Civil Engineering, Management Studies, Applied Sciences","Minimum 60% aggregate in 10+2 (Physics, Chemistry, Mathematics/Biology)",2021 per semester,Not Available,Not Available,Not Available,Not Available,Not Available,90% in 2023,Not Available,10 Lakh Per Annum,Not Available,Not Available,Not Available,Not Available,Not Available,Not Available,Not Available,Not Available,Not Available,Not Available,Not Available,15000,Not Available,Not Available,Not Available,Not Available,Not Available,Not Available,Not Available,Not Available,Not Available,Not Available,Not Available,Not Available,Not Available,Not Available,Not Available,Not Available,Not Available,Not Available,Not Available,Not Available,Not Available,Not Available,Not Available,Not Available,Not Available,Not Available,Not Available,Not Available,Not Available,Not Available,Not Available,Not Available,Not Available,Not Available,Not Available,Not Available
UNI128,"ICFAI University, Himachal Pradesh",Himachal Pradesh,https://www.iuhimachal.edu.in/,2011,Not Available,Not Available,Not Available,"Engineering: CSE, Mechanical | Management: MBA, BBA | Science: B.Sc, M.Sc","B.Tech CSE, MBA Finance, B.Sc","Computer Science, Mechanical Engineering, Civil Engineering, Management Studies, Applied Sciences","Minimum 60% aggregate in 10+2 (Physics, Chemistry, Mathematics/Biology)",Not Available,Not Available,Not Available,Not Available,Not Available,Not Available,80% in 2023,Not Available,10.00 Lakh Per Annum,Not Available,Not Available,Not Available,Not Available,Not Available,Not Available,Not Available,Not Available,Not Available,Not Available,Not Available,15000,Not Available,Not Available,Not Available,Not Available,Not Available,Not Available,Not Available,Not Available,Not Available,Not Available,Not Available,Not Available,Not Available,Not Available,Not Available,Not Available,Not Available,Not Available,Not Available,Not Available,Not Available,Not Available,Not Available,Not Available,Not Available,Not Available,Not Available,Not Available,Not Available,Not Available,Not Available,Not Available,Not Available,Not Available,Not Available,Not Available
UNI129,"ICFAI University, Hyderabad",Telangana,https://www.ifheindia.org/,Not Available,Not Available,Not Available,Not Available,"Engineering: CSE, Mechanical | Management: MBA, BBA | Science: B.Sc, M.Sc","B.Tech CSE, MBA Finance, B.Sc","Computer Science, Mechanical Engineering, Civil Engineering, Management Studies, Applied Sciences","Minimum 60% aggregate in 10+2 (Physics, Chemistry, Mathematics/Biology)",Not Available,Not Available,Not Available,Not Available,Not Available,Not Available,93% in 2023,21.00 Lakh Per Annum,21.00 Lakh Per Annum,Not Available,Not Available,Not Available,Not Available,Not Available,Not Available,Not Available,Not Available,Not Available,Not Available,Not Available,Not Available,Not Available,Not Available,Not Available,Not Available,Not Available,Not Available,Not Available,Not Available,Not Available,Not Available,Not Available,Not Available,Not Available,Not Available,Not Available,Not Available,Not Available,Not Available,Not Available,Not Available,Not Available,Not Available,Not Available,Not Available,Not Available,Not Available,Not Available,Not Available,Not Available,Not Available,Not Available,Not Available,Not Available,Not Available,Not Available,Not Available
UNI130,Indira Gandhi Agricultural University,,http://www.igau.edu.in/,Not Available,Not Available,Not Available,Not Available,"Engineering: CSE, Mechanical | Management: MBA, BBA | Science: B.Sc, M.Sc","B.Tech CSE, MBA Finance, B.Sc","Computer Science, Mechanical Engineering, Civil Engineering, Management Studies, Applied Sciences","Minimum 60% aggregate in 10+2 (Physics, Chemistry, Mathematics/Biology)",Not Available,Not Available,Not Available,Not Available,Not Available,Not Available,Not Available,Not Available,Not Available,Not Available,Not Available,Not Available,Not Available,Not Available,Not Available,Not Available,Not Available,Not Available,Not Available,Not Available,Not Available,Not Available,Not Available,Not Available,Not Available,Not Available,Not Available,Not Available,Not Available,Not Available,Not Available,Not Available,Not Available,Not Available,Not Available,Not Available,Not Available,Not Available,Not Available,Not Available,Not Available,Not Available,Not Available,Not Available,Not Available,Not Available,Not Available,Not Available,Not Available,Not Available,Not Available,Not Available,Not Available,Not Available,Not Available,Not Available,Not Available
UNI131,Indira Gandhi Institute of Development and Research,,http://www.igidr.ac.in/,Not Available,Not Available,Not Available,Not Available,"Engineering: CSE, Mechanical | Management: MBA, BBA | Science: B.Sc, M.Sc","B.Tech CSE, MBA Finance, B.Sc","Computer Science, Mechanical Engineering, Civil Engineering, Management Studies, Applied Sciences","Minimum 60% aggregate in 10+2 (Physics, Chemistry, Mathematics/Biology)",Not Available,Not Available,Not Available,Not Available,Not Available,Not Available,Not Available,Not Available,Not Available,Not Available,Not Available,Not Available,Not Available,Not Available,Not Available,Not Available,Not Available,Not Available,Not Available,Not Available,Not Available,Not Available,Not Available,Not Available,Not Available,Not Available,Not Available,Not Available,Not Available,Not Available,Not Available,Not Available,Not Available,Not Available,Not Available,Not Available,Not Available,Not Available,Not Available,Not Available,Not Available,Not Available,Not Available,Not Available,Not Available,Not Available,Not Available,Not Available,Not Available,Not Available,Not Available,Not Available,Not Available,Not Available,Not Available,Not Available,Not Available
UNI132,Indira Gandhi Institute of Medical Sciences,,http://www.igims.org/,Not Available,Not Available,Not Available,Not Available,"Medical: MBBS, BDS, MD, B.Sc Nursing","B.Tech CSE, MBA Finance, B.Sc","Computer Science, Mechanical Engineering, Civil Engineering, Management Studies, Applied Sciences","Minimum 60% aggregate in 10+2 (Physics, Chemistry, Mathematics/Biology)",Not Available,Not Available,Not Available,Not Available,Not Available,Not Available,Not Available,Not Available,Not Available,Not Available,Not Available,Not Available,Not Available,Not Available,Not Available,Not Available,Not Available,Not Available,Not Available,Not Available,Not Available,Not Available,Not Available,Not Available,Not Available,Not Available,Not Available,Not Available,Not Available,Not Available,Not Available,Not Available,Not Available,Not Available,Not Available,Not Available,Not Available,Not Available,Not Available,Not Available,Not Available,Not Available,Not Available,Not Available,Not Available,Not Available,Not Available,Not Available,Not Available,Not Available,Not Available,Not Available,Not Available,Not Available,Not Available,Not Available,Not Available
UNI133,Indira Gandhi National Open University,,http://www.ignou.ac.in/,Not Available,Not Available,Not Available,Not Available,"Engineering: CSE, Mechanical | Management: MBA, BBA | Science: B.Sc, M.Sc","B.Tech CSE, MBA Finance, B.Sc","Computer Science, Mechanical Engineering, Civil Engineering, Management Studies, Applied Sciences","Minimum 60% aggregate in 10+2 (Physics, Chemistry, Mathematics/Biology)",Not Available,Not Available,Not Available,Not Available,Not Available,Not Available,Not Available,Not Available,Not Available,Not Available,Not Available,Not Available,Not Available,Not Available,Not Available,Not Available,Not Available,Not Available,Not Available,Not Available,Not Available,Not Available,Not Available,Not Available,Not Available,Not Available,Not Available,Not Available,Not Available,Not Available,Not Available,Not Available,Not Available,Not Available,Not Available,Not Available,Not Available,Not Available,Not Available,Not Available,Not Available,Not Available,Not Available,Not Available,Not Available,Not Available,Not Available,Not Available,Not Available,Not Available,Not Available,Not Available,Not Available,Not Available,Not Available,Not Available,Not Available
UNI134,Indian Institute of Information Technology Allahabad,Uttar Pradesh,http://www.iiita.com/,Not Available,Not Available,Not Available,Not Available,"Engineering: Computer Science (CSE), Civil, Mechanical, ICT","B.Tech CSE, MBA Finance, B.Sc","Computer Science, Mechanical Engineering, Civil Engineering, Management Studies, Applied Sciences","Minimum 60% aggregate in 10+2 (Physics, Chemistry, Mathematics/Biology)",Not Available,Not Available,Not Available,Not Available,Not Available,Not Available,Not Available,Not Available,Not Available,Not Available,Not Available,Not Available,Not Available,Not Available,Not Available,Not Available,Not Available,Not Available,Not Available,Not Available,Not Available,Not Available,Not Available,Not Available,Not Available,Not Available,Not Available,Not Available,Not Available,Not Available,Not Available,Not Available,Not Available,Not Available,Not Available,Not Available,Not Available,Not Available,Not Available,Not Available,Not Available,Not Available,Not Available,Not Available,Not Available,Not Available,Not Available,Not Available,Not Available,Not Available,Not Available,Not Available,Not Available,Not Available,Not Available,Not Available,Not Available
UNI135,Indian Institute of Information Technology and Management - Kerala,Kerala,http://www.iiitmk.ac.in/,2000,Not Available,Not Available,Not Available,"Engineering: Computer Science (CSE), Civil, Mechanical, ICT","B.Tech CSE, MBA Finance, B.Sc","Computer Science, Mechanical Engineering, Civil Engineering, Management Studies, Applied Sciences","Minimum 60% aggregate in 10+2 (Physics, Chemistry, Mathematics/Biology)",Not Available,Not Available,Not Available,Not Available,Not Available,Not Available,Not Available,Not Available,Not Available,Not Available,Not Available,Not Available,Not Available,Not Available,Not Available,Not Available,Not Available,Not Available,Not Available,Not Available,Not Available,Not Available,Not Available,Not Available,Not Available,Not Available,Not Available,Not Available,Not Available,Not Available,Not Available,Not Available,Not Available,Not Available,Not Available,Not Available,Not Available,Not Available,Not Available,Not Available,Not Available,Not Available,Not Available,Not Available,Not Available,Not Available,Not Available,Not Available,Not Available,Not Available,Not Available,Not Available,Not Available,Not Available,Not Available,Not Available,Not Available
UNI136,"Indraprastha Institute of Information Technology, Delhi",Delhi,http://www.iiitd.ac.in/,Not Available,Not Available,Not Available,Not Available,"Engineering: Computer Science (CSE), Civil, Mechanical, ICT","B.Tech CSE, MBA Finance, B.Sc","Computer Science, Mechanical Engineering, Civil Engineering, Management Studies, Applied Sciences","Minimum 60% aggregate in 10+2 (Physics, Chemistry, Mathematics/Biology)",Not Available,Not Available,Not Available,Not Available,Not Available,Not Available,Not Available,Not Available,Not Available,Not Available,Not Available,Not Available,Not Available,Not Available,Not Available,Not Available,Not Available,Not Available,Not Available,Not Available,Not Available,Not Available,Not Available,Not Available,Not Available,Not Available,Not Available,Not Available,Not Available,Not Available,Not Available,Not Available,Not Available,Not Available,Not Available,Not Available,Not Available,Not Available,Not Available,Not Available,Not Available,Not Available,Not Available,Not Available,Not Available,Not Available,Not Available,Not Available,Not Available,Not Available,Not Available,Not Available,Not Available,Not Available,Not Available,Not Available,Not Available
UNI137,"International Institute of Information Technology, Pune",Maharashtra,https://www.isquareit.edu.in/,2011,Not Available,Not Available,Not Available,"Engineering: Computer Science (CSE), Civil, Mechanical, ICT","B.Tech CSE, MBA Finance, B.Sc","Computer Science, Mechanical Engineering, Civil Engineering, Management Studies, Applied Sciences","Minimum 60% aggregate in 10+2 (Physics, Chemistry, Mathematics/Biology)",2026 per semester,Not Available,Not Available,Not Available,Not Available,Not Available,Not Available,Not Available,Not Available,Not Available,Not Available,Not Available,Not Available,Not Available,Not Available,Not Available,Not Available,Not Available,Not Available,Not Available,Not Available,Not Available,Not Available,Not Available,Not Available,Not Available,Not Available,Not Available,2026,Not Available,Not Available,Not Available,Not Available,Not Available,Not Available,Not Available,Not Available,Not Available,Not Available,Not Available,Not Available,Not Available,Not Available,Not Available,Not Available,Not Available,Not Available,Not Available,Not Available,Not Available,Not Available,Not Available,Not Available,Not Available,Not Available,Not Available,Not Available
UNI138,"International Institute of Information Technology, Bhubaneswar",Odisha,https://www.iiit-bh.ac.in/,Not Available,Not Available,Not Available,Not Available,"Engineering: Computer Science (CSE), Civil, Mechanical, ICT","B.Tech CSE, MBA Finance, B.Sc","Computer Science, Mechanical Engineering, Civil Engineering, Management Studies, Applied Sciences","Minimum 60% aggregate in 10+2 (Physics, Chemistry, Mathematics/Biology)",Not Available,Not Available,Not Available,Not Available,Not Available,Not Available,Not Available,Not Available,Not Available,Not Available,Not Available,Not Available,Not Available,Not Available,Not Available,Not Available,Not Available,Not Available,Not Available,Not Available,Not Available,Not Available,Not Available,Not Available,Not Available,Not Available,Not Available,Not Available,Not Available,Not Available,Not Available,Not Available,Not Available,Not Available,Not Available,Not Available,Not Available,Not Available,Not Available,Not Available,Not Available,Not Available,Not Available,Not Available,Not Available,Not Available,Not Available,Not Available,Not Available,Not Available,Not Available,Not Available,Not Available,Not Available,Not Available,Not Available,Not Available
UNI139,"International Institute of Information Technology, Bangalore",Karnataka,https://www.iiitb.ac.in/,Not Available,Not Available,Not Available,Not Available,"Engineering: Computer Science (CSE), Civil, Mechanical, ICT","B.Tech CSE, MBA Finance, B.Sc","Computer Science, Mechanical Engineering, Civil Engineering, Management Studies, Applied Sciences","Minimum 60% aggregate in 10+2 (Physics, Chemistry, Mathematics/Biology)",Not Available,Not Available,Not Available,Not Available,Not Available,Not Available,Not Available,Not Available,Not Available,Not Available,Not Available,Not Available,Not Available,Not Available,Not Available,Not Available,Not Available,Not Available,Not Available,Not Available,Not Available,Not Available,Not Available,Not Available,Not Available,Not Available,Not Available,Not Available,Not Available,Not Available,Not Available,Not Available,Not Available,Not Available,Not Available,Not Available,Not Available,Not Available,Not Available,Not Available,Not Available,Not Available,Not Available,Not Available,Not Available,Not Available,Not Available,Not Available,Not Available,Not Available,Not Available,Not Available,Not Available,Not Available,Not Available,Not Available,Not Available
UNI140,"Indian Institute of Management, Tiruchirappalli",Tamil Nadu,http://www.iimtrichy.ac.in/,Not Available,Not Available,Not Available,Not Available,"Management: MBA (Finance, Marketing, HR), BBA","B.Tech CSE, MBA Finance, B.Sc","Computer Science, Mechanical Engineering, Civil Engineering, Management Studies, Applied Sciences","Minimum 60% aggregate in 10+2 (Physics, Chemistry, Mathematics/Biology)",Not Available,Not Available,Not Available,Not Available,Not Available,Not Available,Not Available,Not Available,Not Available,Not Available,Not Available,Not Available,Not Available,Not Available,Not Available,Not Available,Not Available,Not Available,Not Available,Not Available,Not Available,Not Available,Not Available,Not Available,Not Available,Not Available,Not Available,Not Available,Not Available,Not Available,Not Available,Not Available,Not Available,Not Available,Not Available,Not Available,Not Available,Not Available,Not Available,Not Available,Not Available,Not Available,Not Available,Not Available,Not Available,Not Available,Not Available,Not Available,Not Available,Not Available,Not Available,Not Available,Not Available,Not Available,Not Available,Not Available,Not Available
UNI141,"Indian Institute of Information Technology, Guwahati",Assam,http://www.iimtrichy.ac.in/,Not Available,Not Available,Not Available,Not Available,"Engineering: Computer Science (CSE), Civil, Mechanical, ICT","B.Tech CSE, MBA Finance, B.Sc","Computer Science, Mechanical Engineering, Civil Engineering, Management Studies, Applied Sciences","Minimum 60% aggregate in 10+2 (Physics, Chemistry, Mathematics/Biology)",Not Available,Not Available,Not Available,Not Available,Not Available,Not Available,Not Available,Not Available,Not Available,Not Available,Not Available,Not Available,Not Available,Not Available,Not Available,Not Available,Not Available,Not Available,Not Available,Not Available,Not Available,Not Available,Not Available,Not Available,Not Available,Not Available,Not Available,Not Available,Not Available,Not Available,Not Available,Not Available,Not Available,Not Available,Not Available,Not Available,Not Available,Not Available,Not Available,Not Available,Not Available,Not Available,Not Available,Not Available,Not Available,Not Available,Not Available,Not Available,Not Available,Not Available,Not Available,Not Available,Not Available,Not Available,Not Available,Not Available,Not Available
UNI142,"Indian Institute of Information Technology, Vadodara",Gujarat,http://iiitvadodara.ac.in/,Not Available,Not Available,Not Available,Not Available,"Engineering: Computer Science (CSE), Civil, Mechanical, ICT","B.Tech CSE, MBA Finance, B.Sc","Computer Science, Mechanical Engineering, Civil Engineering, Management Studies, Applied Sciences","Minimum 60% aggregate in 10+2 (Physics, Chemistry, Mathematics/Biology)",Not Available,Not Available,Not Available,Not Available,Not Available,Not Available,Not Available,Not Available,Not Available,Not Available,Not Available,Not Available,Not Available,Not Available,Not Available,Not Available,Not Available,Not Available,Not Available,Not Available,Not Available,Not Available,Not Available,Not Available,Not Available,Not Available,Not Available,Not Available,Not Available,Not Available,Not Available,Not Available,Not Available,Not Available,Not Available,Not Available,Not Available,Not Available,Not Available,Not Available,Not Available,Not Available,Not Available,Not Available,Not Available,Not Available,Not Available,Not Available,Not Available,Not Available,Not Available,Not Available,Not Available,Not Available,Not Available,Not Available,Not Available
UNI143,"Indian Institute of Information Technology, Kota",Rajasthan,http://iiitkota.ac.in/,2026,Not Available,Not Available,Not Available,"Engineering: Computer Science (CSE), Civil, Mechanical, ICT","B.Tech CSE, MBA Finance, B.Sc","Computer Science, Mechanical Engineering, Civil Engineering, Management Studies, Applied Sciences","Minimum 60% aggregate in 10+2 (Physics, Chemistry, Mathematics/Biology)",Not Available,Not Available,Not Available,Not Available,Not Available,Not Available,Not Available,Not Available,Not Available,Not Available,Not Available,Not Available,Not Available,Not Available,Not Available,Not Available,Not Available,Not Available,Not Available,Not Available,Not Available,Not Available,Not Available,Not Available,Not Available,Not Available,Not Available,Not Available,Not Available,Not Available,Not Available,Not Available,Not Available,Not Available,Not Available,Not Available,Not Available,Not Available,Not Available,Not Available,Not Available,Not Available,Not Available,Not Available,Not Available,Not Available,Not Available,Not Available,Not Available,Not Available,Not Available,Not Available,Not Available,Not Available,Not Available,Not Available,Not Available
UNI144,International Institute for Population Sciences,Maharashtra,http://www.iipsindia.org/,Not Available,Not Available,Not Available,Not Available,"Engineering: CSE, Mechanical | Management: MBA, BBA | Science: B.Sc, M.Sc","B.Tech CSE, MBA Finance, B.Sc","Computer Science, Mechanical Engineering, Civil Engineering, Management Studies, Applied Sciences","Minimum 60% aggregate in 10+2 (Physics, Chemistry, Mathematics/Biology)",Not Available,Not Available,Not Available,Not Available,Not Available,Not Available,Not Available,Not Available,Not Available,Not Available,Not Available,Not Available,Not Available,Not Available,Not Available,Not Available,Not Available,Not Available,Not Available,Not Available,Not Available,Not Available,Not Available,Not Available,Not Available,Not Available,Not Available,Not Available,Not Available,Not Available,Not Available,Not Available,Not Available,Not Available,Not Available,Not Available,Not Available,Not Available,Not Available,Not Available,Not Available,Not Available,Not Available,Not Available,Not Available,Not Available,Not Available,Not Available,Not Available,Not Available,Not Available,Not Available,Not Available,Not Available,Not Available,Not Available,Not Available
UNI145,Indian Institute of Science,Karnataka,http://www.iisc.ernet.in/,Not Available,Not Available,Not Available,Not Available,"Engineering: CSE, Mechanical | Management: MBA, BBA | Science: B.Sc, M.Sc","B.Tech CSE, MBA Finance, B.Sc","Computer Science, Mechanical Engineering, Civil Engineering, Management Studies, Applied Sciences","Minimum 60% aggregate in 10+2 (Physics, Chemistry, Mathematics/Biology)",Not Available,Not Available,Not Available,Not Available,Not Available,Not Available,Not Available,Not Available,Not Available,Not Available,Not Available,Not Available,Not Available,Not Available,Not Available,Not Available,Not Available,Not Available,Not Available,Not Available,Not Available,Not Available,Not Available,Not Available,Not Available,Not Available,Not Available,Not Available,Not Available,Not Available,Not Available,Not Available,Not Available,Not Available,Not Available,Not Available,Not Available,Not Available,Not Available,Not Available,Not Available,Not Available,Not Available,Not Available,Not Available,Not Available,Not Available,Not Available,Not Available,Not Available,Not Available,Not Available,Not Available,Not Available,Not Available,Not Available,Not Available
UNI146,"Indian Institute of Technology, Bombay",Maharashtra,http://www.iitb.ac.in/,Not Available,Not Available,Not Available,Not Available,"Engineering: Computer Science (CSE), Civil, Mechanical, ICT","B.Tech CSE, MBA Finance, B.Sc","Computer Science, Mechanical Engineering, Civil Engineering, Management Studies, Applied Sciences","Minimum 60% aggregate in 10+2 (Physics, Chemistry, Mathematics/Biology)",Not Available,Not Available,Not Available,Not Available,Not Available,Not Available,Not Available,Not Available,Not Available,Not Available,Not Available,Not Available,Not Available,Not Available,Not Available,Not Available,Not Available,Not Available,Not Available,Not Available,Not Available,Not Available,Not Available,Not Available,Not Available,Not Available,Not Available,Not Available,Not Available,Not Available,Not Available,Not Available,Not Available,Not Available,Not Available,Not Available,Not Available,Not Available,Not Available,Not Available,Not Available,Not Available,Not Available,Not Available,Not Available,Not Available,Not Available,Not Available,Not Available,Not Available,Not Available,Not Available,Not Available,Not Available,Not Available,Not Available,Not Available
UNI147,"Indian Institute of Technology, Delhi",Delhi,http://www.iitd.ernet.in/,Not Available,Not Available,Not Available,Not Available,"Engineering: Computer Science (CSE), Civil, Mechanical, ICT","B.Tech CSE, MBA Finance, B.Sc","Computer Science, Mechanical Engineering, Civil Engineering, Management Studies, Applied Sciences","Minimum 60% aggregate in 10+2 (Physics, Chemistry, Mathematics/Biology)",Not Available,Not Available,Not Available,Not Available,Not Available,Not Available,Not Available,Not Available,Not Available,Not Available,Not Available,Not Available,Not Available,Not Available,Not Available,Not Available,Not Available,Not Available,Not Available,Not Available,Not Available,Not Available,Not Available,Not Available,Not Available,Not Available,Not Available,Not Available,Not Available,Not Available,Not Available,Not Available,Not Available,Not Available,Not Available,Not Available,Not Available,Not Available,Not Available,Not Available,Not Available,Not Available,Not Available,Not Available,Not Available,Not Available,Not Available,Not Available,Not Available,Not Available,Not Available,Not Available,Not Available,Not Available,Not Available,Not Available,Not Available
UNI148,"Indian Institute of Technology, Gandhinagar",Gujarat,https://iitgn.ac.in/,Not Available,Not Available,Not Available,Not Available,"Engineering: Computer Science (CSE), Civil, Mechanical, ICT","B.Tech CSE, MBA Finance, B.Sc","Computer Science, Mechanical Engineering, Civil Engineering, Management Studies, Applied Sciences","Minimum 60% aggregate in 10+2 (Physics, Chemistry, Mathematics/Biology)",Not Available,Not Available,Not Available,Not Available,Not Available,Not Available,Not Available,Not Available,Not Available,Not Available,Not Available,Not Available,Not Available,Not Available,Not Available,Not Available,Not Available,Not Available,Not Available,Not Available,Not Available,Not Available,Not Available,Not Available,Not Available,Not Available,Not Available,Not Available,Not Available,Not Available,Not Available,Not Available,Not Available,Not Available,Not Available,Not Available,Not Available,Not Available,Not Available,Not Available,Not Available,Not Available,Not Available,Not Available,Not Available,Not Available,Not Available,Not Available,Not Available,Not Available,Not Available,Not Available,Not Available,Not Available,Not Available,Not Available,Not Available
UNI149,"Indian Institute of Technology, Guwahati",Assam,http://www.iitg.ernet.in/,2026,Not Available,Not Available,Not Available,"Engineering: Computer Science (CSE), Civil, Mechanical, ICT","B.Tech CSE, MBA Finance, B.Sc","Computer Science, Mechanical Engineering, Civil Engineering, Management Studies, Applied Sciences","Minimum 60% aggregate in 10+2 (Physics, Chemistry, Mathematics/Biology)",Not Available,Not Available,Not Available,Not Available,Not Available,Not Available,Not Available,Not Available,Not Available,Not Available,Not Available,Not Available,Not Available,Not Available,Not Available,Not Available,Not Available,Not Available,Not Available,Not Available,Not Available,Not Available,Not Available,Not Available,Not Available,Not Available,Not Available,Not Available,Not Available,Not Available,Not Available,Not Available,Not Available,Not Available,Not Available,Not Available,Not Available,Not Available,Not Available,Not Available,Not Available,Not Available,Not Available,Not Available,Not Available,Not Available,Not Available,Not Available,Not Available,Not Available,Not Available,Not Available,Not Available,Not Available,Not Available,Not Available,Not Available
UNI150,"Indian Institute of Technology, Hyderabad",Telangana,http://www.iith.ac.in/,Not Available,Not Available,Not Available,Not Available,"Engineering: Computer Science (CSE), Civil, Mechanical, ICT","B.Tech CSE, MBA Finance, B.Sc","Computer Science, Mechanical Engineering, Civil Engineering, Management Studies, Applied Sciences","Minimum 60% aggregate in 10+2 (Physics, Chemistry, Mathematics/Biology)",Not Available,Not Available,Not Available,Not Available,Not Available,Not Available,Not Available,Not Available,Not Available,Not Available,Not Available,Not Available,Not Available,Not Available,Not Available,Not Available,Not Available,Not Available,Not Available,Not Available,Not Available,Not Available,Not Available,Not Available,Not Available,Not Available,Not Available,Not Available,Not Available,Not Available,Not Available,Not Available,Not Available,Not Available,Not Available,Not Available,Not Available,Not Available,Not Available,Not Available,Not Available,Not Available,Not Available,Not Available,Not Available,Not Available,Not Available,Not Available,Not Available,Not Available,Not Available,Not Available,Not Available,Not Available,Not Available,Not Available,Not Available
UNI151,"Indian Institute of Technology, Kanpur",Uttar Pradesh,http://www.iitk.ac.in/,1959,Not Available,Not Available,Not Available,"Engineering: Computer Science (CSE), Civil, Mechanical, ICT","B.Tech CSE, MBA Finance, B.Sc","Computer Science, Mechanical Engineering, Civil Engineering, Management Studies, Applied Sciences","Minimum 60% aggregate in 10+2 (Physics, Chemistry, Mathematics/Biology)",Not Available,Not Available,Not Available,Not Available,Not Available,Not Available,Not Available,Not Available,Not Available,Not Available,Not Available,Not Available,Not Available,Not Available,Not Available,Not Available,Not Available,Not Available,Not Available,Not Available,Not Available,Not Available,Not Available,Not Available,Not Available,Not Available,Not Available,Not Available,Not Available,Not Available,Not Available,Not Available,Not Available,Not Available,Not Available,Not Available,Not Available,Not Available,Not Available,Not Available,Not Available,Not Available,Not Available,Not Available,Not Available,Not Available,Not Available,Not Available,Not Available,Not Available,Not Available,Not Available,Not Available,Not Available,Not Available,Not Available,Not Available
UNI152,Indian Institute of Technology (BHU) Varanasi,Uttar Pradesh,https://www.iitbhu.ac.in/,1972,Not Available,Not Available,Not Available,"Engineering: Computer Science (CSE), Civil, Mechanical, ICT","B.Tech CSE, MBA Finance, B.Sc","Computer Science, Mechanical Engineering, Civil Engineering, Management Studies, Applied Sciences","Minimum 60% aggregate in 10+2 (Physics, Chemistry, Mathematics/Biology)",Not Available,Not Available,Not Available,Not Available,Not Available,Not Available,Not Available,Not Available,Not Available,Not Available,Not Available,Not Available,Not Available,Not Available,Not Available,Not Available,Not Available,Not Available,Not Available,Not Available,Not Available,Not Available,Not Available,Not Available,Not Available,Not Available,Not Available,Not Available,Not Available,Not Available,Not Available,Not Available,Not Available,Not Available,Not Available,Not Available,Not Available,Not Available,Not Available,Not Available,Not Available,Not Available,Not Available,Not Available,Not Available,Not Available,Not Available,Not Available,Not Available,Not Available,Not Available,Not Available,Not Available,Not Available,Not Available,Not Available,Not Available
UNI153,"Indian Institute of Technology, Kharagpur",West Bengal,http://www.iitkgp.ernet.in/,Not Available,Not Available,Not Available,Not Available,"Engineering: Computer Science (CSE), Civil, Mechanical, ICT","B.Tech CSE, MBA Finance, B.Sc","Computer Science, Mechanical Engineering, Civil Engineering, Management Studies, Applied Sciences","Minimum 60% aggregate in 10+2 (Physics, Chemistry, Mathematics/Biology)",Not Available,Not Available,Not Available,Not Available,Not Available,Not Available,Not Available,Not Available,Not Available,Not Available,Not Available,Not Available,Not Available,Not Available,Not Available,Not Available,Not Available,Not Available,Not Available,Not Available,Not Available,Not Available,Not Available,Not Available,Not Available,Not Available,Not Available,Not Available,Not Available,Not Available,Not Available,Not Available,Not Available,Not Available,Not Available,Not Available,Not Available,Not Available,Not Available,Not Available,Not Available,Not Available,Not Available,Not Available,Not Available,Not Available,Not Available,Not Available,Not Available,Not Available,Not Available,Not Available,Not Available,Not Available,Not Available,Not Available,Not Available
UNI154,"Indian Institute of Technology, Madras",Tamil Nadu,http://www.iitm.ac.in/,2010,Not Available,Not Available,Not Available,"Engineering: Computer Science (CSE), Civil, Mechanical, ICT","B.Tech CSE, MBA Finance, B.Sc","Computer Science, Mechanical Engineering, Civil Engineering, Management Studies, Applied Sciences","Minimum 60% aggregate in 10+2 (Physics, Chemistry, Mathematics/Biology)",Not Available,Not Available,Not Available,Not Available,Not Available,Not Available,Not Available,Not Available,Not Available,Not Available,Not Available,Not Available,Not Available,Not Available,Not Available,Not Available,Not Available,Not Available,Not Available,Not Available,Not Available,Not Available,Not Available,Not Available,Not Available,Not Available,Not Available,Not Available,Not Available,Not Available,Not Available,Not Available,Not Available,Not Available,Not Available,Not Available,Not Available,Not Available,Not Available,Not Available,Not Available,Not Available,Not Available,Not Available,Not Available,Not Available,Not Available,Not Available,Not Available,Not Available,Not Available,Not Available,Not Available,Not Available,Not Available,Not Available,Not Available
UNI155,Madras Institute of Technology,Tamil Nadu,https://www.mitindia.edu/,1949,Not Available,Not Available,Not Available,"Engineering: Computer Science (CSE), Civil, Mechanical, ICT","B.Tech CSE, MBA Finance, B.Sc","Computer Science, Mechanical Engineering, Civil Engineering, Management Studies, Applied Sciences","Minimum 60% aggregate in 10+2 (Physics, Chemistry, Mathematics/Biology)",Not Available,Not Available,Not Available,Not Available,Not Available,Not Available,Not Available,Not Available,Not Available,Not Available,Not Available,Not Available,Not Available,Not Available,Not Available,Not Available,Not Available,Not Available,Not Available,Not Available,3615,Not Available,Not Available,Not Available,Not Available,Not Available,Not Available,Not Available,Not Available,Not Available,Not Available,Not Available,Not Available,Not Available,Not Available,Not Available,Not Available,Not Available,Not Available,Not Available,Not Available,Not Available,Not Available,Not Available,Not Available,Not Available,Not Available,Not Available,Not Available,Not Available,Not Available,Not Available,Not Available,Not Available,Not Available,Not Available,Not Available
UNI156,"Indian Institute of Technology, Roorkee",Uttarakhand,http://www.iitr.ac.in/,2021,Not Available,Not Available,Not Available,"Engineering: Computer Science (CSE), Civil, Mechanical, ICT","B.Tech CSE, MBA Finance, B.Sc","Computer Science, Mechanical Engineering, Civil Engineering, Management Studies, Applied Sciences","Minimum 60% aggregate in 10+2 (Physics, Chemistry, Mathematics/Biology)",Not Available,Not Available,Not Available,Not Available,Not Available,Not Available,Not Available,Not Available,Not Available,Not Available,Not Available,Not Available,Not Available,Not Available,Not Available,Not Available,Not Available,Not Available,Not Available,Not Available,Not Available,Not Available,Not Available,Not Available,Not Available,Not Available,Not Available,Not Available,Not Available,Not Available,Not Available,Not Available,Not Available,Not Available,Not Available,Not Available,Not Available,Not Available,Not Available,Not Available,Not Available,Not Available,Not Available,Not Available,Not Available,Not Available,Not Available,Not Available,Not Available,Not Available,Not Available,Not Available,Not Available,Not Available,Not Available,Not Available,Not Available
UNI157,"Indian Institute of Technology, Patna",Bihar,http://www.iitp.ac.in/,Not Available,Not Available,Not Available,Not Available,"Engineering: Computer Science (CSE), Civil, Mechanical, ICT","B.Tech CSE, MBA Finance, B.Sc","Computer Science, Mechanical Engineering, Civil Engineering, Management Studies, Applied Sciences","Minimum 60% aggregate in 10+2 (Physics, Chemistry, Mathematics/Biology)",Not Available,Not Available,Not Available,Not Available,Not Available,Not Available,Not Available,Not Available,Not Available,Not Available,Not Available,Not Available,Not Available,Not Available,Not Available,Not Available,Not Available,Not Available,Not Available,Not Available,Not Available,Not Available,Not Available,Not Available,Not Available,Not Available,Not Available,Not Available,Not Available,Not Available,Not Available,Not Available,Not Available,Not Available,Not Available,Not Available,Not Available,Not Available,Not Available,Not Available,Not Available,Not Available,Not Available,Not Available,Not Available,Not Available,Not Available,Not Available,Not Available,Not Available,Not Available,Not Available,Not Available,Not Available,Not Available,Not Available,Not Available
UNI158,"Indian Institute of Technology, Indore",Madhya Pradesh,http://www.iiti.ac.in/,Not Available,Not Available,Not Available,Not Available,"Engineering: Computer Science (CSE), Civil, Mechanical, ICT","B.Tech CSE, MBA Finance, B.Sc","Computer Science, Mechanical Engineering, Civil Engineering, Management Studies, Applied Sciences","Minimum 60% aggregate in 10+2 (Physics, Chemistry, Mathematics/Biology)",Not Available,Not Available,Not Available,Not Available,Not Available,Not Available,Not Available,Not Available,Not Available,Not Available,Not Available,Not Available,Not Available,Not Available,Not Available,Not Available,Not Available,Not Available,Not Available,Not Available,Not Available,Not Available,Not Available,Not Available,Not Available,Not Available,Not Available,Not Available,Not Available,Not Available,Not Available,Not Available,Not Available,Not Available,Not Available,Not Available,Not Available,Not Available,Not Available,Not Available,Not Available,Not Available,Not Available,Not Available,Not Available,Not Available,Not Available,Not Available,Not Available,Not Available,Not Available,Not Available,Not Available,Not Available,Not Available,Not Available,Not Available
UNI159,"Indian Institute of Technology, Jodhpur",Rajasthan,http://www.iitj.ac.in/,Not Available,Not Available,Not Available,Not Available,"Engineering: Computer Science (CSE), Civil, Mechanical, ICT","B.Tech CSE, MBA Finance, B.Sc","Computer Science, Mechanical Engineering, Civil Engineering, Management Studies, Applied Sciences","Minimum 60% aggregate in 10+2 (Physics, Chemistry, Mathematics/Biology)",Not Available,Not Available,Not Available,Not Available,Not Available,Not Available,Not Available,Not Available,Not Available,Not Available,Not Available,Not Available,Not Available,Not Available,Not Available,Not Available,Not Available,Not Available,Not Available,Not Available,Not Available,Not Available,Not Available,Not Available,Not Available,Not Available,Not Available,Not Available,Not Available,Not Available,Not Available,Not Available,Not Available,Not Available,Not Available,Not Available,Not Available,Not Available,Not Available,Not Available,Not Available,Not Available,Not Available,Not Available,Not Available,Not Available,Not Available,Not Available,Not Available,Not Available,Not Available,Not Available,Not Available,Not Available,Not Available,Not Available,Not Available
UNI160,University of Music and Fine Arts,,http://www.iksvv.com/,Not Available,Not Available,Not Available,Not Available,"Engineering: CSE, Mechanical | Management: MBA, BBA | Science: B.Sc, M.Sc","B.Tech CSE, MBA Finance, B.Sc","Computer Science, Mechanical Engineering, Civil Engineering, Management Studies, Applied Sciences","Minimum 60% aggregate in 10+2 (Physics, Chemistry, Mathematics/Biology)",Not Available,Not Available,Not Available,Not Available,Not Available,Not Available,Not Available,Not Available,Not Available,Not Available,Not Available,Not Available,Not Available,Not Available,Not Available,Not Available,Not Available,Not Available,Not Available,Not Available,Not Available,Not Available,Not Available,Not Available,Not Available,Not Available,Not Available,Not Available,Not Available,Not Available,Not Available,Not Available,Not Available,Not Available,Not Available,Not Available,Not Available,Not Available,Not Available,Not Available,Not Available,Not Available,Not Available,Not Available,Not Available,Not Available,Not Available,Not Available,Not Available,Not Available,Not Available,Not Available,Not Available,Not Available,Not Available,Not Available,Not Available
UNI161,Indian Law Institue,Delhi,https://www.ili.ac.in/,Not Available,Not Available,Not Available,Not Available,"Engineering: CSE, Mechanical | Management: MBA, BBA | Science: B.Sc, M.Sc","B.Tech CSE, MBA Finance, B.Sc","Computer Science, Mechanical Engineering, Civil Engineering, Management Studies, Applied Sciences","Minimum 60% aggregate in 10+2 (Physics, Chemistry, Mathematics/Biology)",Not Available,Not Available,Not Available,Not Available,Not Available,Not Available,Not Available,Not Available,Not Available,Not Available,Not Available,Not Available,Not Available,Not Available,Not Available,Not Available,Not Available,Not Available,Not Available,Not Available,Not Available,Not Available,Not Available,Not Available,Not Available,Not Available,Not Available,Not Available,Not Available,Not Available,Not Available,Not Available,Not Available,Not Available,Not Available,Not Available,Not Available,Not Available,Not Available,Not Available,Not Available,Not Available,Not Available,Not Available,Not Available,Not Available,Not Available,Not Available,Not Available,Not Available,Not Available,Not Available,Not Available,Not Available,Not Available,Not Available,Not Available
UNI162,Indus University,,http://www.indusuni.ac.in/,Not Available,Not Available,Not Available,Not Available,"Engineering: CSE, Mechanical | Management: MBA, BBA | Science: B.Sc, M.Sc","B.Tech CSE, MBA Finance, B.Sc","Computer Science, Mechanical Engineering, Civil Engineering, Management Studies, Applied Sciences","Minimum 60% aggregate in 10+2 (Physics, Chemistry, Mathematics/Biology)",Not Available,Not Available,Not Available,Not Available,Not Available,Not Available,Not Available,Not Available,Not Available,Not Available,Not Available,Not Available,Not Available,Not Available,Not Available,Not Available,Not Available,Not Available,Not Available,Not Available,Not Available,Not Available,Not Available,Not Available,Not Available,Not Available,Not Available,Not Available,Not Available,Not Available,Not Available,Not Available,Not Available,Not Available,Not Available,Not Available,Not Available,Not Available,Not Available,Not Available,Not Available,Not Available,Not Available,Not Available,Not Available,Not Available,Not Available,Not Available,Not Available,Not Available,Not Available,Not Available,Not Available,Not Available,Not Available,Not Available,Not Available
UNI163,Integral University,,http://www.integraluniversity.ac.in/,Not Available,Not Available,Not Available,Not Available,"Engineering: CSE, Mechanical | Management: MBA, BBA | Science: B.Sc, M.Sc","B.Tech CSE, MBA Finance, B.Sc","Computer Science, Mechanical Engineering, Civil Engineering, Management Studies, Applied Sciences","Minimum 60% aggregate in 10+2 (Physics, Chemistry, Mathematics/Biology)",Not Available,Not Available,Not Available,Not Available,Not Available,Not Available,Not Available,Not Available,Not Available,Not Available,Not Available,Not Available,Not Available,Not Available,Not Available,Not Available,Not Available,Not Available,Not Available,Not Available,Not Available,Not Available,Not Available,Not Available,Not Available,Not Available,Not Available,Not Available,Not Available,Not Available,Not Available,Not Available,Not Available,Not Available,Not Available,Not Available,Not Available,Not Available,Not Available,Not Available,Not Available,Not Available,Not Available,Not Available,Not Available,Not Available,Not Available,Not Available,Not Available,Not Available,Not Available,Not Available,Not Available,Not Available,Not Available,Not Available,Not Available
UNI164,Guru Gobind Singh Indraprastha University,,http://www.ipu.ac.in/,Not Available,Not Available,Not Available,Not Available,"Engineering: CSE, Mechanical | Management: MBA, BBA | Science: B.Sc, M.Sc","B.Tech CSE, MBA Finance, B.Sc","Computer Science, Mechanical Engineering, Civil Engineering, Management Studies, Applied Sciences","Minimum 60% aggregate in 10+2 (Physics, Chemistry, Mathematics/Biology)",Not Available,Not Available,2019,Not Available,Not Available,Not Available,Not Available,Not Available,Not Available,Not Available,Not Available,Not Available,Not Available,Not Available,Not Available,Not Available,Not Available,Not Available,Not Available,Not Available,Not Available,Not Available,Not Available,Not Available,Not Available,Not Available,Not Available,Not Available,Not Available,Not Available,Not Available,Not Available,Not Available,Not Available,Not Available,Not Available,Not Available,Not Available,Not Available,Not Available,Not Available,Not Available,Not Available,Not Available,Not Available,Not Available,Not Available,Not Available,Not Available,Not Available,Not Available,Not Available,Not Available,Not Available,Not Available,Not Available,Not Available
UNI165,Indian School of Business Management and Administration,,http://isbm.org.in/,1992,Not Available,Not Available,Not Available,"Management: MBA (Finance, Marketing, HR), BBA","B.Tech CSE, MBA Finance, B.Sc","Computer Science, Mechanical Engineering, Civil Engineering, Management Studies, Applied Sciences","Minimum 60% aggregate in 10+2 (Physics, Chemistry, Mathematics/Biology)",Not Available,Not Available,Not Available,Not Available,Not Available,Not Available,Not Available,Not Available,Not Available,Not Available,Not Available,Not Available,Not Available,Not Available,Not Available,Not Available,Not Available,Not Available,Not Available,Not Available,Not Available,Not Available,Not Available,Not Available,Not Available,Not Available,Not Available,Not Available,Not Available,Not Available,Not Available,Not Available,Not Available,Not Available,Not Available,Not Available,Not Available,Not Available,Not Available,Not Available,Not Available,Not Available,Not Available,Not Available,Not Available,Not Available,Not Available,Not Available,Not Available,Not Available,Not Available,Not Available,Not Available,Not Available,Not Available,Not Available,Not Available
UNI166,Indian Statistical Institute,,http://www.isical.ac.in/,Not Available,Not Available,Not Available,Not Available,"Engineering: CSE, Mechanical | Management: MBA, BBA | Science: B.Sc, M.Sc","B.Tech CSE, MBA Finance, B.Sc","Computer Science, Mechanical Engineering, Civil Engineering, Management Studies, Applied Sciences","Minimum 60% aggregate in 10+2 (Physics, Chemistry, Mathematics/Biology)",Not Available,Not Available,Not Available,Not Available,Not Available,Not Available,Not Available,Not Available,Not Available,Not Available,Not Available,Not Available,Not Available,Not Available,Not Available,Not Available,Not Available,Not Available,Not Available,Not Available,Not Available,Not Available,Not Available,Not Available,Not Available,Not Available,Not Available,Not Available,Not Available,Not Available,Not Available,Not Available,Not Available,Not Available,Not Available,Not Available,Not Available,Not Available,Not Available,Not Available,Not Available,Not Available,Not Available,Not Available,Not Available,Not Available,Not Available,Not Available,Not Available,Not Available,Not Available,Not Available,Not Available,Not Available,Not Available,Not Available,Not Available
UNI167,Indian School of Mines (ISM),,http://www.ismdhanbad.ac.in/,Not Available,Not Available,Not Available,Not Available,"Engineering: CSE, Mechanical | Management: MBA, BBA | Science: B.Sc, M.Sc","B.Tech CSE, MBA Finance, B.Sc","Computer Science, Mechanical Engineering, Civil Engineering, Management Studies, Applied Sciences","Minimum 60% aggregate in 10+2 (Physics, Chemistry, Mathematics/Biology)",Not Available,Not Available,Not Available,Not Available,Not Available,Not Available,Not Available,Not Available,Not Available,Not Available,Not Available,Not Available,Not Available,Not Available,Not Available,Not Available,Not Available,Not Available,Not Available,Not Available,Not Available,Not Available,Not Available,Not Available,Not Available,Not Available,Not Available,Not Available,Not Available,Not Available,Not Available,Not Available,Not Available,Not Available,Not Available,Not Available,Not Available,Not Available,Not Available,Not Available,Not Available,Not Available,Not Available,Not Available,Not Available,Not Available,Not Available,Not Available,Not Available,Not Available,Not Available,Not Available,Not Available,Not Available,Not Available,Not Available,Not Available
UNI168,Institute of Technology and Management,,http://www.itmindia.edu/,Not Available,Not Available,Not Available,Not Available,"Engineering: Computer Science (CSE), Civil, Mechanical, ICT","B.Tech CSE, MBA Finance, B.Sc","Computer Science, Mechanical Engineering, Civil Engineering, Management Studies, Applied Sciences","Minimum 60% aggregate in 10+2 (Physics, Chemistry, Mathematics/Biology)",Not Available,Not Available,Not Available,Not Available,Not Available,Not Available,Not Available,Not Available,Not Available,Not Available,Not Available,Not Available,Not Available,Not Available,Not Available,Not Available,Not Available,Not Available,Not Available,Not Available,Not Available,Not Available,Not Available,Not Available,Not Available,Not Available,Not Available,Not Available,Not Available,Not Available,Not Available,Not Available,Not Available,Not Available,Not Available,Not Available,Not Available,Not Available,Not Available,Not Available,Not Available,Not Available,Not Available,Not Available,Not Available,Not Available,Not Available,Not Available,Not Available,Not Available,Not Available,Not Available,Not Available,Not Available,Not Available,Not Available,Not Available
UNI169,Indian University,,http://www.iur.ac.in/,Not Available,Not Available,Not Available,Not Available,"Engineering: CSE, Mechanical | Management: MBA, BBA | Science: B.Sc, M.Sc","B.Tech CSE, MBA Finance, B.Sc","Computer Science, Mechanical Engineering, Civil Engineering, Management Studies, Applied Sciences","Minimum 60% aggregate in 10+2 (Physics, Chemistry, Mathematics/Biology)",Not Available,Not Available,Not Available,Not Available,Not Available,Not Available,Not Available,Not Available,Not Available,Not Available,Not Available,Not Available,Not Available,Not Available,Not Available,Not Available,Not Available,Not Available,Not Available,Not Available,Not Available,Not Available,Not Available,Not Available,Not Available,Not Available,Not Available,Not Available,Not Available,Not Available,Not Available,Not Available,Not Available,Not Available,Not Available,Not Available,Not Available,Not Available,Not Available,Not Available,Not Available,Not Available,Not Available,Not Available,Not Available,Not Available,Not Available,Not Available,Not Available,Not Available,Not Available,Not Available,Not Available,Not Available,Not Available,Not Available,Not Available
UNI170,Indian Veterinary Research Institute,,http://www.ivri.nic.in/,Not Available,Not Available,Not Available,Not Available,"Engineering: CSE, Mechanical | Management: MBA, BBA | Science: B.Sc, M.Sc","B.Tech CSE, MBA Finance, B.Sc","Computer Science, Mechanical Engineering, Civil Engineering, Management Studies, Applied Sciences","Minimum 60% aggregate in 10+2 (Physics, Chemistry, Mathematics/Biology)",Not Available,Not Available,Not Available,Not Available,Not Available,Not Available,Not Available,Not Available,Not Available,Not Available,Not Available,Not Available,Not Available,Not Available,Not Available,Not Available,Not Available,Not Available,Not Available,Not Available,Not Available,Not Available,Not Available,Not Available,Not Available,Not Available,Not Available,Not Available,Not Available,Not Available,Not Available,Not Available,Not Available,Not Available,Not Available,Not Available,Not Available,Not Available,Not Available,Not Available,Not Available,Not Available,Not Available,Not Available,Not Available,Not Available,Not Available,Not Available,Not Available,Not Available,Not Available,Not Available,Not Available,Not Available,Not Available,Not Available,Not Available
UNI171,Jadavpur University,West Bengal,http://www.jadavpur.edu/,Not Available,Not Available,Not Available,Not Available,"Engineering: CSE, Mechanical | Management: MBA, BBA | Science: B.Sc, M.Sc","B.Tech CSE, MBA Finance, B.Sc","Computer Science, Mechanical Engineering, Civil Engineering, Management Studies, Applied Sciences","Minimum 60% aggregate in 10+2 (Physics, Chemistry, Mathematics/Biology)",Not Available,Not Available,Not Available,Not Available,Not Available,Not Available,Not Available,Not Available,Not Available,Not Available,Not Available,Not Available,Not Available,Not Available,Not Available,Not Available,Not Available,Not Available,Not Available,Not Available,Not Available,Not Available,Not Available,Not Available,Not Available,Not Available,Not Available,Not Available,Not Available,Not Available,Not Available,Not Available,Not Available,Not Available,Not Available,Not Available,Not Available,Not Available,Not Available,Not Available,Not Available,Not Available,Not Available,Not Available,Not Available,Not Available,Not Available,Not Available,Not Available,Not Available,Not Available,Not Available,Not Available,Not Available,Not Available,Not Available,Not Available
UNI172,First Global University to teaching Jainism,,http://www.jainuniversity.org/,Not Available,Not Available,Not Available,Not Available,"Engineering: CSE, Mechanical | Management: MBA, BBA | Science: B.Sc, M.Sc","B.Tech CSE, MBA Finance, B.Sc","Computer Science, Mechanical Engineering, Civil Engineering, Management Studies, Applied Sciences","Minimum 60% aggregate in 10+2 (Physics, Chemistry, Mathematics/Biology)",Not Available,Not Available,Not Available,Not Available,Not Available,Not Available,Not Available,Not Available,Not Available,Not Available,Not Available,Not Available,Not Available,Not Available,Not Available,Not Available,Not Available,Not Available,Not Available,Not Available,Not Available,Not Available,Not Available,Not Available,Not Available,Not Available,Not Available,Not Available,Not Available,Not Available,Not Available,Not Available,Not Available,Not Available,Not Available,Not Available,Not Available,Not Available,Not Available,Not Available,Not Available,Not Available,Not Available,Not Available,Not Available,Not Available,Not Available,Not Available,Not Available,Not Available,Not Available,Not Available,Not Available,Not Available,Not Available,Not Available,Not Available
UNI173,Jamia Hamdard University,,http://www.jamiahamdard.edu/,Not Available,Not Available,Not Available,Not Available,"Engineering: CSE, Mechanical | Management: MBA, BBA | Science: B.Sc, M.Sc","B.Tech CSE, MBA Finance, B.Sc","Computer Science, Mechanical Engineering, Civil Engineering, Management Studies, Applied Sciences","Minimum 60% aggregate in 10+2 (Physics, Chemistry, Mathematics/Biology)",Not Available,Not Available,Not Available,Not Available,Not Available,Not Available,Not Available,Not Available,Not Available,Not Available,Not Available,Not Available,Not Available,Not Available,Not Available,Not Available,Not Available,Not Available,Not Available,Not Available,Not Available,Not Available,Not Available,Not Available,Not Available,Not Available,Not Available,Not Available,Not Available,Not Available,Not Available,Not Available,Not Available,Not Available,Not Available,Not Available,Not Available,Not Available,Not Available,Not Available,Not Available,Not Available,Not Available,Not Available,Not Available,Not Available,Not Available,Not Available,Not Available,Not Available,Not Available,Not Available,Not Available,Not Available,Not Available,Not Available,Not Available
UNI174,University of Jammu,Jammu,http://www.jammuvarsity.org/,Not Available,Not Available,Not Available,Not Available,"Engineering: CSE, Mechanical | Management: MBA, BBA | Science: B.Sc, M.Sc","B.Tech CSE, MBA Finance, B.Sc","Computer Science, Mechanical Engineering, Civil Engineering, Management Studies, Applied Sciences","Minimum 60% aggregate in 10+2 (Physics, Chemistry, Mathematics/Biology)",Not Available,Not Available,Not Available,Not Available,Not Available,Not Available,Not Available,Not Available,Not Available,Not Available,Not Available,Not Available,Not Available,Not Available,Not Available,Not Available,Not Available,Not Available,Not Available,Not Available,Not Available,Not Available,Not Available,Not Available,Not Available,Not Available,Not Available,Not Available,Not Available,Not Available,Not Available,Not Available,Not Available,Not Available,Not Available,Not Available,Not Available,Not Available,Not Available,Not Available,Not Available,Not Available,Not Available,Not Available,Not Available,Not Available,Not Available,Not Available,Not Available,Not Available,Not Available,Not Available,Not Available,Not Available,Not Available,Not Available,Not Available
UNI175,Jaypee Institute of Information Technology,,http://www.jiit.ac.in/,Not Available,Not Available,Not Available,Not Available,"Engineering: Computer Science (CSE), Civil, Mechanical, ICT","B.Tech CSE, MBA Finance, B.Sc","Computer Science, Mechanical Engineering, Civil Engineering, Management Studies, Applied Sciences","Minimum 60% aggregate in 10+2 (Physics, Chemistry, Mathematics/Biology)",Not Available,Not Available,Not Available,Not Available,Not Available,Not Available,Not Available,Not Available,Not Available,Not Available,Not Available,Not Available,Not Available,Not Available,Not Available,Not Available,Not Available,Not Available,Not Available,Not Available,Not Available,Not Available,Not Available,Not Available,Not Available,Not Available,Not Available,Not Available,Not Available,Not Available,Not Available,Not Available,Not Available,Not Available,Not Available,Not Available,Not Available,Not Available,Not Available,Not Available,Not Available,Not Available,Not Available,Not Available,Not Available,Not Available,Not Available,Not Available,Not Available,Not Available,Not Available,Not Available,Not Available,Not Available,Not Available,Not Available,Not Available
UNI176,Jiwaji University,,http://www.jiwaji.edu/,Not Available,Not Available,Not Available,Not Available,"Engineering: CSE, Mechanical | Management: MBA, BBA | Science: B.Sc, M.Sc","B.Tech CSE, MBA Finance, B.Sc","Computer Science, Mechanical Engineering, Civil Engineering, Management Studies, Applied Sciences","Minimum 60% aggregate in 10+2 (Physics, Chemistry, Mathematics/Biology)",Not Available,Not Available,Not Available,Not Available,Not Available,Not Available,Not Available,Not Available,Not Available,Not Available,Not Available,Not Available,Not Available,Not Available,Not Available,Not Available,Not Available,Not Available,Not Available,Not Available,Not Available,Not Available,Not Available,Not Available,Not Available,Not Available,Not Available,Not Available,Not Available,Not Available,Not Available,Not Available,Not Available,Not Available,Not Available,Not Available,Not Available,Not Available,Not Available,Not Available,Not Available,Not Available,Not Available,Not Available,Not Available,Not Available,Not Available,Not Available,Not Available,Not Available,Not Available,Not Available,Not Available,Not Available,Not Available,Not Available,Not Available
UNI177,Jamia Millia Islamia University,Delhi,http://jmi.nic.in/,Not Available,Not Available,Not Available,Not Available,"Engineering: CSE, Mechanical | Management: MBA, BBA | Science: B.Sc, M.Sc","B.Tech CSE, MBA Finance, B.Sc","Computer Science, Mechanical Engineering, Civil Engineering, Management Studies, Applied Sciences","Minimum 60% aggregate in 10+2 (Physics, Chemistry, Mathematics/Biology)",Not Available,Not Available,Not Available,Not Available,Not Available,Not Available,Not Available,Not Available,Not Available,Not Available,Not Available,Not Available,Not Available,Not Available,Not Available,Not Available,Not Available,Not Available,Not Available,Not Available,Not Available,Not Available,Not Available,Not Available,Not Available,Not Available,Not Available,Not Available,Not Available,Not Available,Not Available,Not Available,Not Available,Not Available,Not Available,Not Available,Not Available,Not Available,Not Available,Not Available,Not Available,Not Available,Not Available,Not Available,Not Available,Not Available,Not Available,Not Available,Not Available,Not Available,Not Available,Not Available,Not Available,Not Available,Not Available,Not Available,Not Available
UNI178,Jawaharlal Nehru Centre for Advanced Scientific Research,,http://www.jncasr.ac.in/,Not Available,Not Available,Not Available,Not Available,"Engineering: CSE, Mechanical | Management: MBA, BBA | Science: B.Sc, M.Sc","B.Tech CSE, MBA Finance, B.Sc","Computer Science, Mechanical Engineering, Civil Engineering, Management Studies, Applied Sciences","Minimum 60% aggregate in 10+2 (Physics, Chemistry, Mathematics/Biology)",Not Available,Not Available,Not Available,Not Available,Not Available,Not Available,Not Available,Not Available,Not Available,Not Available,Not Available,Not Available,Not Available,Not Available,Not Available,Not Available,Not Available,Not Available,Not Available,Not Available,Not Available,Not Available,Not Available,Not Available,Not Available,Not Available,Not Available,Not Available,Not Available,Not Available,Not Available,Not Available,Not Available,Not Available,Not Available,Not Available,Not Available,Not Available,Not Available,Not Available,Not Available,Not Available,Not Available,Not Available,Not Available,Not Available,Not Available,Not Available,Not Available,Not Available,Not Available,Not Available,Not Available,Not Available,Not Available,Not Available,Not Available
UNI179,Jawaharlal Nehru Agricultural University,,http://www.jnkvv.nic.in/,Not Available,Not Available,Not Available,Not Available,"Engineering: CSE, Mechanical | Management: MBA, BBA | Science: B.Sc, M.Sc","B.Tech CSE, MBA Finance, B.Sc","Computer Science, Mechanical Engineering, Civil Engineering, Management Studies, Applied Sciences","Minimum 60% aggregate in 10+2 (Physics, Chemistry, Mathematics/Biology)",Not Available,Not Available,Not Available,Not Available,Not Available,Not Available,Not Available,Not Available,Not Available,Not Available,Not Available,Not Available,Not Available,Not Available,Not Available,Not Available,Not Available,Not Available,Not Available,Not Available,Not Available,Not Available,Not Available,Not Available,Not Available,Not Available,Not Available,Not Available,Not Available,Not Available,Not Available,Not Available,Not Available,Not Available,Not Available,Not Available,Not Available,Not Available,Not Available,Not Available,Not Available,Not Available,Not Available,Not Available,Not Available,Not Available,Not Available,Not Available,Not Available,Not Available,Not Available,Not Available,Not Available,Not Available,Not Available,Not Available,Not Available
UNI180,Jawaharlal Nehru Technological University Hyderabad,Telangana,http://www.jntuh.ac.in/,Not Available,Not Available,Not Available,Not Available,"Engineering: Computer Science (CSE), Civil, Mechanical, ICT","B.Tech CSE, MBA Finance, B.Sc","Computer Science, Mechanical Engineering, Civil Engineering, Management Studies, Applied Sciences","Minimum 60% aggregate in 10+2 (Physics, Chemistry, Mathematics/Biology)",Not Available,Not Available,Not Available,Not Available,Not Available,Not Available,Not Available,Not Available,Not Available,Not Available,Not Available,Not Available,Not Available,Not Available,Not Available,Not Available,Not Available,Not Available,Not Available,Not Available,Not Available,Not Available,Not Available,Not Available,Not Available,Not Available,Not Available,Not Available,Not Available,Not Available,Not Available,Not Available,Not Available,Not Available,Not Available,Not Available,Not Available,Not Available,Not Available,Not Available,Not Available,Not Available,Not Available,Not Available,Not Available,Not Available,Not Available,Not Available,Not Available,Not Available,Not Available,Not Available,Not Available,Not Available,Not Available,Not Available,Not Available
UNI181,Jawaharlal Nehru University,Delhi,http://www.jnu.ac.in/,Not Available,Not Available,Not Available,Not Available,"Engineering: CSE, Mechanical | Management: MBA, BBA | Science: B.Sc, M.Sc","B.Tech CSE, MBA Finance, B.Sc","Computer Science, Mechanical Engineering, Civil Engineering, Management Studies, Applied Sciences","Minimum 60% aggregate in 10+2 (Physics, Chemistry, Mathematics/Biology)",Not Available,Not Available,Not Available,Not Available,Not Available,Not Available,Not Available,Not Available,Not Available,Not Available,Not Available,Not Available,Not Available,Not Available,Not Available,Not Available,Not Available,Not Available,Not Available,Not Available,2025,Not Available,Not Available,Not Available,Not Available,Not Available,Not Available,Not Available,Not Available,Not Available,Not Available,Not Available,Not Available,Not Available,Not Available,Not Available,Not Available,Not Available,Not Available,Not Available,Not Available,Not Available,Not Available,Not Available,Not Available,Not Available,Not Available,Not Available,Not Available,Not Available,Not Available,Not Available,Not Available,Not Available,Not Available,Not Available,Not Available
UNI182,Jaipur National University,Rajasthan,http://www.jnujaipur.ac.in/,Not Available,Not Available,Not Available,Not Available,"Engineering: CSE, Mechanical | Management: MBA, BBA | Science: B.Sc, M.Sc","B.Tech CSE, MBA Finance, B.Sc","Computer Science, Mechanical Engineering, Civil Engineering, Management Studies, Applied Sciences","Minimum 60% aggregate in 10+2 (Physics, Chemistry, Mathematics/Biology)",Not Available,Not Available,Not Available,Not Available,Not Available,Not Available,Not Available,Not Available,Not Available,Not Available,Not Available,Not Available,Not Available,Not Available,Not Available,Not Available,Not Available,Not Available,Not Available,Not Available,Not Available,Not Available,Not Available,Not Available,Not Available,Not Available,Not Available,Not Available,Not Available,Not Available,Not Available,Not Available,Not Available,Not Available,Not Available,Not Available,Not Available,Not Available,Not Available,Not Available,Not Available,Not Available,Not Available,Not Available,Not Available,Not Available,Not Available,Not Available,Not Available,Not Available,Not Available,Not Available,Not Available,Not Available,Not Available,Not Available,Not Available
UNI183,Jodhpur National University,Rajasthan,http://www.jodhpurnationaluniversity.com/,Not Available,Not Available,Not Available,Not Available,"Engineering: CSE, Mechanical | Management: MBA, BBA | Science: B.Sc, M.Sc","B.Tech CSE, MBA Finance, B.Sc","Computer Science, Mechanical Engineering, Civil Engineering, Management Studies, Applied Sciences","Minimum 60% aggregate in 10+2 (Physics, Chemistry, Mathematics/Biology)",2015 per semester,Not Available,Not Available,Not Available,Not Available,Not Available,Not Available,Not Available,Not Available,Not Available,Not Available,Not Available,Not Available,Not Available,Not Available,Not Available,Not Available,Not Available,Not Available,Not Available,Not Available,Not Available,Not Available,Not Available,Not Available,Not Available,Not Available,Not Available,Not Available,Not Available,Not Available,Not Available,Not Available,Not Available,Not Available,Not Available,Not Available,Not Available,Not Available,Not Available,Not Available,Not Available,Not Available,Not Available,Not Available,Not Available,Not Available,Not Available,Not Available,Not Available,Not Available,Not Available,Not Available,Not Available,Not Available,Not Available,Not Available
UNI184,Jai Prakash University,,http://jpv.bih.nic.in/,Not Available,Not Available,Not Available,Not Available,"Engineering: CSE, Mechanical | Management: MBA, BBA | Science: B.Sc, M.Sc","B.Tech CSE, MBA Finance, B.Sc","Computer Science, Mechanical Engineering, Civil Engineering, Management Studies, Applied Sciences","Minimum 60% aggregate in 10+2 (Physics, Chemistry, Mathematics/Biology)",Not Available,Not Available,Not Available,Not Available,Not Available,Not Available,Not Available,Not Available,Not Available,Not Available,Not Available,Not Available,Not Available,Not Available,Not Available,Not Available,Not Available,Not Available,Not Available,Not Available,Not Available,Not Available,Not Available,Not Available,Not Available,Not Available,Not Available,Not Available,Not Available,Not Available,Not Available,Not Available,Not Available,Not Available,Not Available,Not Available,Not Available,Not Available,Not Available,Not Available,Not Available,Not Available,Not Available,Not Available,Not Available,Not Available,Not Available,Not Available,Not Available,Not Available,Not Available,Not Available,Not Available,Not Available,Not Available,Not Available,Not Available
UNI185,Rajasthan Vidyapeeth University,Rajasthan,http://www.jrnrvu.org/,Not Available,Not Available,Not Available,Not Available,"Engineering: CSE, Mechanical | Management: MBA, BBA | Science: B.Sc, M.Sc","B.Tech CSE, MBA Finance, B.Sc","Computer Science, Mechanical Engineering, Civil Engineering, Management Studies, Applied Sciences","Minimum 60% aggregate in 10+2 (Physics, Chemistry, Mathematics/Biology)",Not Available,Not Available,Not Available,Not Available,Not Available,Not Available,Not Available,Not Available,Not Available,Not Available,Not Available,Not Available,Not Available,Not Available,Not Available,Not Available,Not Available,Not Available,Not Available,Not Available,Not Available,Not Available,Not Available,Not Available,Not Available,Not Available,Not Available,Not Available,Not Available,Not Available,Not Available,Not Available,Not Available,Not Available,Not Available,Not Available,Not Available,Not Available,Not Available,Not Available,Not Available,Not Available,Not Available,Not Available,Not Available,Not Available,Not Available,Not Available,Not Available,Not Available,Not Available,Not Available,Not Available,Not Available,Not Available,Not Available,Not Available
UNI186,Jain Vishva Bharati Institute,,http://www.jvbi.ac.in/,Not Available,Not Available,Not Available,Not Available,"Engineering: CSE, Mechanical | Management: MBA, BBA | Science: B.Sc, M.Sc","B.Tech CSE, MBA Finance, B.Sc","Computer Science, Mechanical Engineering, Civil Engineering, Management Studies, Applied Sciences","Minimum 60% aggregate in 10+2 (Physics, Chemistry, Mathematics/Biology)",Not Available,Not Available,Not Available,Not Available,Not Available,Not Available,Not Available,Not Available,Not Available,Not Available,Not Available,Not Available,Not Available,Not Available,Not Available,Not Available,Not Available,Not Available,Not Available,Not Available,Not Available,Not Available,Not Available,Not Available,Not Available,Not Available,Not Available,Not Available,Not Available,Not Available,Not Available,Not Available,Not Available,Not Available,Not Available,Not Available,Not Available,Not Available,Not Available,Not Available,Not Available,Not Available,Not Available,Not Available,Not Available,Not Available,Not Available,Not Available,Not Available,Not Available,Not Available,Not Available,Not Available,Not Available,Not Available,Not Available,Not Available
UNI187,Kalinga University,Chhattisgarh,http://www.kalingauniversity.com/,Not Available,Not Available,Not Available,Not Available,"Engineering: CSE, Mechanical | Management: MBA, BBA | Science: B.Sc, M.Sc","B.Tech CSE, MBA Finance, B.Sc","Computer Science, Mechanical Engineering, Civil Engineering, Management Studies, Applied Sciences","Minimum 60% aggregate in 10+2 (Physics, Chemistry, Mathematics/Biology)",Not Available,Not Available,Not Available,Not Available,Not Available,Not Available,Not Available,Not Available,Not Available,Not Available,Not Available,Not Available,Not Available,Not Available,Not Available,Not Available,Not Available,Not Available,Not Available,Not Available,Not Available,Not Available,Not Available,Not Available,Not Available,Not Available,Not Available,Not Available,Not Available,Not Available,Not Available,Not Available,Not Available,Not Available,Not Available,Not Available,Not Available,Not Available,Not Available,Not Available,Not Available,Not Available,Not Available,Not Available,Not Available,Not Available,Not Available,Not Available,Not Available,Not Available,Not Available,Not Available,Not Available,Not Available,Not Available,Not Available,Not Available
UNI188,Sri Chandrasekharendra Saraswathi Viswa Mahavidyalaya,,http://www.kanchiuniv.ac.in/,Not Available,Not Available,Not Available,Not Available,"Engineering: CSE, Mechanical | Management: MBA, BBA | Science: B.Sc, M.Sc","B.Tech CSE, MBA Finance, B.Sc","Computer Science, Mechanical Engineering, Civil Engineering, Management Studies, Applied Sciences","Minimum 60% aggregate in 10+2 (Physics, Chemistry, Mathematics/Biology)",2026 per semester,Not Available,Not Available,Not Available,Not Available,Not Available,Not Available,Not Available,Not Available,Not Available,Not Available,Not Available,Not Available,Not Available,Not Available,Not Available,Not Available,Not Available,Not Available,Not Available,Not Available,Not Available,Not Available,Not Available,Not Available,Not Available,Not Available,Not Available,Not Available,Not Available,Not Available,Not Available,Not Available,Not Available,Not Available,Not Available,Not Available,Not Available,Not Available,Not Available,Not Available,Not Available,Not Available,Not Available,Not Available,Not Available,Not Available,Not Available,Not Available,Not Available,Not Available,Not Available,Not Available,Not Available,Not Available,Not Available,Not Available
UNI189,Kannada University,Karnataka,http://www.kannadauniversity.org/,Not Available,Not Available,Not Available,Not Available,"Engineering: CSE, Mechanical | Management: MBA, BBA | Science: B.Sc, M.Sc","B.Tech CSE, MBA Finance, B.Sc","Computer Science, Mechanical Engineering, Civil Engineering, Management Studies, Applied Sciences","Minimum 60% aggregate in 10+2 (Physics, Chemistry, Mathematics/Biology)",Not Available,Not Available,Not Available,Not Available,Not Available,Not Available,Not Available,Not Available,Not Available,Not Available,Not Available,Not Available,Not Available,Not Available,Not Available,Not Available,Not Available,Not Available,Not Available,Not Available,Not Available,Not Available,Not Available,Not Available,Not Available,Not Available,Not Available,Not Available,Not Available,Not Available,Not Available,Not Available,Not Available,Not Available,Not Available,Not Available,Not Available,Not Available,Not Available,Not Available,Not Available,Not Available,Not Available,Not Available,Not Available,Not Available,Not Available,Not Available,Not Available,Not Available,Not Available,Not Available,Not Available,Not Available,Not Available,Not Available,Not Available
UNI190,Kannur University,,http://www.kannuruniversity.ac.in/,Not Available,Not Available,Not Available,Not Available,"Engineering: CSE, Mechanical | Management: MBA, BBA | Science: B.Sc, M.Sc","B.Tech CSE, MBA Finance, B.Sc","Computer Science, Mechanical Engineering, Civil Engineering, Management Studies, Applied Sciences","Minimum 60% aggregate in 10+2 (Physics, Chemistry, Mathematics/Biology)",Not Available,Not Available,Not Available,Not Available,Not Available,Not Available,Not Available,Not Available,Not Available,Not Available,Not Available,Not Available,Not Available,Not Available,Not Available,Not Available,Not Available,Not Available,Not Available,Not Available,Not Available,Not Available,Not Available,Not Available,Not Available,Not Available,Not Available,Not Available,Not Available,Not Available,Not Available,Not Available,Not Available,Not Available,Not Available,Not Available,Not Available,Not Available,Not Available,Not Available,Not Available,Not Available,Not Available,Not Available,Not Available,Not Available,Not Available,Not Available,Not Available,Not Available,Not Available,Not Available,Not Available,Not Available,Not Available,Not Available,Not Available
UNI191,Chhatrapati Shahu Ji Maharaj University,,http://www.kanpuruniversity.org/,Not Available,Not Available,Not Available,Not Available,"Engineering: CSE, Mechanical | Management: MBA, BBA | Science: B.Sc, M.Sc","B.Tech CSE, MBA Finance, B.Sc","Computer Science, Mechanical Engineering, Civil Engineering, Management Studies, Applied Sciences","Minimum 60% aggregate in 10+2 (Physics, Chemistry, Mathematics/Biology)",Not Available,Not Available,Not Available,Not Available,Not Available,Not Available,Not Available,Not Available,Not Available,Not Available,Not Available,Not Available,Not Available,Not Available,Not Available,Not Available,Not Available,Not Available,Not Available,Not Available,Not Available,Not Available,Not Available,Not Available,Not Available,Not Available,Not Available,Not Available,Not Available,Not Available,Not Available,Not Available,Not Available,Not Available,Not Available,Not Available,Not Available,Not Available,Not Available,Not Available,Not Available,Not Available,Not Available,Not Available,Not Available,Not Available,Not Available,Not Available,Not Available,Not Available,Not Available,Not Available,Not Available,Not Available,Not Available,Not Available,Not Available
UNI192,Karnataka State Open University,Karnataka,http://www.karnatakastateopenuniversity.in/,Not Available,Not Available,Not Available,Not Available,"Engineering: CSE, Mechanical | Management: MBA, BBA | Science: B.Sc, M.Sc","B.Tech CSE, MBA Finance, B.Sc","Computer Science, Mechanical Engineering, Civil Engineering, Management Studies, Applied Sciences","Minimum 60% aggregate in 10+2 (Physics, Chemistry, Mathematics/Biology)",Not Available,Not Available,Not Available,Not Available,Not Available,Not Available,Not Available,Not Available,Not Available,Not Available,Not Available,Not Available,Not Available,Not Available,Not Available,Not Available,Not Available,Not Available,Not Available,Not Available,Not Available,Not Available,Not Available,Not Available,Not Available,Not Available,Not Available,Not Available,Not Available,Not Available,Not Available,Not Available,Not Available,Not Available,Not Available,Not Available,Not Available,Not Available,Not Available,Not Available,Not Available,Not Available,Not Available,Not Available,Not Available,Not Available,Not Available,Not Available,Not Available,Not Available,Not Available,Not Available,Not Available,Not Available,Not Available,Not Available,Not Available
UNI193,Karpagam University,Tamil Nadu,http://www.karpagamuniv.com/,Not Available,Not Available,Not Available,Not Available,"Engineering: CSE, Mechanical | Management: MBA, BBA | Science: B.Sc, M.Sc","B.Tech CSE, MBA Finance, B.Sc","Computer Science, Mechanical Engineering, Civil Engineering, Management Studies, Applied Sciences","Minimum 60% aggregate in 10+2 (Physics, Chemistry, Mathematics/Biology)",Not Available,Not Available,Not Available,Not Available,Not Available,Not Available,Not Available,Not Available,Not Available,Not Available,Not Available,Not Available,Not Available,Not Available,Not Available,Not Available,Not Available,Not Available,Not Available,Not Available,Not Available,Not Available,Not Available,Not Available,Not Available,Not Available,Not Available,Not Available,Not Available,Not Available,Not Available,Not Available,Not Available,Not Available,Not Available,Not Available,Not Available,Not Available,Not Available,Not Available,Not Available,Not Available,Not Available,Not Available,Not Available,Not Available,Not Available,Not Available,Not Available,Not Available,Not Available,Not Available,Not Available,Not Available,Not Available,Not Available,Not Available
UNI194,Karunya Institute Of Technology,Tamil Nadu,http://www.karunya.edu/,Not Available,Not Available,Not Available,Not Available,"Engineering: Computer Science (CSE), Civil, Mechanical, ICT","B.Tech CSE, MBA Finance, B.Sc","Computer Science, Mechanical Engineering, Civil Engineering, Management Studies, Applied Sciences","Minimum 60% aggregate in 10+2 (Physics, Chemistry, Mathematics/Biology)",Not Available,Not Available,Not Available,Not Available,Not Available,Not Available,Not Available,Not Available,Not Available,Not Available,Not Available,Not Available,Not Available,Not Available,Not Available,Not Available,Not Available,Not Available,Not Available,Not Available,Not Available,Not Available,Not Available,Not Available,Not Available,Not Available,Not Available,Not Available,Not Available,Not Available,Not Available,Not Available,Not Available,Not Available,Not Available,Not Available,Not Available,Not Available,Not Available,Not Available,Not Available,Not Available,Not Available,Not Available,Not Available,Not Available,Not Available,Not Available,Not Available,Not Available,Not Available,Not Available,Not Available,Not Available,Not Available,Not Available,Not Available
UNI195,University of Kashmir,Kashmir,http://kashmiruniversity.net/,Not Available,Not Available,Not Available,Not Available,"Engineering: CSE, Mechanical | Management: MBA, BBA | Science: B.Sc, M.Sc","B.Tech CSE, MBA Finance, B.Sc","Computer Science, Mechanical Engineering, Civil Engineering, Management Studies, Applied Sciences","Minimum 60% aggregate in 10+2 (Physics, Chemistry, Mathematics/Biology)",Not Available,Not Available,Not Available,Not Available,Not Available,Not Available,Not Available,Not Available,Not Available,Not Available,Not Available,Not Available,Not Available,Not Available,Not Available,Not Available,Not Available,Not Available,Not Available,Not Available,Not Available,Not Available,Not Available,Not Available,Not Available,Not Available,Not Available,Not Available,Not Available,Not Available,Not Available,Not Available,Not Available,Not Available,Not Available,Not Available,Not Available,Not Available,Not Available,Not Available,Not Available,Not Available,Not Available,Not Available,Not Available,Not Available,Not Available,Not Available,Not Available,Not Available,Not Available,Not Available,Not Available,Not Available,Not Available,Not Available,Not Available
UNI196,Kerala Agricultural University,Kerala,http://www.kau.edu/,Not Available,Not Available,Not Available,Not Available,"Engineering: CSE, Mechanical | Management: MBA, BBA | Science: B.Sc, M.Sc","B.Tech CSE, MBA Finance, B.Sc","Computer Science, Mechanical Engineering, Civil Engineering, Management Studies, Applied Sciences","Minimum 60% aggregate in 10+2 (Physics, Chemistry, Mathematics/Biology)",Not Available,Not Available,Not Available,Not Available,Not Available,Not Available,Not Available,Not Available,Not Available,Not Available,Not Available,Not Available,Not Available,Not Available,Not Available,Not Available,Not Available,Not Available,Not Available,Not Available,Not Available,Not Available,Not Available,Not Available,Not Available,Not Available,Not Available,Not Available,Not Available,Not Available,Not Available,Not Available,Not Available,Not Available,Not Available,Not Available,Not Available,Not Available,Not Available,Not Available,Not Available,Not Available,Not Available,Not Available,Not Available,Not Available,Not Available,Not Available,Not Available,Not Available,Not Available,Not Available,Not Available,Not Available,Not Available,Not Available,Not Available
UNI197,University of Kerala,Kerala,http://www.keralauniversity.ac.in/,Not Available,Not Available,Not Available,Not Available,"Engineering: CSE, Mechanical | Management: MBA, BBA | Science: B.Sc, M.Sc","B.Tech CSE, MBA Finance, B.Sc","Computer Science, Mechanical Engineering, Civil Engineering, Management Studies, Applied Sciences","Minimum 60% aggregate in 10+2 (Physics, Chemistry, Mathematics/Biology)",Not Available,Not Available,Not Available,Not Available,Not Available,Not Available,Not Available,Not Available,Not Available,Not Available,Not Available,Not Available,Not Available,Not Available,Not Available,Not Available,Not Available,Not Available,Not Available,Not Available,Not Available,Not Available,Not Available,Not Available,Not Available,Not Available,Not Available,Not Available,Not Available,Not Available,Not Available,Not Available,Not Available,Not Available,Not Available,Not Available,Not Available,Not Available,Not Available,Not Available,Not Available,Not Available,Not Available,Not Available,Not Available,Not Available,Not Available,Not Available,Not Available,Not Available,Not Available,Not Available,Not Available,Not Available,Not Available,Not Available,Not Available
UNI198,Kohinoor School of Hospitality Management,,http://kimi.kohinoor.ac.in/,Not Available,Not Available,Not Available,Not Available,"Management: MBA (Finance, Marketing, HR), BBA","B.Tech CSE, MBA Finance, B.Sc","Computer Science, Mechanical Engineering, Civil Engineering, Management Studies, Applied Sciences","Minimum 60% aggregate in 10+2 (Physics, Chemistry, Mathematics/Biology)",Not Available,Not Available,Not Available,Not Available,Not Available,Not Available,Not Available,Not Available,Not Available,Not Available,Not Available,Not Available,Not Available,Not Available,Not Available,Not Available,Not Available,Not Available,Not Available,Not Available,Not Available,Not Available,Not Available,Not Available,Not Available,Not Available,Not Available,Not Available,Not Available,Not Available,Not Available,Not Available,Not Available,Not Available,Not Available,Not Available,Not Available,Not Available,Not Available,Not Available,Not Available,Not Available,Not Available,Not Available,Not Available,Not Available,Not Available,Not Available,Not Available,Not Available,Not Available,Not Available,Not Available,Not Available,Not Available,Not Available,Not Available
UNI199,University of Kalyani,,http://www.klyuniv.ac.in/,1960,Not Available,Not Available,Not Available,"Engineering: CSE, Mechanical | Management: MBA, BBA | Science: B.Sc, M.Sc","B.Tech CSE, MBA Finance, B.Sc","Computer Science, Mechanical Engineering, Civil Engineering, Management Studies, Applied Sciences","Minimum 60% aggregate in 10+2 (Physics, Chemistry, Mathematics/Biology)",Not Available,Not Available,Not Available,Not Available,Not Available,Not Available,Not Available,Not Available,Not Available,Not Available,Not Available,Not Available,Not Available,Not Available,Not Available,Not Available,Not Available,Not Available,Not Available,Not Available,2024,Not Available,Not Available,Not Available,Not Available,Not Available,Not Available,Not Available,Not Available,Not Available,Not Available,Not Available,Not Available,Not Available,Not Available,Not Available,Not Available,Not Available,Not Available,Not Available,Not Available,Not Available,Not Available,Not Available,Not Available,Not Available,Not Available,Not Available,Not Available,Not Available,Not Available,Not Available,Not Available,Not Available,Not Available,Not Available,Not Available
UNI200,Krishna University,,http://www.krishnauniversity.ac.in/,Not Available,Not Available,Not Available,Not Available,"Engineering: CSE, Mechanical | Management: MBA, BBA | Science: B.Sc, M.Sc","B.Tech CSE, MBA Finance, B.Sc","Computer Science, Mechanical Engineering, Civil Engineering, Management Studies, Applied Sciences","Minimum 60% aggregate in 10+2 (Physics, Chemistry, Mathematics/Biology)",Not Available,Not Available,Not Available,Not Available,Not Available,Not Available,Not Available,Not Available,Not Available,Not Available,Not Available,Not Available,Not Available,Not Available,Not Available,Not Available,Not Available,Not Available,Not Available,Not Available,Not Available,Not Available,Not Available,Not Available,Not Available,Not Available,Not Available,Not Available,Not Available,Not Available,Not Available,Not Available,Not Available,Not Available,Not Available,Not Available,Not Available,Not Available,Not Available,Not Available,Not Available,Not Available,Not Available,Not Available,Not Available,Not Available,Not Available,Not Available,Not Available,Not Available,Not Available,Not Available,Not Available,Not Available,Not Available,Not Available,Not Available
UNI201,Kameshwar Singh Darbhanga Sanskrit University,,http://www.ksdsu.edu.in/,Not Available,Not Available,Not Available,Not Available,"Engineering: CSE, Mechanical | Management: MBA, BBA | Science: B.Sc, M.Sc","B.Tech CSE, MBA Finance, B.Sc","Computer Science, Mechanical Engineering, Civil Engineering, Management Studies, Applied Sciences","Minimum 60% aggregate in 10+2 (Physics, Chemistry, Mathematics/Biology)",Not Available,Not Available,Not Available,Not Available,Not Available,Not Available,Not Available,Not Available,Not Available,Not Available,Not Available,Not Available,Not Available,Not Available,Not Available,Not Available,Not Available,Not Available,Not Available,Not Available,Not Available,Not Available,Not Available,Not Available,Not Available,Not Available,Not Available,Not Available,Not Available,Not Available,Not Available,Not Available,Not Available,Not Available,Not Available,Not Available,Not Available,Not Available,Not Available,Not Available,Not Available,Not Available,Not Available,Not Available,Not Available,Not Available,Not Available,Not Available,Not Available,Not Available,Not Available,Not Available,Not Available,Not Available,Not Available,Not Available,Not Available
UNI202,Karnataka State Law University,Karnataka,http://www.kslu.ac.in/,Not Available,Not Available,Not Available,Not Available,"Engineering: CSE, Mechanical | Management: MBA, BBA | Science: B.Sc, M.Sc","B.Tech CSE, MBA Finance, B.Sc","Computer Science, Mechanical Engineering, Civil Engineering, Management Studies, Applied Sciences","Minimum 60% aggregate in 10+2 (Physics, Chemistry, Mathematics/Biology)",Not Available,Not Available,Not Available,Not Available,Not Available,Not Available,Not Available,Not Available,Not Available,Not Available,Not Available,Not Available,Not Available,Not Available,Not Available,Not Available,Not Available,Not Available,Not Available,Not Available,Not Available,Not Available,Not Available,Not Available,Not Available,Not Available,Not Available,Not Available,Not Available,Not Available,Not Available,Not Available,Not Available,Not Available,Not Available,Not Available,Not Available,Not Available,Not Available,Not Available,Not Available,Not Available,Not Available,Not Available,Not Available,Not Available,Not Available,Not Available,Not Available,Not Available,Not Available,Not Available,Not Available,Not Available,Not Available,Not Available,Not Available
UNI203,Karnatak University,,http://www.kud.ac.in/,Not Available,Not Available,Not Available,Not Available,"Engineering: CSE, Mechanical | Management: MBA, BBA | Science: B.Sc, M.Sc","B.Tech CSE, MBA Finance, B.Sc","Computer Science, Mechanical Engineering, Civil Engineering, Management Studies, Applied Sciences","Minimum 60% aggregate in 10+2 (Physics, Chemistry, Mathematics/Biology)",Not Available,Not Available,Not Available,Not Available,Not Available,Not Available,Not Available,Not Available,Not Available,Not Available,Not Available,Not Available,Not Available,Not Available,Not Available,Not Available,Not Available,Not Available,Not Available,Not Available,Not Available,Not Available,Not Available,Not Available,Not Available,Not Available,Not Available,Not Available,Not Available,Not Available,Not Available,Not Available,Not Available,Not Available,Not Available,Not Available,Not Available,Not Available,Not Available,Not Available,Not Available,Not Available,Not Available,Not Available,Not Available,Not Available,Not Available,Not Available,Not Available,Not Available,Not Available,Not Available,Not Available,Not Available,Not Available,Not Available,Not Available
UNI204,Kerala University of Fisheries and Ocean Sciences,Kerala,http://www.kufos.ac.in/,Not Available,Not Available,Not Available,Not Available,"Engineering: CSE, Mechanical | Management: MBA, BBA | Science: B.Sc, M.Sc","B.Tech CSE, MBA Finance, B.Sc","Computer Science, Mechanical Engineering, Civil Engineering, Management Studies, Applied Sciences","Minimum 60% aggregate in 10+2 (Physics, Chemistry, Mathematics/Biology)",Not Available,Not Available,Not Available,Not Available,Not Available,Not Available,Not Available,Not Available,Not Available,Not Available,Not Available,Not Available,Not Available,Not Available,Not Available,Not Available,Not Available,Not Available,Not Available,Not Available,Not Available,Not Available,Not Available,Not Available,Not Available,Not Available,Not Available,Not Available,Not Available,Not Available,Not Available,Not Available,Not Available,Not Available,Not Available,Not Available,Not Available,Not Available,Not Available,Not Available,Not Available,Not Available,Not Available,Not Available,Not Available,Not Available,Not Available,Not Available,Not Available,Not Available,Not Available,Not Available,Not Available,Not Available,Not Available,Not Available,Not Available
UNI205,Kurukshetra University,,http://www.kukinfo.com/,Not Available,Not Available,Not Available,Not Available,"Engineering: CSE, Mechanical | Management: MBA, BBA | Science: B.Sc, M.Sc","B.Tech CSE, MBA Finance, B.Sc","Computer Science, Mechanical Engineering, Civil Engineering, Management Studies, Applied Sciences","Minimum 60% aggregate in 10+2 (Physics, Chemistry, Mathematics/Biology)",Not Available,Not Available,Not Available,Not Available,Not Available,Not Available,Not Available,Not Available,Not Available,Not Available,Not Available,Not Available,Not Available,Not Available,Not Available,Not Available,Not Available,Not Available,Not Available,Not Available,Not Available,Not Available,Not Available,Not Available,Not Available,Not Available,Not Available,Not Available,Not Available,Not Available,Not Available,Not Available,Not Available,Not Available,Not Available,Not Available,Not Available,Not Available,Not Available,Not Available,Not Available,Not Available,Not Available,Not Available,Not Available,Not Available,Not Available,Not Available,Not Available,Not Available,Not Available,Not Available,Not Available,Not Available,Not Available,Not Available,Not Available
UNI206,Kumaraguru College of Technology,Tamil Nadu,http://www.kct.ac.in/,Not Available,Not Available,Not Available,Not Available,"Engineering: Computer Science (CSE), Civil, Mechanical, ICT","B.Tech CSE, MBA Finance, B.Sc","Computer Science, Mechanical Engineering, Civil Engineering, Management Studies, Applied Sciences","Minimum 60% aggregate in 10+2 (Physics, Chemistry, Mathematics/Biology)",Not Available,Not Available,Not Available,Not Available,Not Available,Not Available,Not Available,Not Available,Not Available,Not Available,Not Available,Not Available,Not Available,Not Available,Not Available,Not Available,Not Available,Not Available,Not Available,Not Available,Not Available,Not Available,Not Available,Not Available,Not Available,Not Available,Not Available,Not Available,Not Available,Not Available,Not Available,Not Available,Not Available,Not Available,Not Available,Not Available,Not Available,Not Available,Not Available,Not Available,Not Available,Not Available,Not Available,Not Available,Not Available,Not Available,Not Available,Not Available,Not Available,Not Available,Not Available,Not Available,Not Available,Not Available,Not Available,Not Available,Not Available
UNI207,Kumaun University,,http://www.kumaununiversity.org/,Not Available,Not Available,Not Available,Not Available,"Engineering: CSE, Mechanical | Management: MBA, BBA | Science: B.Sc, M.Sc","B.Tech CSE, MBA Finance, B.Sc","Computer Science, Mechanical Engineering, Civil Engineering, Management Studies, Applied Sciences","Minimum 60% aggregate in 10+2 (Physics, Chemistry, Mathematics/Biology)",Not Available,Not Available,Not Available,Not Available,Not Available,Not Available,Not Available,Not Available,Not Available,Not Available,Not Available,Not Available,Not Available,Not Available,Not Available,Not Available,Not Available,Not Available,Not Available,Not Available,Not Available,Not Available,Not Available,Not Available,Not Available,Not Available,Not Available,Not Available,Not Available,Not Available,Not Available,Not Available,Not Available,Not Available,Not Available,Not Available,Not Available,Not Available,Not Available,Not Available,Not Available,Not Available,Not Available,Not Available,Not Available,Not Available,Not Available,Not Available,Not Available,Not Available,Not Available,Not Available,Not Available,Not Available,Not Available,Not Available,Not Available
UNI208,Kuvempu University,,http://www.kuvempu.ac.in/,Not Available,Not Available,Not Available,Not Available,"Engineering: CSE, Mechanical | Management: MBA, BBA | Science: B.Sc, M.Sc","B.Tech CSE, MBA Finance, B.Sc","Computer Science, Mechanical Engineering, Civil Engineering, Management Studies, Applied Sciences","Minimum 60% aggregate in 10+2 (Physics, Chemistry, Mathematics/Biology)",Not Available,Not Available,Not Available,Not Available,Not Available,Not Available,Not Available,Not Available,Not Available,Not Available,Not Available,Not Available,Not Available,Not Available,Not Available,Not Available,Not Available,Not Available,Not Available,Not Available,Not Available,Not Available,Not Available,Not Available,Not Available,Not Available,Not Available,Not Available,Not Available,Not Available,Not Available,Not Available,Not Available,Not Available,Not Available,Not Available,Not Available,Not Available,Not Available,Not Available,Not Available,Not Available,Not Available,Not Available,Not Available,Not Available,Not Available,Not Available,Not Available,Not Available,Not Available,Not Available,Not Available,Not Available,Not Available,Not Available,Not Available
UNI209,Kakatiya University,,http://www.kuwarangal.com/,Not Available,Not Available,Not Available,Not Available,"Engineering: CSE, Mechanical | Management: MBA, BBA | Science: B.Sc, M.Sc","B.Tech CSE, MBA Finance, B.Sc","Computer Science, Mechanical Engineering, Civil Engineering, Management Studies, Applied Sciences","Minimum 60% aggregate in 10+2 (Physics, Chemistry, Mathematics/Biology)",Not Available,Not Available,Not Available,Not Available,Not Available,Not Available,Not Available,Not Available,Not Available,Not Available,Not Available,Not Available,Not Available,Not Available,Not Available,Not Available,Not Available,Not Available,Not Available,Not Available,Not Available,Not Available,Not Available,Not Available,Not Available,Not Available,Not Available,Not Available,Not Available,Not Available,Not Available,Not Available,Not Available,Not Available,Not Available,Not Available,Not Available,Not Available,Not Available,Not Available,Not Available,Not Available,Not Available,Not Available,Not Available,Not Available,Not Available,Not Available,Not Available,Not Available,Not Available,Not Available,Not Available,Not Available,Not Available,Not Available,Not Available
UNI210,L.D.College of Engineering,,http://www.ldceahd.org/,Not Available,Not Available,Not Available,Not Available,"Engineering: Computer Science (CSE), Civil, Mechanical, ICT","B.Tech CSE, MBA Finance, B.Sc","Computer Science, Mechanical Engineering, Civil Engineering, Management Studies, Applied Sciences","Minimum 60% aggregate in 10+2 (Physics, Chemistry, Mathematics/Biology)",Not Available,Not Available,Not Available,Not Available,Not Available,Not Available,Not Available,Not Available,Not Available,Not Available,Not Available,Not Available,Not Available,Not Available,Not Available,Not Available,Not Available,Not Available,Not Available,Not Available,Not Available,Not Available,Not Available,Not Available,Not Available,Not Available,Not Available,Not Available,Not Available,Not Available,Not Available,Not Available,Not Available,Not Available,Not Available,Not Available,Not Available,Not Available,Not Available,Not Available,Not Available,Not Available,Not Available,Not Available,Not Available,Not Available,Not Available,Not Available,Not Available,Not Available,Not Available,Not Available,Not Available,Not Available,Not Available,Not Available,Not Available
UNI211,Lakshmibai National Institute of Physical Education,,http://www.lnipe.edu/,Not Available,Not Available,Not Available,Not Available,"Engineering: CSE, Mechanical | Management: MBA, BBA | Science: B.Sc, M.Sc","B.Tech CSE, MBA Finance, B.Sc","Computer Science, Mechanical Engineering, Civil Engineering, Management Studies, Applied Sciences","Minimum 60% aggregate in 10+2 (Physics, Chemistry, Mathematics/Biology)",Not Available,Not Available,Not Available,Not Available,Not Available,Not Available,Not Available,Not Available,Not Available,Not Available,Not Available,Not Available,Not Available,Not Available,Not Available,Not Available,Not Available,Not Available,Not Available,Not Available,Not Available,Not Available,Not Available,Not Available,Not Available,Not Available,Not Available,Not Available,Not Available,Not Available,Not Available,Not Available,Not Available,Not Available,Not Available,Not Available,Not Available,Not Available,Not Available,Not Available,Not Available,Not Available,Not Available,Not Available,Not Available,Not Available,Not Available,Not Available,Not Available,Not Available,Not Available,Not Available,Not Available,Not Available,Not Available,Not Available,Not Available
UNI212,Lalit Narayan Mithila University,,http://lnmu.bih.nic.in/,Not Available,Not Available,Not Available,Not Available,"Engineering: CSE, Mechanical | Management: MBA, BBA | Science: B.Sc, M.Sc","B.Tech CSE, MBA Finance, B.Sc","Computer Science, Mechanical Engineering, Civil Engineering, Management Studies, Applied Sciences","Minimum 60% aggregate in 10+2 (Physics, Chemistry, Mathematics/Biology)",Not Available,Not Available,Not Available,Not Available,Not Available,Not Available,Not Available,Not Available,Not Available,Not Available,Not Available,Not Available,Not Available,Not Available,Not Available,Not Available,Not Available,Not Available,Not Available,Not Available,Not Available,Not Available,Not Available,Not Available,Not Available,Not Available,Not Available,Not Available,Not Available,Not Available,Not Available,Not Available,Not Available,Not Available,Not Available,Not Available,Not Available,Not Available,Not Available,Not Available,Not Available,Not Available,Not Available,Not Available,Not Available,Not Available,Not Available,Not Available,Not Available,Not Available,Not Available,Not Available,Not Available,Not Available,Not Available,Not Available,Not Available
UNI213,University of Lucknow,Uttar Pradesh,http://www.lucknowuniv.org/,Not Available,Not Available,Not Available,Not Available,"Engineering: CSE, Mechanical | Management: MBA, BBA | Science: B.Sc, M.Sc","B.Tech CSE, MBA Finance, B.Sc","Computer Science, Mechanical Engineering, Civil Engineering, Management Studies, Applied Sciences","Minimum 60% aggregate in 10+2 (Physics, Chemistry, Mathematics/Biology)",Not Available,Not Available,Not Available,Not Available,Not Available,Not Available,Not Available,Not Available,Not Available,Not Available,Not Available,Not Available,Not Available,Not Available,Not Available,Not Available,Not Available,Not Available,Not Available,Not Available,Not Available,Not Available,Not Available,Not Available,Not Available,Not Available,Not Available,Not Available,Not Available,Not Available,Not Available,Not Available,Not Available,Not Available,Not Available,Not Available,Not Available,Not Available,Not Available,Not Available,Not Available,Not Available,Not Available,Not Available,Not Available,Not Available,Not Available,Not Available,Not Available,Not Available,Not Available,Not Available,Not Available,Not Available,Not Available,Not Available,Not Available
UNI214,Mar Athanasios College for Advanced Studies,,http://www.macfast.org/,2001,Not Available,Not Available,Not Available,"Engineering: CSE, Mechanical | Management: MBA, BBA | Science: B.Sc, M.Sc","B.Tech CSE, MBA Finance, B.Sc","Computer Science, Mechanical Engineering, Civil Engineering, Management Studies, Applied Sciences","Minimum 60% aggregate in 10+2 (Physics, Chemistry, Mathematics/Biology)",Not Available,Not Available,Not Available,Not Available,Not Available,Not Available,Not Available,Not Available,Not Available,Not Available,Not Available,Not Available,Not Available,Not Available,Not Available,Not Available,Not Available,Not Available,Not Available,Not Available,Not Available,Not Available,Not Available,Not Available,Not Available,Not Available,Not Available,Not Available,Not Available,Not Available,Not Available,Not Available,Not Available,Not Available,Not Available,Not Available,Not Available,Not Available,Not Available,Not Available,Not Available,Not Available,Not Available,Not Available,Not Available,Not Available,Not Available,Not Available,Not Available,Not Available,Not Available,Not Available,Not Available,Not Available,Not Available,Not Available,Not Available
UNI215,Magadh University,,http://www.magadhuniversity.org/,Not Available,Not Available,Not Available,Not Available,"Engineering: CSE, Mechanical | Management: MBA, BBA | Science: B.Sc, M.Sc","B.Tech CSE, MBA Finance, B.Sc","Computer Science, Mechanical Engineering, Civil Engineering, Management Studies, Applied Sciences","Minimum 60% aggregate in 10+2 (Physics, Chemistry, Mathematics/Biology)",Not Available,Not Available,Not Available,Not Available,Not Available,Not Available,Not Available,Not Available,Not Available,Not Available,Not Available,Not Available,Not Available,Not Available,Not Available,Not Available,Not Available,Not Available,Not Available,Not Available,Not Available,Not Available,Not Available,Not Available,Not Available,Not Available,Not Available,Not Available,Not Available,Not Available,Not Available,Not Available,Not Available,Not Available,Not Available,Not Available,Not Available,Not Available,Not Available,Not Available,Not Available,Not Available,Not Available,Not Available,Not Available,Not Available,Not Available,Not Available,Not Available,Not Available,Not Available,Not Available,Not Available,Not Available,Not Available,Not Available,Not Available
UNI216,Mangalore University,Karnataka,http://www.mangaloreuniversity.ac.in/,Not Available,Not Available,Not Available,Not Available,"Engineering: CSE, Mechanical | Management: MBA, BBA | Science: B.Sc, M.Sc","B.Tech CSE, MBA Finance, B.Sc","Computer Science, Mechanical Engineering, Civil Engineering, Management Studies, Applied Sciences","Minimum 60% aggregate in 10+2 (Physics, Chemistry, Mathematics/Biology)",Not Available,Not Available,2026,Not Available,Not Available,Not Available,Not Available,Not Available,Not Available,Not Available,Not Available,Not Available,Not Available,Not Available,Not Available,Not Available,Not Available,Not Available,Not Available,Not Available,Not Available,Not Available,Not Available,Not Available,Not Available,Not Available,Not Available,Not Available,Not Available,Not Available,Not Available,Not Available,Not Available,Not Available,Not Available,Not Available,Not Available,Not Available,Not Available,Not Available,Not Available,Not Available,Not Available,Not Available,Not Available,Not Available,Not Available,Not Available,Not Available,Not Available,Not Available,Not Available,Not Available,Not Available,Not Available,Not Available,Not Available
UNI217,Manipal University,Karnataka,http://www.manipal.edu/,Not Available,Not Available,Not Available,Not Available,"Engineering: CSE, Mechanical | Management: MBA, BBA | Science: B.Sc, M.Sc","B.Tech CSE, MBA Finance, B.Sc","Computer Science, Mechanical Engineering, Civil Engineering, Management Studies, Applied Sciences","Minimum 60% aggregate in 10+2 (Physics, Chemistry, Mathematics/Biology)",Not Available,Not Available,Not Available,Not Available,Not Available,Not Available,Not Available,Not Available,Not Available,Not Available,Not Available,Not Available,Not Available,Not Available,Not Available,Not Available,Not Available,Not Available,Not Available,Not Available,Not Available,Not Available,Not Available,Not Available,Not Available,Not Available,Not Available,Not Available,Not Available,Not Available,Not Available,Not Available,Not Available,Not Available,Not Available,Not Available,Not Available,Not Available,Not Available,Not Available,Not Available,Not Available,Not Available,Not Available,Not Available,Not Available,Not Available,Not Available,Not Available,Not Available,Not Available,Not Available,Not Available,Not Available,Not Available,Not Available,Not Available
UNI218,Manipur University,Manipur,https://www.manipuruniv.ac.in/,Not Available,Not Available,Not Available,Not Available,"Engineering: CSE, Mechanical | Management: MBA, BBA | Science: B.Sc, M.Sc","B.Tech CSE, MBA Finance, B.Sc","Computer Science, Mechanical Engineering, Civil Engineering, Management Studies, Applied Sciences","Minimum 60% aggregate in 10+2 (Physics, Chemistry, Mathematics/Biology)",2025 per semester,Not Available,Not Available,Not Available,Not Available,Not Available,Not Available,Not Available,Not Available,Not Available,Not Available,Not Available,Not Available,Not Available,Not Available,Not Available,Not Available,Not Available,Not Available,Not Available,Not Available,Not Available,Not Available,Not Available,Not Available,Not Available,Not Available,2023,Not Available,Not Available,Not Available,Not Available,Not Available,Not Available,Not Available,Not Available,Not Available,Not Available,Not Available,Not Available,Not Available,Not Available,Not Available,Not Available,Not Available,Not Available,Not Available,Not Available,Not Available,Not Available,Not Available,Not Available,Not Available,Not Available,Not Available,Not Available,Not Available
UNI219,Moulana Azad national Urdu University,,http://www.manuu.ac.in/,Not Available,Not Available,Not Available,Not Available,"Engineering: CSE, Mechanical | Management: MBA, BBA | Science: B.Sc, M.Sc","B.Tech CSE, MBA Finance, B.Sc","Computer Science, Mechanical Engineering, Civil Engineering, Management Studies, Applied Sciences","Minimum 60% aggregate in 10+2 (Physics, Chemistry, Mathematics/Biology)",Not Available,Not Available,Not Available,Not Available,Not Available,Not Available,Not Available,Not Available,Not Available,Not Available,Not Available,Not Available,Not Available,Not Available,Not Available,Not Available,Not Available,Not Available,Not Available,Not Available,Not Available,Not Available,Not Available,Not Available,Not Available,Not Available,Not Available,Not Available,Not Available,Not Available,Not Available,Not Available,Not Available,Not Available,Not Available,Not Available,Not Available,Not Available,Not Available,Not Available,Not Available,Not Available,Not Available,Not Available,Not Available,Not Available,Not Available,Not Available,Not Available,Not Available,Not Available,Not Available,Not Available,Not Available,Not Available,Not Available,Not Available
UNI220,Makanlal Chutur Vedi University,,http://www.mcu.ac.in/,Not Available,Not Available,Not Available,Not Available,"Engineering: CSE, Mechanical | Management: MBA, BBA | Science: B.Sc, M.Sc","B.Tech CSE, MBA Finance, B.Sc","Computer Science, Mechanical Engineering, Civil Engineering, Management Studies, Applied Sciences","Minimum 60% aggregate in 10+2 (Physics, Chemistry, Mathematics/Biology)",Not Available,Not Available,Not Available,Not Available,Not Available,Not Available,Not Available,Not Available,Not Available,Not Available,Not Available,Not Available,Not Available,Not Available,Not Available,Not Available,Not Available,Not Available,Not Available,Not Available,Not Available,Not Available,Not Available,Not Available,Not Available,Not Available,Not Available,Not Available,Not Available,Not Available,Not Available,Not Available,Not Available,Not Available,Not Available,Not Available,Not Available,Not Available,Not Available,Not Available,Not Available,Not Available,Not Available,Not Available,Not Available,Not Available,Not Available,Not Available,Not Available,Not Available,Not Available,Not Available,Not Available,Not Available,Not Available,Not Available,Not Available
UNI221,Maharshi Dayanand Sarswati University Ajmer,,http://www.mdsuajmer.ac.in/,Not Available,Not Available,Not Available,Not Available,"Engineering: CSE, Mechanical | Management: MBA, BBA | Science: B.Sc, M.Sc","B.Tech CSE, MBA Finance, B.Sc","Computer Science, Mechanical Engineering, Civil Engineering, Management Studies, Applied Sciences","Minimum 60% aggregate in 10+2 (Physics, Chemistry, Mathematics/Biology)",Not Available,Not Available,Not Available,Not Available,Not Available,Not Available,Not Available,Not Available,Not Available,Not Available,Not Available,Not Available,Not Available,Not Available,Not Available,Not Available,Not Available,Not Available,Not Available,Not Available,Not Available,Not Available,Not Available,Not Available,Not Available,Not Available,Not Available,Not Available,Not Available,Not Available,Not Available,Not Available,Not Available,Not Available,Not Available,Not Available,Not Available,Not Available,Not Available,Not Available,Not Available,Not Available,Not Available,Not Available,Not Available,Not Available,Not Available,Not Available,Not Available,Not Available,Not Available,Not Available,Not Available,Not Available,Not Available,Not Available,Not Available
UNI222,"Maharishi Dayanand University, Rohtak",Haryana,http://www.mdurohtak.com/,Not Available,Not Available,Not Available,Not Available,"Engineering: CSE, Mechanical | Management: MBA, BBA | Science: B.Sc, M.Sc","B.Tech CSE, MBA Finance, B.Sc","Computer Science, Mechanical Engineering, Civil Engineering, Management Studies, Applied Sciences","Minimum 60% aggregate in 10+2 (Physics, Chemistry, Mathematics/Biology)",Not Available,Not Available,Not Available,Not Available,Not Available,Not Available,Not Available,Not Available,Not Available,Not Available,Not Available,Not Available,Not Available,Not Available,Not Available,Not Available,Not Available,Not Available,Not Available,Not Available,Not Available,Not Available,Not Available,Not Available,Not Available,Not Available,Not Available,Not Available,Not Available,Not Available,Not Available,Not Available,Not Available,Not Available,Not Available,Not Available,Not Available,Not Available,Not Available,Not Available,Not Available,Not Available,Not Available,Not Available,Not Available,Not Available,Not Available,Not Available,Not Available,Not Available,Not Available,Not Available,Not Available,Not Available,Not Available,Not Available,Not Available
UNI223,Mahatma Gandhi Kashi Vidyapith,,http://www.mgkvp.ac.in/,Not Available,Not Available,Not Available,Not Available,"Engineering: CSE, Mechanical | Management: MBA, BBA | Science: B.Sc, M.Sc","B.Tech CSE, MBA Finance, B.Sc","Computer Science, Mechanical Engineering, Civil Engineering, Management Studies, Applied Sciences","Minimum 60% aggregate in 10+2 (Physics, Chemistry, Mathematics/Biology)",Not Available,Not Available,Not Available,Not Available,Not Available,Not Available,Not Available,Not Available,Not Available,Not Available,Not Available,Not Available,Not Available,Not Available,Not Available,Not Available,Not Available,Not Available,Not Available,Not Available,Not Available,Not Available,Not Available,Not Available,Not Available,Not Available,Not Available,Not Available,Not Available,Not Available,Not Available,Not Available,Not Available,Not Available,Not Available,Not Available,Not Available,Not Available,Not Available,Not Available,Not Available,Not Available,Not Available,Not Available,Not Available,Not Available,Not Available,Not Available,Not Available,Not Available,Not Available,Not Available,Not Available,Not Available,Not Available,Not Available,Not Available
UNI224,"Maharaja Ganga Singh University, Bikaner",,http://www.mgsubikaner.ac.in/,Not Available,Not Available,Not Available,Not Available,"Engineering: CSE, Mechanical | Management: MBA, BBA | Science: B.Sc, M.Sc","B.Tech CSE, MBA Finance, B.Sc","Computer Science, Mechanical Engineering, Civil Engineering, Management Studies, Applied Sciences","Minimum 60% aggregate in 10+2 (Physics, Chemistry, Mathematics/Biology)",Not Available,Not Available,Not Available,Not Available,Not Available,Not Available,Not Available,Not Available,Not Available,Not Available,Not Available,Not Available,Not Available,Not Available,Not Available,Not Available,Not Available,Not Available,Not Available,Not Available,Not Available,Not Available,Not Available,Not Available,Not Available,Not Available,Not Available,Not Available,Not Available,Not Available,Not Available,Not Available,Not Available,Not Available,Not Available,Not Available,Not Available,Not Available,Not Available,Not Available,Not Available,Not Available,Not Available,Not Available,Not Available,Not Available,Not Available,Not Available,Not Available,Not Available,Not Available,Not Available,Not Available,Not Available,Not Available,Not Available,Not Available
UNI225,"Mahatma Gandhi University, Kerala",Kerala,http://www.mgu.ac.in/,Not Available,Not Available,Not Available,Not Available,"Engineering: CSE, Mechanical | Management: MBA, BBA | Science: B.Sc, M.Sc","B.Tech CSE, MBA Finance, B.Sc","Computer Science, Mechanical Engineering, Civil Engineering, Management Studies, Applied Sciences","Minimum 60% aggregate in 10+2 (Physics, Chemistry, Mathematics/Biology)",Not Available,Not Available,Not Available,Not Available,Not Available,Not Available,Not Available,Not Available,Not Available,Not Available,Not Available,Not Available,Not Available,Not Available,Not Available,Not Available,Not Available,Not Available,Not Available,Not Available,Not Available,Not Available,Not Available,Not Available,Not Available,Not Available,Not Available,Not Available,Not Available,Not Available,Not Available,Not Available,Not Available,Not Available,Not Available,Not Available,Not Available,Not Available,Not Available,Not Available,Not Available,Not Available,Not Available,Not Available,Not Available,Not Available,Not Available,Not Available,Not Available,Not Available,Not Available,Not Available,Not Available,Not Available,Not Available,Not Available,Not Available
UNI226,Mahatma Jyotiba Phule Rohilkhand University Bareilly,,http://www.mjpru.ac.in/,Not Available,Not Available,Not Available,Not Available,"Engineering: CSE, Mechanical | Management: MBA, BBA | Science: B.Sc, M.Sc","B.Tech CSE, MBA Finance, B.Sc","Computer Science, Mechanical Engineering, Civil Engineering, Management Studies, Applied Sciences","Minimum 60% aggregate in 10+2 (Physics, Chemistry, Mathematics/Biology)",Not Available,Not Available,Not Available,Not Available,Not Available,Not Available,Not Available,Not Available,Not Available,Not Available,Not Available,Not Available,Not Available,Not Available,Not Available,Not Available,Not Available,Not Available,Not Available,Not Available,Not Available,Not Available,Not Available,Not Available,Not Available,Not Available,Not Available,Not Available,Not Available,Not Available,Not Available,Not Available,Not Available,Not Available,Not Available,Not Available,Not Available,Not Available,Not Available,Not Available,Not Available,Not Available,Not Available,Not Available,Not Available,Not Available,Not Available,Not Available,Not Available,Not Available,Not Available,Not Available,Not Available,Not Available,Not Available,Not Available,Not Available
UNI227,Madurai Kamaraj University,Tamil Nadu,http://www.mkuhyd.com/,Not Available,Not Available,Not Available,Not Available,"Engineering: CSE, Mechanical | Management: MBA, BBA | Science: B.Sc, M.Sc","B.Tech CSE, MBA Finance, B.Sc","Computer Science, Mechanical Engineering, Civil Engineering, Management Studies, Applied Sciences","Minimum 60% aggregate in 10+2 (Physics, Chemistry, Mathematics/Biology)",Not Available,Not Available,Not Available,Not Available,Not Available,Not Available,Not Available,Not Available,Not Available,Not Available,Not Available,Not Available,Not Available,Not Available,Not Available,Not Available,Not Available,Not Available,Not Available,Not Available,Not Available,Not Available,Not Available,Not Available,Not Available,Not Available,Not Available,Not Available,Not Available,Not Available,Not Available,Not Available,Not Available,Not Available,Not Available,Not Available,Not Available,Not Available,Not Available,Not Available,Not Available,Not Available,Not Available,Not Available,Not Available,Not Available,Not Available,Not Available,Not Available,Not Available,Not Available,Not Available,Not Available,Not Available,Not Available,Not Available,Not Available
UNI228,Marathwada Agricultural University,,http://mkv2.mah.nic.in/,Not Available,Not Available,Not Available,Not Available,"Engineering: CSE, Mechanical | Management: MBA, BBA | Science: B.Sc, M.Sc","B.Tech CSE, MBA Finance, B.Sc","Computer Science, Mechanical Engineering, Civil Engineering, Management Studies, Applied Sciences","Minimum 60% aggregate in 10+2 (Physics, Chemistry, Mathematics/Biology)",Not Available,Not Available,Not Available,Not Available,Not Available,Not Available,Not Available,Not Available,Not Available,Not Available,Not Available,Not Available,Not Available,Not Available,Not Available,Not Available,Not Available,Not Available,Not Available,Not Available,Not Available,Not Available,Not Available,Not Available,Not Available,Not Available,Not Available,Not Available,Not Available,Not Available,Not Available,Not Available,Not Available,Not Available,Not Available,Not Available,Not Available,Not Available,Not Available,Not Available,Not Available,Not Available,Not Available,Not Available,Not Available,Not Available,Not Available,Not Available,Not Available,Not Available,Not Available,Not Available,Not Available,Not Available,Not Available,Not Available,Not Available
UNI229,Mohan Lal Sukhadia University,,http://www.mlsu.ac.in/,Not Available,Not Available,Not Available,Not Available,"Engineering: CSE, Mechanical | Management: MBA, BBA | Science: B.Sc, M.Sc","B.Tech CSE, MBA Finance, B.Sc","Computer Science, Mechanical Engineering, Civil Engineering, Management Studies, Applied Sciences","Minimum 60% aggregate in 10+2 (Physics, Chemistry, Mathematics/Biology)",Not Available,Not Available,Not Available,Not Available,Not Available,Not Available,Not Available,Not Available,Not Available,Not Available,Not Available,Not Available,Not Available,Not Available,Not Available,Not Available,Not Available,Not Available,Not Available,Not Available,Not Available,Not Available,Not Available,Not Available,Not Available,Not Available,Not Available,Not Available,Not Available,Not Available,Not Available,Not Available,Not Available,Not Available,Not Available,Not Available,Not Available,Not Available,Not Available,Not Available,Not Available,Not Available,Not Available,Not Available,Not Available,Not Available,Not Available,Not Available,Not Available,Not Available,Not Available,Not Available,Not Available,Not Available,Not Available,Not Available,Not Available
UNI230,Motilal Nehru National Institute Of Technology,,http://www.mnnit.ac.in/,Not Available,Not Available,Not Available,Not Available,"Engineering: Computer Science (CSE), Civil, Mechanical, ICT","B.Tech CSE, MBA Finance, B.Sc","Computer Science, Mechanical Engineering, Civil Engineering, Management Studies, Applied Sciences","Minimum 60% aggregate in 10+2 (Physics, Chemistry, Mathematics/Biology)",Not Available,Not Available,Not Available,Not Available,Not Available,Not Available,Not Available,Not Available,Not Available,Not Available,Not Available,Not Available,Not Available,Not Available,Not Available,Not Available,Not Available,Not Available,Not Available,Not Available,Not Available,Not Available,Not Available,Not Available,Not Available,Not Available,Not Available,Not Available,Not Available,Not Available,Not Available,Not Available,Not Available,Not Available,Not Available,Not Available,Not Available,Not Available,Not Available,Not Available,Not Available,Not Available,Not Available,Not Available,Not Available,Not Available,Not Available,Not Available,Not Available,Not Available,Not Available,Not Available,Not Available,Not Available,Not Available,Not Available,Not Available
UNI231,Madhya Pradesh Bhoj (Open) University,Madhya Pradesh,http://www.mpbou.org/,Not Available,Not Available,Not Available,Not Available,"Engineering: CSE, Mechanical | Management: MBA, BBA | Science: B.Sc, M.Sc","B.Tech CSE, MBA Finance, B.Sc","Computer Science, Mechanical Engineering, Civil Engineering, Management Studies, Applied Sciences","Minimum 60% aggregate in 10+2 (Physics, Chemistry, Mathematics/Biology)",Not Available,Not Available,Not Available,Not Available,Not Available,Not Available,Not Available,Not Available,Not Available,Not Available,Not Available,Not Available,Not Available,Not Available,Not Available,Not Available,Not Available,Not Available,Not Available,Not Available,Not Available,Not Available,Not Available,Not Available,Not Available,Not Available,Not Available,Not Available,Not Available,Not Available,Not Available,Not Available,Not Available,Not Available,Not Available,Not Available,Not Available,Not Available,Not Available,Not Available,Not Available,Not Available,Not Available,Not Available,Not Available,Not Available,Not Available,Not Available,Not Available,Not Available,Not Available,Not Available,Not Available,Not Available,Not Available,Not Available,Not Available
UNI232,Mahatma Phule Agricultural University,,http://mpkv.mah.nic.in/,Not Available,Not Available,Not Available,Not Available,"Engineering: CSE, Mechanical | Management: MBA, BBA | Science: B.Sc, M.Sc","B.Tech CSE, MBA Finance, B.Sc","Computer Science, Mechanical Engineering, Civil Engineering, Management Studies, Applied Sciences","Minimum 60% aggregate in 10+2 (Physics, Chemistry, Mathematics/Biology)",Not Available,Not Available,Not Available,Not Available,Not Available,Not Available,Not Available,Not Available,Not Available,Not Available,Not Available,Not Available,Not Available,Not Available,Not Available,Not Available,Not Available,Not Available,Not Available,Not Available,Not Available,Not Available,Not Available,Not Available,Not Available,Not Available,Not Available,Not Available,Not Available,Not Available,Not Available,Not Available,Not Available,Not Available,Not Available,Not Available,Not Available,Not Available,Not Available,Not Available,Not Available,Not Available,Not Available,Not Available,Not Available,Not Available,Not Available,Not Available,Not Available,Not Available,Not Available,Not Available,Not Available,Not Available,Not Available,Not Available,Not Available
UNI233,Maharaja Sayajirao University of Baroda,,http://www.msubaroda.ac.in/,Not Available,Not Available,Not Available,Not Available,"Engineering: CSE, Mechanical | Management: MBA, BBA | Science: B.Sc, M.Sc","B.Tech CSE, MBA Finance, B.Sc","Computer Science, Mechanical Engineering, Civil Engineering, Management Studies, Applied Sciences","Minimum 60% aggregate in 10+2 (Physics, Chemistry, Mathematics/Biology)",Not Available,Not Available,Not Available,Not Available,Not Available,Not Available,Not Available,Not Available,Not Available,Not Available,Not Available,Not Available,Not Available,Not Available,Not Available,Not Available,Not Available,Not Available,Not Available,Not Available,2025,Not Available,Not Available,Not Available,Not Available,Not Available,Not Available,Not Available,Not Available,Not Available,Not Available,Not Available,Not Available,Not Available,Not Available,Not Available,Not Available,Not Available,Not Available,Not Available,Not Available,Not Available,Not Available,Not Available,Not Available,Not Available,Not Available,Not Available,Not Available,Not Available,Not Available,Not Available,Not Available,Not Available,Not Available,Not Available,Not Available
UNI234,University of Mumbai,Maharashtra,http://www.mu.ac.in/,Not Available,Not Available,Not Available,Not Available,"Engineering: CSE, Mechanical | Management: MBA, BBA | Science: B.Sc, M.Sc","B.Tech CSE, MBA Finance, B.Sc","Computer Science, Mechanical Engineering, Civil Engineering, Management Studies, Applied Sciences","Minimum 60% aggregate in 10+2 (Physics, Chemistry, Mathematics/Biology)",Not Available,Not Available,Not Available,Not Available,Not Available,Not Available,Not Available,Not Available,Not Available,Not Available,Not Available,Not Available,Not Available,Not Available,Not Available,Not Available,Not Available,Not Available,Not Available,Not Available,Not Available,Not Available,Not Available,Not Available,Not Available,Not Available,Not Available,Not Available,Not Available,Not Available,Not Available,Not Available,Not Available,Not Available,Not Available,Not Available,Not Available,Not Available,Not Available,Not Available,Not Available,Not Available,Not Available,Not Available,Not Available,Not Available,Not Available,Not Available,Not Available,Not Available,Not Available,Not Available,Not Available,Not Available,Not Available,Not Available,Not Available
UNI235,Acharya Nagarjuna University,,http://www.nagarjunauniversity.ac.in/,Not Available,Not Available,Not Available,Not Available,"Engineering: CSE, Mechanical | Management: MBA, BBA | Science: B.Sc, M.Sc","B.Tech CSE, MBA Finance, B.Sc","Computer Science, Mechanical Engineering, Civil Engineering, Management Studies, Applied Sciences","Minimum 60% aggregate in 10+2 (Physics, Chemistry, Mathematics/Biology)",Not Available,Not Available,Not Available,Not Available,Not Available,Not Available,Not Available,Not Available,Not Available,Not Available,Not Available,Not Available,Not Available,Not Available,Not Available,Not Available,Not Available,Not Available,Not Available,Not Available,Not Available,Not Available,Not Available,Not Available,Not Available,Not Available,Not Available,Not Available,Not Available,Not Available,Not Available,Not Available,Not Available,Not Available,Not Available,Not Available,Not Available,Not Available,Not Available,Not Available,Not Available,Not Available,Not Available,Not Available,Not Available,Not Available,Not Available,Not Available,Not Available,Not Available,Not Available,Not Available,Not Available,Not Available,Not Available,Not Available,Not Available
UNI236,Nagaland University,Nagaland,http://www.nagauniv.org.in/,Not Available,Not Available,Not Available,Not Available,"Engineering: CSE, Mechanical | Management: MBA, BBA | Science: B.Sc, M.Sc","B.Tech CSE, MBA Finance, B.Sc","Computer Science, Mechanical Engineering, Civil Engineering, Management Studies, Applied Sciences","Minimum 60% aggregate in 10+2 (Physics, Chemistry, Mathematics/Biology)",Not Available,Not Available,Not Available,Not Available,Not Available,Not Available,Not Available,Not Available,Not Available,Not Available,Not Available,Not Available,Not Available,Not Available,Not Available,Not Available,Not Available,Not Available,Not Available,Not Available,Not Available,Not Available,Not Available,Not Available,Not Available,Not Available,Not Available,Not Available,Not Available,Not Available,Not Available,Not Available,Not Available,Not Available,Not Available,Not Available,Not Available,Not Available,Not Available,Not Available,Not Available,Not Available,Not Available,Not Available,Not Available,Not Available,Not Available,Not Available,Not Available,Not Available,Not Available,Not Available,Not Available,Not Available,Not Available,Not Available,Not Available
UNI237,Nagpur University,Maharashtra,http://www.nagpur-university.com/,Not Available,Not Available,Not Available,Not Available,"Engineering: CSE, Mechanical | Management: MBA, BBA | Science: B.Sc, M.Sc","B.Tech CSE, MBA Finance, B.Sc","Computer Science, Mechanical Engineering, Civil Engineering, Management Studies, Applied Sciences","Minimum 60% aggregate in 10+2 (Physics, Chemistry, Mathematics/Biology)",Not Available,Not Available,Not Available,Not Available,Not Available,Not Available,Not Available,Not Available,Not Available,Not Available,Not Available,Not Available,Not Available,Not Available,Not Available,Not Available,Not Available,Not Available,Not Available,Not Available,Not Available,Not Available,Not Available,Not Available,Not Available,Not Available,Not Available,Not Available,Not Available,Not Available,Not Available,Not Available,Not Available,Not Available,Not Available,Not Available,Not Available,Not Available,Not Available,Not Available,Not Available,Not Available,Not Available,Not Available,Not Available,Not Available,Not Available,Not Available,Not Available,Not Available,Not Available,Not Available,Not Available,Not Available,Not Available,Not Available,Not Available
UNI238,Nalanda Open University,,http://www.nalandaopenuniversity.info/,Not Available,Not Available,Not Available,Not Available,"Engineering: CSE, Mechanical | Management: MBA, BBA | Science: B.Sc, M.Sc","B.Tech CSE, MBA Finance, B.Sc","Computer Science, Mechanical Engineering, Civil Engineering, Management Studies, Applied Sciences","Minimum 60% aggregate in 10+2 (Physics, Chemistry, Mathematics/Biology)",Not Available,Not Available,Not Available,Not Available,Not Available,Not Available,Not Available,Not Available,Not Available,Not Available,Not Available,Not Available,Not Available,Not Available,Not Available,Not Available,Not Available,Not Available,Not Available,Not Available,Not Available,Not Available,Not Available,Not Available,Not Available,Not Available,Not Available,Not Available,Not Available,Not Available,Not Available,Not Available,Not Available,Not Available,Not Available,Not Available,Not Available,Not Available,Not Available,Not Available,Not Available,Not Available,Not Available,Not Available,Not Available,Not Available,Not Available,Not Available,Not Available,Not Available,Not Available,Not Available,Not Available,Not Available,Not Available,Not Available,Not Available
UNI239,University of North Bengal,West Bengal,http://www.nbu.ac.in/,Not Available,Not Available,Not Available,Not Available,"Engineering: CSE, Mechanical | Management: MBA, BBA | Science: B.Sc, M.Sc","B.Tech CSE, MBA Finance, B.Sc","Computer Science, Mechanical Engineering, Civil Engineering, Management Studies, Applied Sciences","Minimum 60% aggregate in 10+2 (Physics, Chemistry, Mathematics/Biology)",Not Available,Not Available,Not Available,Not Available,Not Available,Not Available,Not Available,Not Available,Not Available,Not Available,Not Available,Not Available,Not Available,Not Available,Not Available,Not Available,Not Available,Not Available,Not Available,Not Available,Not Available,Not Available,Not Available,Not Available,Not Available,Not Available,Not Available,Not Available,Not Available,Not Available,Not Available,Not Available,Not Available,Not Available,Not Available,Not Available,Not Available,Not Available,Not Available,Not Available,Not Available,Not Available,Not Available,Not Available,Not Available,Not Available,Not Available,Not Available,Not Available,Not Available,Not Available,Not Available,Not Available,Not Available,Not Available,Not Available,Not Available
UNI240,National Dairy Research Institute,,http://ndri.nic.in/,Not Available,Not Available,Not Available,Not Available,"Engineering: CSE, Mechanical | Management: MBA, BBA | Science: B.Sc, M.Sc","B.Tech CSE, MBA Finance, B.Sc","Computer Science, Mechanical Engineering, Civil Engineering, Management Studies, Applied Sciences","Minimum 60% aggregate in 10+2 (Physics, Chemistry, Mathematics/Biology)",Not Available,Not Available,Not Available,Not Available,Not Available,Not Available,Not Available,Not Available,Not Available,Not Available,Not Available,Not Available,Not Available,Not Available,Not Available,Not Available,Not Available,Not Available,Not Available,Not Available,Not Available,Not Available,Not Available,Not Available,Not Available,Not Available,Not Available,Not Available,Not Available,Not Available,Not Available,Not Available,Not Available,Not Available,Not Available,Not Available,Not Available,Not Available,Not Available,Not Available,Not Available,Not Available,Not Available,Not Available,Not Available,Not Available,Not Available,Not Available,Not Available,Not Available,Not Available,Not Available,Not Available,Not Available,Not Available,Not Available,Not Available
UNI241,Narendra Deva University of Agriculture and Technology,,http://www.nduat.nic.in/,Not Available,Not Available,Not Available,Not Available,"Engineering: Computer Science (CSE), Civil, Mechanical, ICT","B.Tech CSE, MBA Finance, B.Sc","Computer Science, Mechanical Engineering, Civil Engineering, Management Studies, Applied Sciences","Minimum 60% aggregate in 10+2 (Physics, Chemistry, Mathematics/Biology)",Not Available,Not Available,Not Available,Not Available,Not Available,Not Available,Not Available,Not Available,Not Available,Not Available,Not Available,Not Available,Not Available,Not Available,Not Available,Not Available,Not Available,Not Available,Not Available,Not Available,Not Available,Not Available,Not Available,Not Available,Not Available,Not Available,Not Available,Not Available,Not Available,Not Available,Not Available,Not Available,Not Available,Not Available,Not Available,Not Available,Not Available,Not Available,Not Available,Not Available,Not Available,Not Available,Not Available,Not Available,Not Available,Not Available,Not Available,Not Available,Not Available,Not Available,Not Available,Not Available,Not Available,Not Available,Not Available,Not Available,Not Available
UNI242,North Eastern Hill University,,http://www.nehu.ac.in/,Not Available,Not Available,Not Available,Not Available,"Engineering: CSE, Mechanical | Management: MBA, BBA | Science: B.Sc, M.Sc","B.Tech CSE, MBA Finance, B.Sc","Computer Science, Mechanical Engineering, Civil Engineering, Management Studies, Applied Sciences","Minimum 60% aggregate in 10+2 (Physics, Chemistry, Mathematics/Biology)",Not Available,Not Available,Not Available,Not Available,Not Available,Not Available,Not Available,Not Available,Not Available,Not Available,Not Available,Not Available,Not Available,Not Available,Not Available,Not Available,Not Available,Not Available,Not Available,Not Available,Not Available,Not Available,Not Available,Not Available,Not Available,Not Available,Not Available,Not Available,Not Available,Not Available,Not Available,Not Available,Not Available,Not Available,Not Available,Not Available,Not Available,Not Available,Not Available,Not Available,Not Available,Not Available,Not Available,Not Available,Not Available,Not Available,Not Available,Not Available,Not Available,Not Available,Not Available,Not Available,Not Available,Not Available,Not Available,Not Available,Not Available
UNI243,Hemchandracharay North Gujarat University,Gujarat,http://www.ngu.ac.in/,Not Available,Not Available,Not Available,Not Available,"Engineering: CSE, Mechanical | Management: MBA, BBA | Science: B.Sc, M.Sc","B.Tech CSE, MBA Finance, B.Sc","Computer Science, Mechanical Engineering, Civil Engineering, Management Studies, Applied Sciences","Minimum 60% aggregate in 10+2 (Physics, Chemistry, Mathematics/Biology)",Not Available,Not Available,Not Available,Not Available,Not Available,Not Available,Not Available,Not Available,Not Available,Not Available,Not Available,Not Available,Not Available,Not Available,Not Available,Not Available,Not Available,Not Available,Not Available,Not Available,Not Available,Not Available,Not Available,Not Available,Not Available,Not Available,Not Available,Not Available,Not Available,Not Available,Not Available,Not Available,Not Available,Not Available,Not Available,Not Available,Not Available,Not Available,Not Available,Not Available,Not Available,Not Available,Not Available,Not Available,Not Available,Not Available,Not Available,Not Available,Not Available,Not Available,Not Available,Not Available,Not Available,Not Available,Not Available,Not Available,Not Available
UNI244,National Institute of Mental Health and Neuro Sciences,,http://www.nimhans.kar.nic.in/,Not Available,Not Available,Not Available,Not Available,"Medical: MBBS, BDS, MD, B.Sc Nursing","B.Tech CSE, MBA Finance, B.Sc","Computer Science, Mechanical Engineering, Civil Engineering, Management Studies, Applied Sciences","Minimum 60% aggregate in 10+2 (Physics, Chemistry, Mathematics/Biology)",Not Available,Not Available,Not Available,Not Available,Not Available,Not Available,Not Available,Not Available,Not Available,Not Available,Not Available,Not Available,Not Available,Not Available,Not Available,Not Available,Not Available,Not Available,Not Available,Not Available,Not Available,Not Available,Not Available,Not Available,Not Available,Not Available,Not Available,Not Available,Not Available,Not Available,Not Available,Not Available,Not Available,Not Available,Not Available,Not Available,Not Available,Not Available,Not Available,Not Available,Not Available,Not Available,Not Available,Not Available,Not Available,Not Available,Not Available,Not Available,Not Available,Not Available,Not Available,Not Available,Not Available,Not Available,Not Available,Not Available,Not Available
UNI245,Nizam's Institute of Medical Sciences,,http://nims.ap.nic.in/,Not Available,Not Available,Not Available,Not Available,"Medical: MBBS, BDS, MD, B.Sc Nursing","B.Tech CSE, MBA Finance, B.Sc","Computer Science, Mechanical Engineering, Civil Engineering, Management Studies, Applied Sciences","Minimum 60% aggregate in 10+2 (Physics, Chemistry, Mathematics/Biology)",Not Available,Not Available,Not Available,Not Available,Not Available,Not Available,Not Available,Not Available,Not Available,Not Available,Not Available,Not Available,Not Available,Not Available,Not Available,Not Available,Not Available,Not Available,Not Available,Not Available,Not Available,Not Available,Not Available,Not Available,Not Available,Not Available,Not Available,Not Available,Not Available,Not Available,Not Available,Not Available,Not Available,Not Available,Not Available,Not Available,Not Available,Not Available,Not Available,Not Available,Not Available,Not Available,Not Available,Not Available,Not Available,Not Available,Not Available,Not Available,Not Available,Not Available,Not Available,Not Available,Not Available,Not Available,Not Available,Not Available,Not Available
UNI246,Institute of Management Studies,,http://www.nims.net.in/,Not Available,Not Available,Not Available,Not Available,"Management: MBA (Finance, Marketing, HR), BBA","B.Tech CSE, MBA Finance, B.Sc","Computer Science, Mechanical Engineering, Civil Engineering, Management Studies, Applied Sciences","Minimum 60% aggregate in 10+2 (Physics, Chemistry, Mathematics/Biology)",Not Available,Not Available,Not Available,Not Available,Not Available,Not Available,Not Available,Not Available,Not Available,Not Available,Not Available,Not Available,Not Available,Not Available,Not Available,Not Available,Not Available,Not Available,Not Available,Not Available,Not Available,Not Available,Not Available,Not Available,Not Available,Not Available,Not Available,Not Available,Not Available,Not Available,Not Available,Not Available,Not Available,Not Available,Not Available,Not Available,Not Available,Not Available,Not Available,Not Available,Not Available,Not Available,Not Available,Not Available,Not Available,Not Available,Not Available,Not Available,Not Available,Not Available,Not Available,Not Available,Not Available,Not Available,Not Available,Not Available,Not Available
UNI247,Nirma University,Gujarat,http://www.nirmauni.ac.in/,Not Available,Not Available,Not Available,Not Available,"Engineering: CSE, Mechanical | Management: MBA, BBA | Science: B.Sc, M.Sc","B.Tech CSE, MBA Finance, B.Sc","Computer Science, Mechanical Engineering, Civil Engineering, Management Studies, Applied Sciences","Minimum 60% aggregate in 10+2 (Physics, Chemistry, Mathematics/Biology)",Not Available,Not Available,Not Available,Not Available,Not Available,Not Available,Not Available,Not Available,Not Available,Not Available,Not Available,Not Available,Not Available,Not Available,Not Available,Not Available,Not Available,Not Available,Not Available,Not Available,Not Available,Not Available,Not Available,Not Available,Not Available,Not Available,Not Available,Not Available,Not Available,Not Available,Not Available,Not Available,Not Available,Not Available,Not Available,Not Available,Not Available,Not Available,Not Available,Not Available,Not Available,Not Available,Not Available,Not Available,Not Available,Not Available,Not Available,Not Available,Not Available,Not Available,Not Available,Not Available,Not Available,Not Available,Not Available,Not Available,Not Available
UNI248,National Institute of Industrial Engineering,,http://www.nitie.edu/,Not Available,Not Available,Not Available,Not Available,"Engineering: Computer Science (CSE), Civil, Mechanical, ICT","B.Tech CSE, MBA Finance, B.Sc","Computer Science, Mechanical Engineering, Civil Engineering, Management Studies, Applied Sciences","Minimum 60% aggregate in 10+2 (Physics, Chemistry, Mathematics/Biology)",Not Available,Not Available,Not Available,Not Available,Not Available,Not Available,Not Available,Not Available,Not Available,Not Available,Not Available,Not Available,Not Available,Not Available,Not Available,Not Available,Not Available,Not Available,Not Available,Not Available,Not Available,Not Available,Not Available,Not Available,Not Available,Not Available,Not Available,Not Available,Not Available,Not Available,Not Available,Not Available,Not Available,Not Available,Not Available,Not Available,Not Available,Not Available,Not Available,Not Available,Not Available,Not Available,Not Available,Not Available,Not Available,Not Available,Not Available,Not Available,Not Available,Not Available,Not Available,Not Available,Not Available,Not Available,Not Available,Not Available,Not Available
UNI249,National Institute of Technology Agartala,,http://www.nita.ac.in/,Not Available,Not Available,Not Available,Not Available,"Engineering: Computer Science (CSE), Civil, Mechanical, ICT","B.Tech CSE, MBA Finance, B.Sc","Computer Science, Mechanical Engineering, Civil Engineering, Management Studies, Applied Sciences","Minimum 60% aggregate in 10+2 (Physics, Chemistry, Mathematics/Biology)",Not Available,Not Available,Not Available,Not Available,Not Available,Not Available,Not Available,Not Available,Not Available,Not Available,Not Available,Not Available,Not Available,Not Available,Not Available,Not Available,Not Available,Not Available,Not Available,Not Available,Not Available,Not Available,Not Available,Not Available,Not Available,Not Available,Not Available,Not Available,Not Available,Not Available,Not Available,Not Available,Not Available,Not Available,Not Available,Not Available,Not Available,Not Available,Not Available,Not Available,Not Available,Not Available,Not Available,Not Available,Not Available,Not Available,Not Available,Not Available,Not Available,Not Available,Not Available,Not Available,Not Available,Not Available,Not Available,Not Available,Not Available
UNI250,National Institute of Technology Andhra Pradesh,Andhra Pradesh,http://www.nitandhra.ac.in/,Not Available,Not Available,Not Available,Not Available,"Engineering: Computer Science (CSE), Civil, Mechanical, ICT","B.Tech CSE, MBA Finance, B.Sc","Computer Science, Mechanical Engineering, Civil Engineering, Management Studies, Applied Sciences","Minimum 60% aggregate in 10+2 (Physics, Chemistry, Mathematics/Biology)",Not Available,Not Available,Not Available,Not Available,Not Available,Not Available,Not Available,Not Available,Not Available,Not Available,Not Available,Not Available,Not Available,Not Available,Not Available,Not Available,Not Available,Not Available,Not Available,Not Available,Not Available,Not Available,Not Available,Not Available,Not Available,Not Available,Not Available,Not Available,Not Available,Not Available,Not Available,Not Available,Not Available,Not Available,Not Available,Not Available,Not Available,Not Available,Not Available,Not Available,Not Available,Not Available,Not Available,Not Available,Not Available,Not Available,Not Available,Not Available,Not Available,Not Available,Not Available,Not Available,Not Available,Not Available,Not Available,Not Available,Not Available
UNI251,National Institute of Technology Arunachal Pradesh,Arunachal Pradesh,http://www.nitap.in/,Not Available,Not Available,Not Available,Not Available,"Engineering: Computer Science (CSE), Civil, Mechanical, ICT","B.Tech CSE, MBA Finance, B.Sc","Computer Science, Mechanical Engineering, Civil Engineering, Management Studies, Applied Sciences","Minimum 60% aggregate in 10+2 (Physics, Chemistry, Mathematics/Biology)",Not Available,Not Available,Not Available,Not Available,Not Available,Not Available,Not Available,Not Available,Not Available,Not Available,Not Available,Not Available,Not Available,Not Available,Not Available,Not Available,Not Available,Not Available,Not Available,Not Available,Not Available,Not Available,Not Available,Not Available,Not Available,Not Available,Not Available,Not Available,Not Available,Not Available,Not Available,Not Available,Not Available,Not Available,Not Available,Not Available,Not Available,Not Available,Not Available,Not Available,Not Available,Not Available,Not Available,Not Available,Not Available,Not Available,Not Available,Not Available,Not Available,Not Available,Not Available,Not Available,Not Available,Not Available,Not Available,Not Available,Not Available
UNI252,National Institute of Technology Calicut,Kerala,http://www.nitc.ac.in/,Not Available,Not Available,Not Available,Not Available,"Engineering: Computer Science (CSE), Civil, Mechanical, ICT","B.Tech CSE, MBA Finance, B.Sc","Computer Science, Mechanical Engineering, Civil Engineering, Management Studies, Applied Sciences","Minimum 60% aggregate in 10+2 (Physics, Chemistry, Mathematics/Biology)",Not Available,Not Available,Not Available,Not Available,Not Available,Not Available,Not Available,Not Available,Not Available,Not Available,Not Available,Not Available,Not Available,Not Available,Not Available,Not Available,Not Available,Not Available,Not Available,Not Available,Not Available,Not Available,Not Available,Not Available,Not Available,Not Available,Not Available,Not Available,Not Available,Not Available,Not Available,Not Available,Not Available,Not Available,Not Available,Not Available,Not Available,Not Available,Not Available,Not Available,Not Available,Not Available,Not Available,Not Available,Not Available,Not Available,Not Available,Not Available,Not Available,Not Available,Not Available,Not Available,Not Available,Not Available,Not Available,Not Available,Not Available
UNI253,National Institute of Technology Delhi,Delhi,http://www.nitdelhi.ac.in/,2010,Not Available,Not Available,Not Available,"Engineering: Computer Science (CSE), Civil, Mechanical, ICT","B.Tech CSE, MBA Finance, B.Sc","Computer Science, Mechanical Engineering, Civil Engineering, Management Studies, Applied Sciences","Minimum 60% aggregate in 10+2 (Physics, Chemistry, Mathematics/Biology)",Not Available,Not Available,Not Available,Not Available,Not Available,Not Available,Not Available,Not Available,0 Lakh Per Annum,Not Available,Not Available,Not Available,Not Available,Not Available,Not Available,Not Available,Not Available,Not Available,Not Available,Not Available,Not Available,Not Available,Not Available,Not Available,Not Available,Not Available,Not Available,Not Available,Not Available,Not Available,Not Available,Not Available,Not Available,Not Available,Not Available,Not Available,Not Available,Not Available,Not Available,Not Available,Not Available,Not Available,Not Available,Not Available,Not Available,Not Available,Not Available,Not Available,Not Available,Not Available,Not Available,Not Available,Not Available,Not Available,Not Available,Not Available,Not Available
UNI254,National Institute of Technology Durgapur,West Bengal,http://www.nitdgp.ac.in/,Not Available,Not Available,Not Available,Not Available,"Engineering: Computer Science (CSE), Civil, Mechanical, ICT","B.Tech CSE, MBA Finance, B.Sc","Computer Science, Mechanical Engineering, Civil Engineering, Management Studies, Applied Sciences","Minimum 60% aggregate in 10+2 (Physics, Chemistry, Mathematics/Biology)",Not Available,Not Available,Not Available,Not Available,Not Available,Not Available,Not Available,Not Available,Not Available,Not Available,Not Available,Not Available,Not Available,Not Available,Not Available,Not Available,Not Available,Not Available,Not Available,Not Available,Not Available,Not Available,Not Available,Not Available,Not Available,Not Available,Not Available,Not Available,Not Available,Not Available,Not Available,Not Available,Not Available,Not Available,Not Available,Not Available,Not Available,Not Available,Not Available,Not Available,Not Available,Not Available,Not Available,Not Available,Not Available,Not Available,Not Available,Not Available,Not Available,Not Available,Not Available,Not Available,Not Available,Not Available,Not Available,Not Available,Not Available
UNI255,National Institute of Technology Goa,Goa,http://www.nitgoa.ac.in/,Not Available,Not Available,Not Available,Not Available,"Engineering: Computer Science (CSE), Civil, Mechanical, ICT","B.Tech CSE, MBA Finance, B.Sc","Computer Science, Mechanical Engineering, Civil Engineering, Management Studies, Applied Sciences","Minimum 60% aggregate in 10+2 (Physics, Chemistry, Mathematics/Biology)",Not Available,Not Available,Not Available,Not Available,Not Available,Not Available,Not Available,Not Available,Not Available,Not Available,Not Available,Not Available,Not Available,Not Available,Not Available,Not Available,Not Available,Not Available,Not Available,Not Available,Not Available,Not Available,Not Available,Not Available,Not Available,Not Available,Not Available,Not Available,Not Available,Not Available,Not Available,Not Available,Not Available,Not Available,Not Available,Not Available,Not Available,Not Available,Not Available,Not Available,Not Available,Not Available,Not Available,Not Available,Not Available,Not Available,Not Available,Not Available,Not Available,Not Available,Not Available,Not Available,Not Available,Not Available,Not Available,Not Available,Not Available
UNI256,National Institute of Technology Hamirpur,Himachal Pradesh,http://www.nith.ac.in/,Not Available,Not Available,Not Available,Not Available,"Engineering: Computer Science (CSE), Civil, Mechanical, ICT","B.Tech CSE, MBA Finance, B.Sc","Computer Science, Mechanical Engineering, Civil Engineering, Management Studies, Applied Sciences","Minimum 60% aggregate in 10+2 (Physics, Chemistry, Mathematics/Biology)",2026 per semester,Not Available,Not Available,Not Available,Not Available,Not Available,Not Available,Not Available,Not Available,Not Available,Not Available,Not Available,Not Available,Not Available,Not Available,Not Available,Not Available,Not Available,Not Available,Not Available,Not Available,Not Available,Not Available,Not Available,Not Available,Not Available,Not Available,2025,2026,Not Available,Not Available,Not Available,Not Available,Not Available,Not Available,Not Available,Not Available,Not Available,Not Available,Not Available,Not Available,Not Available,Not Available,Not Available,Not Available,Not Available,Not Available,Not Available,Not Available,Not Available,Not Available,Not Available,Not Available,Not Available,Not Available,Not Available,Not Available
UNI257,National Institute of Technology Jamshedpur,Jharkhand,http://www.nitjsr.ac.in/,Not Available,Not Available,Not Available,Not Available,"Engineering: Computer Science (CSE), Civil, Mechanical, ICT","B.Tech CSE, MBA Finance, B.Sc","Computer Science, Mechanical Engineering, Civil Engineering, Management Studies, Applied Sciences","Minimum 60% aggregate in 10+2 (Physics, Chemistry, Mathematics/Biology)",Not Available,Not Available,Not Available,Not Available,Not Available,Not Available,Not Available,Not Available,Not Available,Not Available,Not Available,Not Available,Not Available,Not Available,Not Available,Not Available,Not Available,Not Available,Not Available,Not Available,Not Available,Not Available,Not Available,Not Available,Not Available,Not Available,Not Available,Not Available,Not Available,Not Available,Not Available,Not Available,Not Available,Not Available,Not Available,Not Available,Not Available,Not Available,Not Available,Not Available,Not Available,Not Available,Not Available,Not Available,Not Available,Not Available,Not Available,Not Available,Not Available,Not Available,Not Available,Not Available,Not Available,Not Available,Not Available,Not Available,Not Available
UNI258,National Institute of Technology Kurukshetra,Haryana,http://www.nitkkr.net/,Not Available,Not Available,Not Available,Not Available,"Engineering: Computer Science (CSE), Civil, Mechanical, ICT","B.Tech CSE, MBA Finance, B.Sc","Computer Science, Mechanical Engineering, Civil Engineering, Management Studies, Applied Sciences","Minimum 60% aggregate in 10+2 (Physics, Chemistry, Mathematics/Biology)",Not Available,Not Available,Not Available,Not Available,Not Available,Not Available,Not Available,Not Available,Not Available,Not Available,Not Available,Not Available,Not Available,Not Available,Not Available,Not Available,Not Available,Not Available,Not Available,Not Available,Not Available,Not Available,Not Available,Not Available,Not Available,Not Available,Not Available,Not Available,Not Available,Not Available,Not Available,Not Available,Not Available,Not Available,Not Available,Not Available,Not Available,Not Available,Not Available,Not Available,Not Available,Not Available,Not Available,Not Available,Not Available,Not Available,Not Available,Not Available,Not Available,Not Available,Not Available,Not Available,Not Available,Not Available,Not Available,Not Available,Not Available
UNI259,National Institute of Technology Manipur,Manipur,http://www.nitmanipur.ac.in/,Not Available,Not Available,Not Available,Not Available,"Engineering: Computer Science (CSE), Civil, Mechanical, ICT","B.Tech CSE, MBA Finance, B.Sc","Computer Science, Mechanical Engineering, Civil Engineering, Management Studies, Applied Sciences","Minimum 60% aggregate in 10+2 (Physics, Chemistry, Mathematics/Biology)",Not Available,Not Available,Not Available,Not Available,Not Available,Not Available,Not Available,Not Available,Not Available,Not Available,Not Available,Not Available,Not Available,Not Available,Not Available,Not Available,Not Available,Not Available,Not Available,Not Available,Not Available,Not Available,Not Available,Not Available,Not Available,Not Available,Not Available,Not Available,Not Available,Not Available,Not Available,Not Available,Not Available,Not Available,Not Available,Not Available,Not Available,Not Available,Not Available,Not Available,Not Available,Not Available,Not Available,Not Available,Not Available,Not Available,Not Available,Not Available,Not Available,Not Available,Not Available,Not Available,Not Available,Not Available,Not Available,Not Available,Not Available
UNI260,National Institute of Technology Meghalaya,Meghalaya,http://www.nitm.ac.in/,2010,Not Available,Not Available,Not Available,"Engineering: Computer Science (CSE), Civil, Mechanical, ICT","B.Tech CSE, MBA Finance, B.Sc","Computer Science, Mechanical Engineering, Civil Engineering, Management Studies, Applied Sciences","Minimum 60% aggregate in 10+2 (Physics, Chemistry, Mathematics/Biology)",Not Available,Not Available,Not Available,Not Available,Not Available,Not Available,Not Available,Not Available,Not Available,Not Available,Not Available,Not Available,Not Available,Not Available,Not Available,Not Available,Not Available,Not Available,Not Available,Not Available,Not Available,Not Available,Not Available,Not Available,Not Available,Not Available,Not Available,Not Available,Not Available,Not Available,Not Available,Not Available,Not Available,Not Available,Not Available,Not Available,Not Available,Not Available,Not Available,Not Available,Not Available,Not Available,Not Available,Not Available,Not Available,Not Available,Not Available,Not Available,Not Available,Not Available,Not Available,Not Available,Not Available,Not Available,Not Available,Not Available,Not Available
UNI261,National Institute of Technology Mizoram,Mizoram,http://www.nitmz.ac.in/,Not Available,Not Available,Not Available,Not Available,"Engineering: Computer Science (CSE), Civil, Mechanical, ICT","B.Tech CSE, MBA Finance, B.Sc","Computer Science, Mechanical Engineering, Civil Engineering, Management Studies, Applied Sciences","Minimum 60% aggregate in 10+2 (Physics, Chemistry, Mathematics/Biology)",Not Available,Not Available,Not Available,Not Available,Not Available,Not Available,Not Available,Not Available,Not Available,Not Available,Not Available,Not Available,Not Available,Not Available,Not Available,Not Available,Not Available,Not Available,Not Available,Not Available,Not Available,Not Available,Not Available,Not Available,Not Available,Not Available,Not Available,Not Available,Not Available,Not Available,Not Available,Not Available,Not Available,Not Available,Not Available,Not Available,Not Available,Not Available,Not Available,Not Available,Not Available,Not Available,Not Available,Not Available,Not Available,Not Available,Not Available,Not Available,Not Available,Not Available,Not Available,Not Available,Not Available,Not Available,Not Available,Not Available,Not Available
UNI262,National Institute of Technology Nagaland,Nagaland,http://www.nitnagaland.ac.in/,Not Available,Not Available,Not Available,Not Available,"Engineering: Computer Science (CSE), Civil, Mechanical, ICT","B.Tech CSE, MBA Finance, B.Sc","Computer Science, Mechanical Engineering, Civil Engineering, Management Studies, Applied Sciences","Minimum 60% aggregate in 10+2 (Physics, Chemistry, Mathematics/Biology)",Not Available,Not Available,Not Available,Not Available,Not Available,Not Available,Not Available,Not Available,Not Available,Not Available,Not Available,Not Available,Not Available,Not Available,Not Available,Not Available,Not Available,Not Available,Not Available,Not Available,Not Available,Not Available,Not Available,Not Available,Not Available,Not Available,Not Available,Not Available,Not Available,Not Available,Not Available,Not Available,Not Available,Not Available,Not Available,Not Available,Not Available,Not Available,Not Available,Not Available,Not Available,Not Available,Not Available,Not Available,Not Available,Not Available,Not Available,Not Available,Not Available,Not Available,Not Available,Not Available,Not Available,Not Available,Not Available,Not Available,Not Available
UNI263,National Institute of Technology Patna,Bihar,http://www.nitp.ac.in/,1886,Not Available,Not Available,Not Available,"Engineering: Computer Science (CSE), Civil, Mechanical, ICT","B.Tech CSE, MBA Finance, B.Sc","Computer Science, Mechanical Engineering, Civil Engineering, Management Studies, Applied Sciences","Minimum 60% aggregate in 10+2 (Physics, Chemistry, Mathematics/Biology)",Not Available,Not Available,Not Available,Not Available,Not Available,Not Available,Not Available,Not Available,Not Available,Not Available,Not Available,Not Available,Not Available,Not Available,Not Available,Not Available,Not Available,Not Available,Not Available,Not Available,Not Available,Not Available,Not Available,Not Available,Not Available,Not Available,Not Available,Not Available,Not Available,Not Available,Not Available,Not Available,Not Available,Not Available,Not Available,Not Available,Not Available,Not Available,Not Available,Not Available,Not Available,Not Available,Not Available,Not Available,Not Available,Not Available,Not Available,Not Available,Not Available,Not Available,Not Available,Not Available,Not Available,Not Available,Not Available,Not Available,Not Available
UNI264,National Institute of Technology Puducherry,Puducherry,http://www.nitpy.ac.in/,Not Available,Not Available,Not Available,Not Available,"Engineering: Computer Science (CSE), Civil, Mechanical, ICT","B.Tech CSE, MBA Finance, B.Sc","Computer Science, Mechanical Engineering, Civil Engineering, Management Studies, Applied Sciences","Minimum 60% aggregate in 10+2 (Physics, Chemistry, Mathematics/Biology)",Not Available,Not Available,Not Available,Not Available,Not Available,Not Available,Not Available,Not Available,Not Available,Not Available,Not Available,Not Available,Not Available,Not Available,Not Available,Not Available,Not Available,Not Available,Not Available,Not Available,Not Available,Not Available,Not Available,Not Available,Not Available,Not Available,Not Available,Not Available,Not Available,Not Available,Not Available,Not Available,Not Available,Not Available,Not Available,Not Available,Not Available,Not Available,Not Available,Not Available,Not Available,Not Available,Not Available,Not Available,Not Available,Not Available,Not Available,Not Available,Not Available,Not Available,Not Available,Not Available,Not Available,Not Available,Not Available,Not Available,Not Available
UNI265,National Institute of Technology Raipur,Chhattisgarh,http://www.nitrr.ac.in/,Not Available,Not Available,Not Available,Not Available,"Engineering: Computer Science (CSE), Civil, Mechanical, ICT","B.Tech CSE, MBA Finance, B.Sc","Computer Science, Mechanical Engineering, Civil Engineering, Management Studies, Applied Sciences","Minimum 60% aggregate in 10+2 (Physics, Chemistry, Mathematics/Biology)",Not Available,Not Available,Not Available,Not Available,Not Available,Not Available,Not Available,Not Available,Not Available,Not Available,Not Available,Not Available,Not Available,Not Available,Not Available,Not Available,Not Available,Not Available,Not Available,Not Available,Not Available,Not Available,Not Available,Not Available,Not Available,Not Available,Not Available,Not Available,Not Available,Not Available,Not Available,Not Available,Not Available,Not Available,Not Available,Not Available,Not Available,Not Available,Not Available,Not Available,Not Available,Not Available,Not Available,Not Available,Not Available,Not Available,Not Available,Not Available,Not Available,Not Available,Not Available,Not Available,Not Available,Not Available,Not Available,Not Available,Not Available
UNI266,National Institute of Technology Rourkela,Odisha,http://www.nitrkl.ac.in/,Not Available,Not Available,Not Available,Not Available,"Engineering: Computer Science (CSE), Civil, Mechanical, ICT","B.Tech CSE, MBA Finance, B.Sc","Computer Science, Mechanical Engineering, Civil Engineering, Management Studies, Applied Sciences","Minimum 60% aggregate in 10+2 (Physics, Chemistry, Mathematics/Biology)",Not Available,Not Available,Not Available,Not Available,Not Available,Not Available,Not Available,Not Available,Not Available,Not Available,Not Available,Not Available,Not Available,Not Available,Not Available,Not Available,Not Available,Not Available,Not Available,Not Available,Not Available,Not Available,Not Available,Not Available,Not Available,Not Available,Not Available,Not Available,Not Available,Not Available,Not Available,Not Available,Not Available,Not Available,Not Available,Not Available,Not Available,Not Available,Not Available,Not Available,Not Available,Not Available,Not Available,Not Available,Not Available,Not Available,Not Available,Not Available,Not Available,Not Available,Not Available,Not Available,Not Available,Not Available,Not Available,Not Available,Not Available
UNI267,National Institute of Technology Sikkim,Sikkim,http://www.nitsikkim.ac.in/,Not Available,Not Available,Not Available,Not Available,"Engineering: Computer Science (CSE), Civil, Mechanical, ICT","B.Tech CSE, MBA Finance, B.Sc","Computer Science, Mechanical Engineering, Civil Engineering, Management Studies, Applied Sciences","Minimum 60% aggregate in 10+2 (Physics, Chemistry, Mathematics/Biology)",Not Available,Not Available,Not Available,Not Available,Not Available,Not Available,Not Available,Not Available,Not Available,Not Available,Not Available,Not Available,Not Available,Not Available,Not Available,Not Available,Not Available,Not Available,Not Available,Not Available,Not Available,Not Available,Not Available,Not Available,Not Available,Not Available,Not Available,Not Available,Not Available,Not Available,Not Available,Not Available,Not Available,Not Available,Not Available,Not Available,Not Available,Not Available,Not Available,Not Available,Not Available,Not Available,Not Available,Not Available,Not Available,Not Available,Not Available,Not Available,Not Available,Not Available,Not Available,Not Available,Not Available,Not Available,Not Available,Not Available,Not Available
UNI268,National Institute of Technology Silchar,Assam,http://www.nits.ac.in/,2026,Not Available,Not Available,Not Available,"Engineering: Computer Science (CSE), Civil, Mechanical, ICT","B.Tech CSE, MBA Finance, B.Sc","Computer Science, Mechanical Engineering, Civil Engineering, Management Studies, Applied Sciences","Minimum 60% aggregate in 10+2 (Physics, Chemistry, Mathematics/Biology)",2026 per semester,2026,Not Available,Not Available,Not Available,Not Available,Not Available,Not Available,Not Available,Not Available,Not Available,Not Available,Not Available,Not Available,Not Available,Not Available,Not Available,Not Available,Not Available,Not Available,Not Available,Not Available,Not Available,Not Available,Not Available,Not Available,Not Available,2026,2026,Not Available,Not Available,Not Available,Not Available,Not Available,Not Available,Not Available,Not Available,Not Available,Not Available,Not Available,Not Available,Not Available,Not Available,Not Available,Not Available,Not Available,Not Available,Not Available,Not Available,Not Available,Not Available,Not Available,Not Available,Not Available,Not Available,Not Available,Not Available
UNI269,National Institute of Technology Srinagar,Jammu and Kashmir,http://www.nitsri.net/,Not Available,Not Available,Not Available,Not Available,"Engineering: Computer Science (CSE), Civil, Mechanical, ICT","B.Tech CSE, MBA Finance, B.Sc","Computer Science, Mechanical Engineering, Civil Engineering, Management Studies, Applied Sciences","Minimum 60% aggregate in 10+2 (Physics, Chemistry, Mathematics/Biology)",Not Available,Not Available,Not Available,Not Available,Not Available,Not Available,Not Available,Not Available,Not Available,Not Available,Not Available,Not Available,Not Available,Not Available,Not Available,Not Available,Not Available,Not Available,Not Available,Not Available,Not Available,Not Available,Not Available,Not Available,Not Available,Not Available,Not Available,Not Available,Not Available,Not Available,Not Available,Not Available,Not Available,Not Available,Not Available,Not Available,Not Available,Not Available,Not Available,Not Available,Not Available,Not Available,Not Available,Not Available,Not Available,Not Available,Not Available,Not Available,Not Available,Not Available,Not Available,Not Available,Not Available,Not Available,Not Available,Not Available,Not Available
UNI270,National Institute of Technology Surathkal,Karnataka,http://www.nitk.ac.in/,Not Available,Not Available,Not Available,Not Available,"Engineering: Computer Science (CSE), Civil, Mechanical, ICT","B.Tech CSE, MBA Finance, B.Sc","Computer Science, Mechanical Engineering, Civil Engineering, Management Studies, Applied Sciences","Minimum 60% aggregate in 10+2 (Physics, Chemistry, Mathematics/Biology)",Not Available,Not Available,Not Available,Not Available,Not Available,Not Available,Not Available,Not Available,Not Available,Not Available,Not Available,Not Available,Not Available,Not Available,Not Available,Not Available,Not Available,Not Available,Not Available,Not Available,Not Available,Not Available,Not Available,Not Available,Not Available,Not Available,Not Available,2020,Not Available,Not Available,Not Available,Not Available,Not Available,Not Available,Not Available,Not Available,Not Available,Not Available,Not Available,Not Available,Not Available,Not Available,Not Available,Not Available,Not Available,Not Available,Not Available,Not Available,Not Available,Not Available,Not Available,Not Available,Not Available,Not Available,Not Available,Not Available,Not Available
UNI271,National Institute of Technology Trichy,Tamil Nadu,http://www.nitt.edu/,Not Available,Not Available,Not Available,Not Available,"Engineering: Computer Science (CSE), Civil, Mechanical, ICT","B.Tech CSE, MBA Finance, B.Sc","Computer Science, Mechanical Engineering, Civil Engineering, Management Studies, Applied Sciences","Minimum 60% aggregate in 10+2 (Physics, Chemistry, Mathematics/Biology)",Not Available,Not Available,Not Available,Not Available,Not Available,Not Available,Not Available,Not Available,Not Available,Not Available,Not Available,Not Available,Not Available,Not Available,Not Available,Not Available,Not Available,Not Available,Not Available,Not Available,Not Available,Not Available,Not Available,Not Available,Not Available,Not Available,Not Available,2026,Not Available,Not Available,Not Available,Not Available,Not Available,Not Available,Not Available,Not Available,Not Available,Not Available,Not Available,Not Available,Not Available,Not Available,Not Available,Not Available,Not Available,Not Available,Not Available,Not Available,Not Available,Not Available,Not Available,Not Available,Not Available,Not Available,Not Available,Not Available,Not Available
UNI272,National Institute of Technology Uttarakhand,Uttarakhand,http://www.nituk.ac.in/,2026,Not Available,Not Available,Not Available,"Engineering: Computer Science (CSE), Civil, Mechanical, ICT","B.Tech CSE, MBA Finance, B.Sc","Computer Science, Mechanical Engineering, Civil Engineering, Management Studies, Applied Sciences","Minimum 60% aggregate in 10+2 (Physics, Chemistry, Mathematics/Biology)",Not Available,2026,Not Available,Not Available,Not Available,Not Available,Not Available,Not Available,32 Lakh Per Annum,Not Available,Not Available,Not Available,Not Available,Not Available,Not Available,Not Available,Not Available,Not Available,Not Available,Not Available,Not Available,Not Available,Not Available,Not Available,Not Available,Not Available,Not Available,Not Available,Not Available,Not Available,Not Available,Not Available,Not Available,Not Available,Not Available,Not Available,Not Available,Not Available,Not Available,Not Available,Not Available,Not Available,Not Available,Not Available,Not Available,Not Available,Not Available,Not Available,Not Available,Not Available,Not Available,Not Available,Not Available,Not Available,Not Available,Not Available,Not Available
UNI273,National Institute of Technology Warangal,Telangana,http://www.nitw.ernet.in/,Not Available,Not Available,Not Available,Not Available,"Engineering: Computer Science (CSE), Civil, Mechanical, ICT","B.Tech CSE, MBA Finance, B.Sc","Computer Science, Mechanical Engineering, Civil Engineering, Management Studies, Applied Sciences","Minimum 60% aggregate in 10+2 (Physics, Chemistry, Mathematics/Biology)",Not Available,Not Available,Not Available,Not Available,Not Available,Not Available,Not Available,Not Available,Not Available,Not Available,Not Available,Not Available,Not Available,Not Available,Not Available,Not Available,Not Available,Not Available,Not Available,Not Available,Not Available,Not Available,Not Available,Not Available,Not Available,Not Available,Not Available,Not Available,Not Available,Not Available,Not Available,Not Available,Not Available,Not Available,Not Available,Not Available,Not Available,Not Available,Not Available,Not Available,Not Available,Not Available,Not Available,Not Available,Not Available,Not Available,Not Available,Not Available,Not Available,Not Available,Not Available,Not Available,Not Available,Not Available,Not Available,Not Available,Not Available
UNI274,National Law School of India University,,http://www.nls.ac.in/,Not Available,Not Available,Not Available,Not Available,"Engineering: CSE, Mechanical | Management: MBA, BBA | Science: B.Sc, M.Sc","B.Tech CSE, MBA Finance, B.Sc","Computer Science, Mechanical Engineering, Civil Engineering, Management Studies, Applied Sciences","Minimum 60% aggregate in 10+2 (Physics, Chemistry, Mathematics/Biology)",Not Available,Not Available,Not Available,Not Available,Not Available,Not Available,Not Available,Not Available,Not Available,Not Available,Not Available,Not Available,Not Available,Not Available,Not Available,Not Available,Not Available,Not Available,Not Available,Not Available,Not Available,Not Available,Not Available,Not Available,Not Available,Not Available,Not Available,Not Available,Not Available,Not Available,Not Available,Not Available,Not Available,Not Available,Not Available,Not Available,Not Available,Not Available,Not Available,Not Available,Not Available,Not Available,Not Available,Not Available,Not Available,Not Available,Not Available,Not Available,Not Available,Not Available,Not Available,Not Available,Not Available,Not Available,Not Available,Not Available,Not Available
UNI275,Narsee Monjee Institute of Management Studies,,http://www.nmims.edu/,Not Available,Not Available,Not Available,Not Available,"Management: MBA (Finance, Marketing, HR), BBA","B.Tech CSE, MBA Finance, B.Sc","Computer Science, Mechanical Engineering, Civil Engineering, Management Studies, Applied Sciences","Minimum 60% aggregate in 10+2 (Physics, Chemistry, Mathematics/Biology)",Not Available,Not Available,Not Available,Not Available,Not Available,Not Available,Not Available,Not Available,Not Available,Not Available,Not Available,Not Available,Not Available,Not Available,Not Available,Not Available,Not Available,Not Available,Not Available,Not Available,Not Available,Not Available,Not Available,Not Available,Not Available,Not Available,Not Available,Not Available,Not Available,Not Available,Not Available,Not Available,Not Available,Not Available,Not Available,Not Available,Not Available,Not Available,Not Available,Not Available,Not Available,Not Available,Not Available,Not Available,Not Available,Not Available,Not Available,Not Available,Not Available,Not Available,Not Available,Not Available,Not Available,Not Available,Not Available,Not Available,Not Available
UNI276,North Maharashtra University,Maharashtra,http://www.nmu.ac.in/,Not Available,Not Available,Not Available,Not Available,"Engineering: CSE, Mechanical | Management: MBA, BBA | Science: B.Sc, M.Sc","B.Tech CSE, MBA Finance, B.Sc","Computer Science, Mechanical Engineering, Civil Engineering, Management Studies, Applied Sciences","Minimum 60% aggregate in 10+2 (Physics, Chemistry, Mathematics/Biology)",Not Available,Not Available,Not Available,Not Available,Not Available,Not Available,Not Available,Not Available,Not Available,Not Available,Not Available,Not Available,Not Available,Not Available,Not Available,Not Available,Not Available,Not Available,Not Available,Not Available,Not Available,Not Available,Not Available,Not Available,Not Available,Not Available,Not Available,Not Available,Not Available,Not Available,Not Available,Not Available,Not Available,Not Available,Not Available,Not Available,Not Available,Not Available,Not Available,Not Available,Not Available,Not Available,Not Available,Not Available,Not Available,Not Available,Not Available,Not Available,Not Available,Not Available,Not Available,Not Available,Not Available,Not Available,Not Available,Not Available,Not Available
UNI277,Netaji Subhas University of Technology,Delhi,http://www.nsut.ac.in/,Not Available,Not Available,Not Available,Not Available,"Engineering: Computer Science (CSE), Civil, Mechanical, ICT","B.Tech CSE, MBA Finance, B.Sc","Computer Science, Mechanical Engineering, Civil Engineering, Management Studies, Applied Sciences","Minimum 60% aggregate in 10+2 (Physics, Chemistry, Mathematics/Biology)",Not Available,Not Available,Not Available,Not Available,Not Available,Not Available,Not Available,Not Available,Not Available,Not Available,Not Available,Not Available,Not Available,Not Available,Not Available,Not Available,Not Available,Not Available,Not Available,Not Available,Not Available,Not Available,Not Available,Not Available,Not Available,Not Available,Not Available,Not Available,Not Available,Not Available,Not Available,Not Available,Not Available,Not Available,Not Available,Not Available,Not Available,Not Available,Not Available,Not Available,Not Available,Not Available,Not Available,Not Available,Not Available,Not Available,Not Available,Not Available,Not Available,Not Available,Not Available,Not Available,Not Available,Not Available,Not Available,Not Available,Not Available
UNI278,Osmania University,,http://www.osmania.ac.in/,Not Available,Not Available,Not Available,Not Available,"Engineering: CSE, Mechanical | Management: MBA, BBA | Science: B.Sc, M.Sc","B.Tech CSE, MBA Finance, B.Sc","Computer Science, Mechanical Engineering, Civil Engineering, Management Studies, Applied Sciences","Minimum 60% aggregate in 10+2 (Physics, Chemistry, Mathematics/Biology)",Not Available,Not Available,Not Available,Not Available,Not Available,Not Available,Not Available,Not Available,Not Available,Not Available,Not Available,Not Available,Not Available,Not Available,Not Available,Not Available,Not Available,Not Available,Not Available,Not Available,Not Available,Not Available,Not Available,Not Available,Not Available,Not Available,Not Available,Not Available,Not Available,Not Available,Not Available,Not Available,Not Available,Not Available,Not Available,Not Available,Not Available,Not Available,Not Available,Not Available,Not Available,Not Available,Not Available,Not Available,Not Available,Not Available,Not Available,Not Available,Not Available,Not Available,Not Available,Not Available,Not Available,Not Available,Not Available,Not Available,Not Available
UNI279,Sri Padmavati Women's University,,http://www.padmavatiwomen-univ.org/,Not Available,Not Available,Not Available,Not Available,"Engineering: CSE, Mechanical | Management: MBA, BBA | Science: B.Sc, M.Sc","B.Tech CSE, MBA Finance, B.Sc","Computer Science, Mechanical Engineering, Civil Engineering, Management Studies, Applied Sciences","Minimum 60% aggregate in 10+2 (Physics, Chemistry, Mathematics/Biology)",Not Available,Not Available,Not Available,Not Available,Not Available,Not Available,Not Available,Not Available,Not Available,Not Available,Not Available,Not Available,Not Available,Not Available,Not Available,Not Available,Not Available,Not Available,Not Available,Not Available,Not Available,Not Available,Not Available,Not Available,Not Available,Not Available,Not Available,Not Available,Not Available,Not Available,Not Available,Not Available,Not Available,Not Available,Not Available,Not Available,Not Available,Not Available,Not Available,Not Available,Not Available,Not Available,Not Available,Not Available,Not Available,Not Available,Not Available,Not Available,Not Available,Not Available,Not Available,Not Available,Not Available,Not Available,Not Available,Not Available,Not Available
UNI280,Pandit Deendayal Energy University,Gujarat,https://www.pdeu.ac.in/,Not Available,Not Available,Not Available,Not Available,"Engineering: CSE, Mechanical | Management: MBA, BBA | Science: B.Sc, M.Sc","B.Tech CSE, MBA Finance, B.Sc","Computer Science, Mechanical Engineering, Civil Engineering, Management Studies, Applied Sciences","Minimum 60% aggregate in 10+2 (Physics, Chemistry, Mathematics/Biology)",Not Available,Not Available,Not Available,Not Available,Not Available,Not Available,Not Available,Not Available,Not Available,Not Available,Not Available,Not Available,Not Available,Not Available,Not Available,Not Available,Not Available,Not Available,Not Available,Not Available,Not Available,Not Available,Not Available,Not Available,Not Available,Not Available,Not Available,Not Available,Not Available,Not Available,Not Available,Not Available,Not Available,Not Available,Not Available,Not Available,Not Available,Not Available,Not Available,Not Available,Not Available,Not Available,Not Available,Not Available,Not Available,Not Available,Not Available,Not Available,Not Available,Not Available,Not Available,Not Available,Not Available,Not Available,Not Available,Not Available,Not Available
UNI281,Punjab Agricultural University,Punjab,http://www.pau.edu/,Not Available,Not Available,Not Available,Not Available,"Engineering: CSE, Mechanical | Management: MBA, BBA | Science: B.Sc, M.Sc","B.Tech CSE, MBA Finance, B.Sc","Computer Science, Mechanical Engineering, Civil Engineering, Management Studies, Applied Sciences","Minimum 60% aggregate in 10+2 (Physics, Chemistry, Mathematics/Biology)",Not Available,Not Available,Not Available,Not Available,Not Available,Not Available,Not Available,Not Available,Not Available,Not Available,Not Available,Not Available,Not Available,Not Available,Not Available,Not Available,Not Available,Not Available,Not Available,Not Available,Not Available,Not Available,Not Available,Not Available,Not Available,Not Available,Not Available,Not Available,Not Available,Not Available,Not Available,Not Available,Not Available,Not Available,Not Available,Not Available,Not Available,Not Available,Not Available,Not Available,Not Available,Not Available,Not Available,Not Available,Not Available,Not Available,Not Available,Not Available,Not Available,Not Available,Not Available,Not Available,Not Available,Not Available,Not Available,Not Available,Not Available
UNI282,Dr. Panjabrao Deshmukh Krishi Vidyapeeth,,http://www.pdkv.ac.in/,Not Available,Not Available,Not Available,Not Available,"Engineering: CSE, Mechanical | Management: MBA, BBA | Science: B.Sc, M.Sc","B.Tech CSE, MBA Finance, B.Sc","Computer Science, Mechanical Engineering, Civil Engineering, Management Studies, Applied Sciences","Minimum 60% aggregate in 10+2 (Physics, Chemistry, Mathematics/Biology)",Not Available,Not Available,Not Available,Not Available,Not Available,Not Available,Not Available,Not Available,Not Available,Not Available,Not Available,Not Available,Not Available,Not Available,Not Available,Not Available,Not Available,Not Available,Not Available,Not Available,Not Available,Not Available,Not Available,Not Available,Not Available,Not Available,Not Available,Not Available,Not Available,Not Available,Not Available,Not Available,Not Available,Not Available,Not Available,Not Available,Not Available,Not Available,Not Available,Not Available,Not Available,Not Available,Not Available,Not Available,Not Available,Not Available,Not Available,Not Available,Not Available,Not Available,Not Available,Not Available,Not Available,Not Available,Not Available,Not Available,Not Available
UNI283,Parul University,,http://www.paruluniversity.ac.in/,Not Available,Not Available,Not Available,Not Available,"Engineering: CSE, Mechanical | Management: MBA, BBA | Science: B.Sc, M.Sc","B.Tech CSE, MBA Finance, B.Sc","Computer Science, Mechanical Engineering, Civil Engineering, Management Studies, Applied Sciences","Minimum 60% aggregate in 10+2 (Physics, Chemistry, Mathematics/Biology)",Not Available,Not Available,Not Available,Not Available,Not Available,Not Available,Not Available,6 Lakh Per Annum,6 Lakh Per Annum,Not Available,Not Available,Not Available,Not Available,Not Available,Not Available,Not Available,Not Available,Not Available,Not Available,Not Available,Not Available,Not Available,Not Available,Not Available,Not Available,Not Available,Not Available,Not Available,Not Available,Not Available,Not Available,Not Available,Not Available,Not Available,Not Available,Not Available,Not Available,Not Available,Not Available,Not Available,Not Available,Not Available,Not Available,Not Available,Not Available,Not Available,Not Available,Not Available,Not Available,Not Available,Not Available,Not Available,Not Available,Not Available,Not Available,Not Available,Not Available
UNI284,Punjab Engineering College,Punjab,http://www.pec.ac.in/,Not Available,Not Available,Not Available,Not Available,"Engineering: Computer Science (CSE), Civil, Mechanical, ICT","B.Tech CSE, MBA Finance, B.Sc","Computer Science, Mechanical Engineering, Civil Engineering, Management Studies, Applied Sciences","Minimum 60% aggregate in 10+2 (Physics, Chemistry, Mathematics/Biology)",Not Available,Not Available,Not Available,Not Available,Not Available,Not Available,Not Available,Not Available,Not Available,Not Available,Not Available,Not Available,Not Available,Not Available,Not Available,Not Available,Not Available,Not Available,Not Available,Not Available,Not Available,Not Available,Not Available,Not Available,Not Available,Not Available,Not Available,Not Available,Not Available,Not Available,Not Available,Not Available,Not Available,Not Available,Not Available,Not Available,Not Available,Not Available,Not Available,Not Available,Not Available,Not Available,Not Available,Not Available,Not Available,Not Available,Not Available,Not Available,Not Available,Not Available,Not Available,Not Available,Not Available,Not Available,Not Available,Not Available,Not Available
UNI285,PES University,Karnataka,http://www.pes.edu/,Not Available,Not Available,Not Available,Not Available,"Engineering: CSE, Mechanical | Management: MBA, BBA | Science: B.Sc, M.Sc","B.Tech CSE, MBA Finance, B.Sc","Computer Science, Mechanical Engineering, Civil Engineering, Management Studies, Applied Sciences","Minimum 60% aggregate in 10+2 (Physics, Chemistry, Mathematics/Biology)",Not Available,Not Available,Not Available,Not Available,Not Available,Not Available,Not Available,Not Available,Not Available,Not Available,Not Available,Not Available,Not Available,Not Available,Not Available,Not Available,Not Available,Not Available,Not Available,Not Available,Not Available,Not Available,Not Available,Not Available,Not Available,Not Available,Not Available,Not Available,Not Available,Not Available,Not Available,Not Available,Not Available,Not Available,Not Available,Not Available,Not Available,Not Available,Not Available,Not Available,Not Available,Not Available,Not Available,Not Available,Not Available,Not Available,Not Available,Not Available,Not Available,Not Available,Not Available,Not Available,Not Available,Not Available,Not Available,Not Available,Not Available
UNI286,Postgraduate lnstitute of Medical Education and Research,Punjab and Haryana,http://www.pgimer.nic.in/,Not Available,Not Available,Not Available,Not Available,"Medical: MBBS, BDS, MD, B.Sc Nursing","B.Tech CSE, MBA Finance, B.Sc","Computer Science, Mechanical Engineering, Civil Engineering, Management Studies, Applied Sciences","Minimum 60% aggregate in 10+2 (Physics, Chemistry, Mathematics/Biology)",Not Available,Not Available,Not Available,Not Available,Not Available,Not Available,Not Available,Not Available,Not Available,Not Available,Not Available,Not Available,Not Available,Not Available,Not Available,Not Available,Not Available,Not Available,Not Available,Not Available,Not Available,Not Available,Not Available,Not Available,Not Available,Not Available,Not Available,Not Available,Not Available,Not Available,Not Available,Not Available,Not Available,Not Available,Not Available,Not Available,Not Available,Not Available,Not Available,Not Available,Not Available,Not Available,Not Available,Not Available,Not Available,Not Available,Not Available,Not Available,Not Available,Not Available,Not Available,Not Available,Not Available,Not Available,Not Available,Not Available,Not Available
UNI287,Pondicherry University,Puducherry,http://www.pondiuni.org/,Not Available,Not Available,Not Available,Not Available,"Engineering: CSE, Mechanical | Management: MBA, BBA | Science: B.Sc, M.Sc","B.Tech CSE, MBA Finance, B.Sc","Computer Science, Mechanical Engineering, Civil Engineering, Management Studies, Applied Sciences","Minimum 60% aggregate in 10+2 (Physics, Chemistry, Mathematics/Biology)",Not Available,Not Available,Not Available,Not Available,Not Available,Not Available,Not Available,Not Available,Not Available,Not Available,Not Available,Not Available,Not Available,Not Available,Not Available,Not Available,Not Available,Not Available,Not Available,Not Available,Not Available,Not Available,Not Available,Not Available,Not Available,Not Available,Not Available,Not Available,Not Available,Not Available,Not Available,Not Available,Not Available,Not Available,Not Available,Not Available,Not Available,Not Available,Not Available,Not Available,Not Available,Not Available,Not Available,Not Available,Not Available,Not Available,Not Available,Not Available,Not Available,Not Available,Not Available,Not Available,Not Available,Not Available,Not Available,Not Available,Not Available
UNI288,PSG College of Technology,Tamil Nadu,http://www.psgtech.edu/,Not Available,Not Available,Not Available,Not Available,"Engineering: Computer Science (CSE), Civil, Mechanical, ICT","B.Tech CSE, MBA Finance, B.Sc","Computer Science, Mechanical Engineering, Civil Engineering, Management Studies, Applied Sciences","Minimum 60% aggregate in 10+2 (Physics, Chemistry, Mathematics/Biology)",Not Available,Not Available,Not Available,Not Available,Not Available,Not Available,Not Available,Not Available,Not Available,Not Available,Not Available,Not Available,Not Available,Not Available,Not Available,Not Available,Not Available,Not Available,Not Available,Not Available,Not Available,Not Available,Not Available,Not Available,Not Available,Not Available,Not Available,Not Available,Not Available,Not Available,Not Available,Not Available,Not Available,Not Available,Not Available,Not Available,Not Available,Not Available,Not Available,Not Available,Not Available,Not Available,Not Available,Not Available,Not Available,Not Available,Not Available,Not Available,Not Available,Not Available,Not Available,Not Available,Not Available,Not Available,Not Available,Not Available,Not Available
UNI289,Jai Narain Vyas University,,http://www.ptetjnvu.org/,Not Available,Not Available,Not Available,Not Available,"Engineering: CSE, Mechanical | Management: MBA, BBA | Science: B.Sc, M.Sc","B.Tech CSE, MBA Finance, B.Sc","Computer Science, Mechanical Engineering, Civil Engineering, Management Studies, Applied Sciences","Minimum 60% aggregate in 10+2 (Physics, Chemistry, Mathematics/Biology)",Not Available,Not Available,Not Available,Not Available,Not Available,Not Available,Not Available,Not Available,Not Available,Not Available,Not Available,Not Available,Not Available,Not Available,Not Available,Not Available,Not Available,Not Available,Not Available,Not Available,Not Available,Not Available,Not Available,Not Available,Not Available,Not Available,Not Available,Not Available,Not Available,Not Available,Not Available,Not Available,Not Available,Not Available,Not Available,Not Available,Not Available,Not Available,Not Available,Not Available,Not Available,Not Available,Not Available,Not Available,Not Available,Not Available,Not Available,Not Available,Not Available,Not Available,Not Available,Not Available,Not Available,Not Available,Not Available,Not Available,Not Available
UNI290,Punjab Technical University,Punjab,http://www.ptu.ac.in/,Not Available,Not Available,Not Available,Not Available,"Engineering: Computer Science (CSE), Civil, Mechanical, ICT","B.Tech CSE, MBA Finance, B.Sc","Computer Science, Mechanical Engineering, Civil Engineering, Management Studies, Applied Sciences","Minimum 60% aggregate in 10+2 (Physics, Chemistry, Mathematics/Biology)",Not Available,Not Available,Not Available,Not Available,Not Available,Not Available,Not Available,Not Available,Not Available,Not Available,Not Available,Not Available,Not Available,Not Available,Not Available,Not Available,Not Available,Not Available,Not Available,Not Available,Not Available,Not Available,Not Available,Not Available,Not Available,Not Available,Not Available,Not Available,Not Available,Not Available,Not Available,Not Available,Not Available,Not Available,Not Available,Not Available,Not Available,Not Available,Not Available,Not Available,Not Available,Not Available,Not Available,Not Available,Not Available,Not Available,Not Available,Not Available,Not Available,Not Available,Not Available,Not Available,Not Available,Not Available,Not Available,Not Available,Not Available
UNI291,Panjab University,Punjab,http://www.puchd.ac.in/,1882,Not Available,Not Available,Not Available,"Engineering: CSE, Mechanical | Management: MBA, BBA | Science: B.Sc, M.Sc","B.Tech CSE, MBA Finance, B.Sc","Computer Science, Mechanical Engineering, Civil Engineering, Management Studies, Applied Sciences","Minimum 60% aggregate in 10+2 (Physics, Chemistry, Mathematics/Biology)",Not Available,Not Available,Not Available,Not Available,Not Available,Not Available,Not Available,Not Available,Not Available,Not Available,Not Available,Not Available,Not Available,Not Available,Not Available,Not Available,Not Available,Not Available,Not Available,Not Available,Not Available,Not Available,Not Available,Not Available,Not Available,Not Available,Not Available,Not Available,Not Available,Not Available,Not Available,Not Available,Not Available,Not Available,Not Available,Not Available,Not Available,Not Available,Not Available,Not Available,Not Available,Not Available,Not Available,Not Available,Not Available,Not Available,Not Available,Not Available,Not Available,Not Available,Not Available,Not Available,Not Available,Not Available,Not Available,Not Available,Not Available
UNI292,Punjabi University Patiala,Punjab,http://www.punjabiuniversity.ac.in/,Not Available,Not Available,Not Available,Not Available,"Engineering: CSE, Mechanical | Management: MBA, BBA | Science: B.Sc, M.Sc","B.Tech CSE, MBA Finance, B.Sc","Computer Science, Mechanical Engineering, Civil Engineering, Management Studies, Applied Sciences","Minimum 60% aggregate in 10+2 (Physics, Chemistry, Mathematics/Biology)",Not Available,Not Available,Not Available,Not Available,Not Available,Not Available,Not Available,Not Available,Not Available,Not Available,Not Available,Not Available,Not Available,Not Available,Not Available,Not Available,Not Available,Not Available,Not Available,Not Available,Not Available,Not Available,Not Available,Not Available,Not Available,Not Available,Not Available,Not Available,Not Available,Not Available,Not Available,Not Available,Not Available,Not Available,Not Available,Not Available,Not Available,Not Available,Not Available,Not Available,Not Available,Not Available,Not Available,Not Available,Not Available,Not Available,Not Available,Not Available,Not Available,Not Available,Not Available,Not Available,Not Available,Not Available,Not Available,Not Available,Not Available
UNI293,Patna University,Bihar,http://puonline.bih.nic.in/,Not Available,Not Available,Not Available,Not Available,"Engineering: CSE, Mechanical | Management: MBA, BBA | Science: B.Sc, M.Sc","B.Tech CSE, MBA Finance, B.Sc","Computer Science, Mechanical Engineering, Civil Engineering, Management Studies, Applied Sciences","Minimum 60% aggregate in 10+2 (Physics, Chemistry, Mathematics/Biology)",Not Available,Not Available,Not Available,Not Available,Not Available,Not Available,Not Available,Not Available,Not Available,Not Available,Not Available,Not Available,Not Available,Not Available,Not Available,Not Available,Not Available,Not Available,Not Available,Not Available,Not Available,Not Available,Not Available,Not Available,Not Available,Not Available,Not Available,Not Available,Not Available,Not Available,Not Available,Not Available,Not Available,Not Available,Not Available,Not Available,Not Available,Not Available,Not Available,Not Available,Not Available,Not Available,Not Available,Not Available,Not Available,Not Available,Not Available,Not Available,Not Available,Not Available,Not Available,Not Available,Not Available,Not Available,Not Available,Not Available,Not Available
UNI294,Rajendra Agricultural University,,http://www.pusavarsity.org.in/,Not Available,Not Available,Not Available,Not Available,"Engineering: CSE, Mechanical | Management: MBA, BBA | Science: B.Sc, M.Sc","B.Tech CSE, MBA Finance, B.Sc","Computer Science, Mechanical Engineering, Civil Engineering, Management Studies, Applied Sciences","Minimum 60% aggregate in 10+2 (Physics, Chemistry, Mathematics/Biology)",Not Available,Not Available,Not Available,Not Available,Not Available,Not Available,Not Available,Not Available,Not Available,Not Available,Not Available,Not Available,Not Available,Not Available,Not Available,Not Available,Not Available,Not Available,Not Available,Not Available,Not Available,Not Available,Not Available,Not Available,Not Available,Not Available,Not Available,Not Available,Not Available,Not Available,Not Available,Not Available,Not Available,Not Available,Not Available,Not Available,Not Available,Not Available,Not Available,Not Available,Not Available,Not Available,Not Available,Not Available,Not Available,Not Available,Not Available,Not Available,Not Available,Not Available,Not Available,Not Available,Not Available,Not Available,Not Available,Not Available,Not Available
UNI295,Rabindra Bharati University,,http://www.rabindrabharatiuniversity.net/,Not Available,Not Available,Not Available,Not Available,"Engineering: CSE, Mechanical | Management: MBA, BBA | Science: B.Sc, M.Sc","B.Tech CSE, MBA Finance, B.Sc","Computer Science, Mechanical Engineering, Civil Engineering, Management Studies, Applied Sciences","Minimum 60% aggregate in 10+2 (Physics, Chemistry, Mathematics/Biology)",Not Available,Not Available,Not Available,Not Available,Not Available,Not Available,Not Available,Not Available,Not Available,Not Available,Not Available,Not Available,Not Available,Not Available,Not Available,Not Available,Not Available,Not Available,Not Available,Not Available,Not Available,Not Available,Not Available,Not Available,Not Available,Not Available,Not Available,Not Available,Not Available,Not Available,Not Available,Not Available,Not Available,Not Available,Not Available,Not Available,Not Available,Not Available,Not Available,Not Available,Not Available,Not Available,Not Available,Not Available,Not Available,Not Available,Not Available,Not Available,Not Available,Not Available,Not Available,Not Available,Not Available,Not Available,Not Available,Not Available,Not Available
UNI296,Ranchi University,Jharkhand,http://www.ranchiuniversity.org.in/,Not Available,Not Available,Not Available,Not Available,"Engineering: CSE, Mechanical | Management: MBA, BBA | Science: B.Sc, M.Sc","B.Tech CSE, MBA Finance, B.Sc","Computer Science, Mechanical Engineering, Civil Engineering, Management Studies, Applied Sciences","Minimum 60% aggregate in 10+2 (Physics, Chemistry, Mathematics/Biology)",Not Available,Not Available,Not Available,Not Available,Not Available,Not Available,Not Available,Not Available,Not Available,Not Available,Not Available,Not Available,Not Available,Not Available,Not Available,Not Available,Not Available,Not Available,Not Available,Not Available,Not Available,Not Available,Not Available,Not Available,Not Available,Not Available,Not Available,Not Available,Not Available,Not Available,Not Available,Not Available,Not Available,Not Available,Not Available,Not Available,Not Available,Not Available,Not Available,Not Available,Not Available,Not Available,Not Available,Not Available,Not Available,Not Available,Not Available,Not Available,Not Available,Not Available,Not Available,Not Available,Not Available,Not Available,Not Available,Not Available,Not Available
UNI297,"Rajasthan Agricultural University, Bikaner",Rajasthan,http://www.raubikaner.org/,Not Available,Not Available,Not Available,Not Available,"Engineering: CSE, Mechanical | Management: MBA, BBA | Science: B.Sc, M.Sc","B.Tech CSE, MBA Finance, B.Sc","Computer Science, Mechanical Engineering, Civil Engineering, Management Studies, Applied Sciences","Minimum 60% aggregate in 10+2 (Physics, Chemistry, Mathematics/Biology)",Not Available,Not Available,Not Available,Not Available,Not Available,Not Available,Not Available,Not Available,Not Available,Not Available,Not Available,Not Available,Not Available,Not Available,Not Available,Not Available,Not Available,Not Available,Not Available,Not Available,Not Available,Not Available,Not Available,Not Available,Not Available,Not Available,Not Available,Not Available,Not Available,Not Available,Not Available,Not Available,Not Available,Not Available,Not Available,Not Available,Not Available,Not Available,Not Available,Not Available,Not Available,Not Available,Not Available,Not Available,Not Available,Not Available,Not Available,Not Available,Not Available,Not Available,Not Available,Not Available,Not Available,Not Available,Not Available,Not Available,Not Available
UNI298,Rani Durgavati University,,http://www.rdunijbpin.org/,Not Available,Not Available,Not Available,Not Available,"Engineering: CSE, Mechanical | Management: MBA, BBA | Science: B.Sc, M.Sc","B.Tech CSE, MBA Finance, B.Sc","Computer Science, Mechanical Engineering, Civil Engineering, Management Studies, Applied Sciences","Minimum 60% aggregate in 10+2 (Physics, Chemistry, Mathematics/Biology)",Not Available,Not Available,Not Available,Not Available,Not Available,Not Available,Not Available,Not Available,Not Available,Not Available,Not Available,Not Available,Not Available,Not Available,Not Available,Not Available,Not Available,Not Available,Not Available,Not Available,Not Available,Not Available,Not Available,Not Available,Not Available,Not Available,Not Available,Not Available,Not Available,Not Available,Not Available,Not Available,Not Available,Not Available,Not Available,Not Available,Not Available,Not Available,Not Available,Not Available,Not Available,Not Available,Not Available,Not Available,Not Available,Not Available,Not Available,Not Available,Not Available,Not Available,Not Available,Not Available,Not Available,Not Available,Not Available,Not Available,Not Available
UNI299,Rajiv Gandhi Technical University (University of Technology of Madhya Pradesh),Madhya Pradesh,http://www.rgtu.net/,Not Available,Not Available,Not Available,Not Available,"Engineering: Computer Science (CSE), Civil, Mechanical, ICT","B.Tech CSE, MBA Finance, B.Sc","Computer Science, Mechanical Engineering, Civil Engineering, Management Studies, Applied Sciences","Minimum 60% aggregate in 10+2 (Physics, Chemistry, Mathematics/Biology)",Not Available,Not Available,Not Available,Not Available,Not Available,Not Available,Not Available,Not Available,Not Available,Not Available,Not Available,Not Available,Not Available,Not Available,Not Available,Not Available,Not Available,Not Available,Not Available,Not Available,Not Available,Not Available,Not Available,Not Available,Not Available,Not Available,Not Available,Not Available,Not Available,Not Available,Not Available,Not Available,Not Available,Not Available,Not Available,Not Available,Not Available,Not Available,Not Available,Not Available,Not Available,Not Available,Not Available,Not Available,Not Available,Not Available,Not Available,Not Available,Not Available,Not Available,Not Available,Not Available,Not Available,Not Available,Not Available,Not Available,Not Available
UNI300,Rajiv Gandhi University,,http://www.rgu.ac.in/,Not Available,Not Available,Not Available,Not Available,"Engineering: CSE, Mechanical | Management: MBA, BBA | Science: B.Sc, M.Sc","B.Tech CSE, MBA Finance, B.Sc","Computer Science, Mechanical Engineering, Civil Engineering, Management Studies, Applied Sciences","Minimum 60% aggregate in 10+2 (Physics, Chemistry, Mathematics/Biology)",Not Available,2026,Not Available,Not Available,Not Available,Not Available,Not Available,Not Available,Not Available,Not Available,Not Available,Not Available,Not Available,Not Available,Not Available,Not Available,Not Available,Not Available,Not Available,Not Available,Not Available,Not Available,Not Available,Not Available,Not Available,Not Available,Not Available,Not Available,Not Available,Not Available,Not Available,Not Available,Not Available,Not Available,Not Available,Not Available,Not Available,Not Available,Not Available,Not Available,Not Available,Not Available,Not Available,Not Available,Not Available,Not Available,Not Available,Not Available,Not Available,Not Available,Not Available,Not Available,Not Available,Not Available,Not Available,Not Available,Not Available
