University,Topic,Question,Expected_Answer
Thakur College of Engineering and Technology,Fees,What is the tuition fee for Thakur College of Engineering and Technology?,The tuition fee for Thakur College of Engineering and Technology is 2025 per semester.
Thakur College of Engineering and Technology,Placements,What is the highest placement package at Thakur College of Engineering and Technology?,The highest placement package at Thakur College of Engineering and Technology is 37.3 Lakh Per Annum.
Thakur College of Engineering and Technology,Facilities,Does Thakur College of Engineering and Technology have a hostel and what is the fee?,"Yes, Thakur College of Engineering and Technology has a hostel for both boys and girls. The fee is 57039 and the mess fee is 37185."
Thakur College of Engineering and Technology,Facilities,What are the library timings for Thakur College of Engineering and Technology?,The library timings for Thakur College of Engineering and Technology are 8:00 AM to 8:00 PM.
Thakur College of Engineering and Technology,Academics,What is the attendance rule at Thakur College of Engineering and Technology?,The attendance rule at Thakur College of Engineering and Technology is Minimum 75% attendance mandatory.
Atharva College of Engineering,Fees,What is the tuition fee for Atharva College of Engineering?,The tuition fee for Atharva College of Engineering is 124458 per semester.
Atharva College of Engineering,Placements,What is the highest placement package at Atharva College of Engineering?,The highest placement package at Atharva College of Engineering is 43.2 Lakh Per Annum.
Atharva College of Engineering,Facilities,Does Atharva College of Engineering have a hostel and what is the fee?,"Yes, Atharva College of Engineering has a hostel for both boys and girls. The fee is 54140 and the mess fee is 27026."
Atharva College of Engineering,Facilities,What are the library timings for Atharva College of Engineering?,The library timings for Atharva College of Engineering are 8:00 AM to 8:00 PM.
Atharva College of Engineering,Academics,What is the attendance rule at Atharva College of Engineering?,The attendance rule at Atharva College of Engineering is Minimum 75% attendance mandatory.
Bhagwan Parshuram Institute of Technology,Fees,What is the tuition fee for Bhagwan Parshuram Institute of Technology?,The tuition fee for Bhagwan Parshuram Institute of Technology is 2026 per semester.
Bhagwan Parshuram Institute of Technology,Placements,What is the highest placement package at Bhagwan Parshuram Institute of Technology?,The highest placement package at Bhagwan Parshuram Institute of Technology is 34.5 Lakh Per Annum.
Bhagwan Parshuram Institute of Technology,Facilities,Does Bhagwan Parshuram Institute of Technology have a hostel and what is the fee?,"Yes, Bhagwan Parshuram Institute of Technology has a hostel for both boys and girls. The fee is 72801 and the mess fee is 37638."
Bhagwan Parshuram Institute of Technology,Facilities,What are the library timings for Bhagwan Parshuram Institute of Technology?,The library timings for Bhagwan Parshuram Institute of Technology are 8:00 AM to 8:00 PM.
Bhagwan Parshuram Institute of Technology,Academics,What is the attendance rule at Bhagwan Parshuram Institute of Technology?,The attendance rule at Bhagwan Parshuram Institute of Technology is Minimum 75% attendance mandatory.
University of Petroleum and Energy Studies,Fees,What is the tuition fee for University of Petroleum and Energy Studies?,The tuition fee for University of Petroleum and Energy Studies is 101337 per semester.
University of Petroleum and Energy Studies,Placements,What is the highest placement package at University of Petroleum and Energy Studies?,The highest placement package at University of Petroleum and Energy Studies is 32.9 Lakh Per Annum.
University of Petroleum and Energy Studies,Facilities,Does University of Petroleum and Energy Studies have a hostel and what is the fee?,"Yes, University of Petroleum and Energy Studies has a hostel for both boys and girls. The fee is 74855 and the mess fee is 28246."
University of Petroleum and Energy Studies,Facilities,What are the library timings for University of Petroleum and Energy Studies?,The library timings for University of Petroleum and Energy Studies are 8:00 AM to 8:00 PM.
University of Petroleum and Energy Studies,Academics,What is the attendance rule at University of Petroleum and Energy Studies?,The attendance rule at University of Petroleum and Energy Studies is Minimum 75% attendance mandatory.
Ashoka University,Fees,What is the tuition fee for Ashoka University?,The tuition fee for Ashoka University is 77382 per semester.
Ashoka University,Placements,What is the highest placement package at Ashoka University?,The highest placement package at Ashoka University is 43.2 Lakh Per Annum.
Ashoka University,Facilities,Does Ashoka University have a hostel and what is the fee?,"Yes, Ashoka University has a hostel for both boys and girls. The fee is 54550 and the mess fee is 27990."
Ashoka University,Facilities,What are the library timings for Ashoka University?,The library timings for Ashoka University are 8:00 AM to 8:00 PM.
Ashoka University,Academics,What is the attendance rule at Ashoka University?,The attendance rule at Ashoka University is Minimum 75% attendance mandatory.
Indian Institute of Information Technology Sri City,Fees,What is the tuition fee for Indian Institute of Information Technology Sri City?,The tuition fee for Indian Institute of Information Technology Sri City is 91407 per semester.
Indian Institute of Information Technology Sri City,Placements,What is the highest placement package at Indian Institute of Information Technology Sri City?,The highest placement package at Indian Institute of Information Technology Sri City is 37.4 Lakh Per Annum.
Indian Institute of Information Technology Sri City,Facilities,Does Indian Institute of Information Technology Sri City have a hostel and what is the fee?,"Yes, Indian Institute of Information Technology Sri City has a hostel for both boys and girls. The fee is 81534 and the mess fee is 27143."
Indian Institute of Information Technology Sri City,Facilities,What are the library timings for Indian Institute of Information Technology Sri City?,The library timings for Indian Institute of Information Technology Sri City are 8:00 AM to 8:00 PM.
Indian Institute of Information Technology Sri City,Academics,What is the attendance rule at Indian Institute of Information Technology Sri City?,The attendance rule at Indian Institute of Information Technology Sri City is Minimum 75% attendance mandatory.
DAV Institute of Engineering & Technology,Fees,What is the tuition fee for DAV Institute of Engineering & Technology?,The tuition fee for DAV Institute of Engineering & Technology is 56639 per semester.
DAV Institute of Engineering & Technology,Placements,What is the highest placement package at DAV Institute of Engineering & Technology?,The highest placement package at DAV Institute of Engineering & Technology is 0 Lakh Per Annum.
DAV Institute of Engineering & Technology,Facilities,Does DAV Institute of Engineering & Technology have a hostel and what is the fee?,"Yes, DAV Institute of Engineering & Technology has a hostel for both boys and girls. The fee is 2025 and the mess fee is 43057."
DAV Institute of Engineering & Technology,Facilities,What are the library timings for DAV Institute of Engineering & Technology?,The library timings for DAV Institute of Engineering & Technology are 8:00 AM to 8:00 PM.
DAV Institute of Engineering & Technology,Academics,What is the attendance rule at DAV Institute of Engineering & Technology?,The attendance rule at DAV Institute of Engineering & Technology is Minimum 75% attendance mandatory.
Lovely Professional University,Fees,What is the tuition fee for Lovely Professional University?,The tuition fee for Lovely Professional University is 59602 per semester.
Lovely Professional University,Placements,What is the highest placement package at Lovely Professional University?,The highest placement package at Lovely Professional University is 25.0 Lakh Per Annum.
Lovely Professional University,Facilities,Does Lovely Professional University have a hostel and what is the fee?,"Yes, Lovely Professional University has a hostel for both boys and girls. The fee is 55810 and the mess fee is 44886."
Lovely Professional University,Facilities,What are the library timings for Lovely Professional University?,The library timings for Lovely Professional University are 8:00 AM to 8:00 PM.
Lovely Professional University,Academics,What is the attendance rule at Lovely Professional University?,The attendance rule at Lovely Professional University is Minimum 75% attendance mandatory.
Somaiya Vidyavihar,Fees,What is the tuition fee for Somaiya Vidyavihar?,The tuition fee for Somaiya Vidyavihar is 42800 per semester.
Somaiya Vidyavihar,Placements,What is the highest placement package at Somaiya Vidyavihar?,The highest placement package at Somaiya Vidyavihar is 36.0 Lakh Per Annum.
Somaiya Vidyavihar,Facilities,Does Somaiya Vidyavihar have a hostel and what is the fee?,"Yes, Somaiya Vidyavihar has a hostel for both boys and girls. The fee is 68505 and the mess fee is 35444."
Somaiya Vidyavihar,Facilities,What are the library timings for Somaiya Vidyavihar?,The library timings for Somaiya Vidyavihar are 8:00 AM to 8:00 PM.
Somaiya Vidyavihar,Academics,What is the attendance rule at Somaiya Vidyavihar?,The attendance rule at Somaiya Vidyavihar is Minimum 75% attendance mandatory.
NorthCap University,Fees,What is the tuition fee for NorthCap University?,The tuition fee for NorthCap University is 2026 per semester.
NorthCap University,Placements,What is the highest placement package at NorthCap University?,The highest placement package at NorthCap University is 24.9 Lakh Per Annum.
NorthCap University,Facilities,Does NorthCap University have a hostel and what is the fee?,"Yes, NorthCap University has a hostel for both boys and girls. The fee is 58557 and the mess fee is 25994."
NorthCap University,Facilities,What are the library timings for NorthCap University?,The library timings for NorthCap University are 8:00 AM to 8:00 PM.
NorthCap University,Academics,What is the attendance rule at NorthCap University?,The attendance rule at NorthCap University is Minimum 75% attendance mandatory.
Dharamsinh Desai University,Fees,What is the tuition fee for Dharamsinh Desai University?,The tuition fee for Dharamsinh Desai University is 117608 per semester.
Dharamsinh Desai University,Placements,What is the highest placement package at Dharamsinh Desai University?,The highest placement package at Dharamsinh Desai University is 36.1 Lakh Per Annum.
Dharamsinh Desai University,Facilities,Does Dharamsinh Desai University have a hostel and what is the fee?,"Yes, Dharamsinh Desai University has a hostel for both boys and girls. The fee is 82154 and the mess fee is 43652."
Dharamsinh Desai University,Facilities,What are the library timings for Dharamsinh Desai University?,The library timings for Dharamsinh Desai University are 8:00 AM to 8:00 PM.
Dharamsinh Desai University,Academics,What is the attendance rule at Dharamsinh Desai University?,The attendance rule at Dharamsinh Desai University is Minimum 75% attendance mandatory.
University of Health Sciences Andhra Pradesh,Fees,What is the tuition fee for University of Health Sciences Andhra Pradesh?,The tuition fee for University of Health Sciences Andhra Pradesh is 61577 per semester.
University of Health Sciences Andhra Pradesh,Placements,What is the highest placement package at University of Health Sciences Andhra Pradesh?,The highest placement package at University of Health Sciences Andhra Pradesh is 32.6 Lakh Per Annum.
University of Health Sciences Andhra Pradesh,Facilities,Does University of Health Sciences Andhra Pradesh have a hostel and what is the fee?,"Yes, University of Health Sciences Andhra Pradesh has a hostel for both boys and girls. The fee is 54976 and the mess fee is 25341."
University of Health Sciences Andhra Pradesh,Facilities,What are the library timings for University of Health Sciences Andhra Pradesh?,The library timings for University of Health Sciences Andhra Pradesh are 8:00 AM to 8:00 PM.
University of Health Sciences Andhra Pradesh,Academics,What is the attendance rule at University of Health Sciences Andhra Pradesh?,The attendance rule at University of Health Sciences Andhra Pradesh is Minimum 75% attendance mandatory.
"Allahabad Agricultural Institute, Deemed University",Fees,"What is the tuition fee for Allahabad Agricultural Institute, Deemed University?","The tuition fee for Allahabad Agricultural Institute, Deemed University is 144181 per semester."
"Allahabad Agricultural Institute, Deemed University",Placements,"What is the highest placement package at Allahabad Agricultural Institute, Deemed University?","The highest placement package at Allahabad Agricultural Institute, Deemed University is 29.5 Lakh Per Annum."
"Allahabad Agricultural Institute, Deemed University",Facilities,"Does Allahabad Agricultural Institute, Deemed University have a hostel and what is the fee?","Yes, Allahabad Agricultural Institute, Deemed University has a hostel for both boys and girls. The fee is 46775 and the mess fee is 44897."
"Allahabad Agricultural Institute, Deemed University",Facilities,"What are the library timings for Allahabad Agricultural Institute, Deemed University?","The library timings for Allahabad Agricultural Institute, Deemed University are 8:00 AM to 8:00 PM."
"Allahabad Agricultural Institute, Deemed University",Academics,"What is the attendance rule at Allahabad Agricultural Institute, Deemed University?","The attendance rule at Allahabad Agricultural Institute, Deemed University is Minimum 75% attendance mandatory."
Assam Agricultural University,Fees,What is the tuition fee for Assam Agricultural University?,The tuition fee for Assam Agricultural University is 142893 per semester.
Assam Agricultural University,Placements,What is the highest placement package at Assam Agricultural University?,The highest placement package at Assam Agricultural University is 44.6 Lakh Per Annum.
Assam Agricultural University,Facilities,Does Assam Agricultural University have a hostel and what is the fee?,"Yes, Assam Agricultural University has a hostel for both boys and girls. The fee is 80289 and the mess fee is 32788."
Assam Agricultural University,Facilities,What are the library timings for Assam Agricultural University?,The library timings for Assam Agricultural University are 8:00 AM to 8:00 PM.
Assam Agricultural University,Academics,What is the attendance rule at Assam Agricultural University?,The attendance rule at Assam Agricultural University is Minimum 75% attendance mandatory.
Ahmedabad University,Fees,What is the tuition fee for Ahmedabad University?,The tuition fee for Ahmedabad University is 56545 per semester.
Ahmedabad University,Placements,What is the highest placement package at Ahmedabad University?,The highest placement package at Ahmedabad University is 28.1 Lakh Per Annum.
Ahmedabad University,Facilities,Does Ahmedabad University have a hostel and what is the fee?,"Yes, Ahmedabad University has a hostel for both boys and girls. The fee is 57524 and the mess fee is 29231."
Ahmedabad University,Facilities,What are the library timings for Ahmedabad University?,The library timings for Ahmedabad University are 8:00 AM to 8:00 PM.
Ahmedabad University,Academics,What is the attendance rule at Ahmedabad University?,The attendance rule at Ahmedabad University is Minimum 75% attendance mandatory.
All India Institute of Medical Sciences,Fees,What is the tuition fee for All India Institute of Medical Sciences?,The tuition fee for All India Institute of Medical Sciences is 149057 per semester.
All India Institute of Medical Sciences,Placements,What is the highest placement package at All India Institute of Medical Sciences?,The highest placement package at All India Institute of Medical Sciences is 33.6 Lakh Per Annum.
All India Institute of Medical Sciences,Facilities,Does All India Institute of Medical Sciences have a hostel and what is the fee?,"Yes, All India Institute of Medical Sciences has a hostel for both boys and girls. The fee is 70936 and the mess fee is 39856."
All India Institute of Medical Sciences,Facilities,What are the library timings for All India Institute of Medical Sciences?,The library timings for All India Institute of Medical Sciences are 8:00 AM to 8:00 PM.
All India Institute of Medical Sciences,Academics,What is the attendance rule at All India Institute of Medical Sciences?,The attendance rule at All India Institute of Medical Sciences is Minimum 75% attendance mandatory.
AISECT University,Fees,What is the tuition fee for AISECT University?,The tuition fee for AISECT University is 55856 per semester.
AISECT University,Placements,What is the highest placement package at AISECT University?,The highest placement package at AISECT University is 22.7 Lakh Per Annum.
AISECT University,Facilities,Does AISECT University have a hostel and what is the fee?,"Yes, AISECT University has a hostel for both boys and girls. The fee is 68248 and the mess fee is 35883."
AISECT University,Facilities,What are the library timings for AISECT University?,The library timings for AISECT University are 8:00 AM to 8:00 PM.
AISECT University,Academics,What is the attendance rule at AISECT University?,The attendance rule at AISECT University is Minimum 75% attendance mandatory.
Alagappa University,Fees,What is the tuition fee for Alagappa University?,The tuition fee for Alagappa University is 96926 per semester.
Alagappa University,Placements,What is the highest placement package at Alagappa University?,The highest placement package at Alagappa University is 37.6 Lakh Per Annum.
Alagappa University,Facilities,Does Alagappa University have a hostel and what is the fee?,"Yes, Alagappa University has a hostel for both boys and girls. The fee is 47086 and the mess fee is 44040."
Alagappa University,Facilities,What are the library timings for Alagappa University?,The library timings for Alagappa University are 8:00 AM to 8:00 PM.
Alagappa University,Academics,What is the attendance rule at Alagappa University?,The attendance rule at Alagappa University is Minimum 75% attendance mandatory.
Allahabad University,Fees,What is the tuition fee for Allahabad University?,The tuition fee for Allahabad University is 104469 per semester.
Allahabad University,Placements,What is the highest placement package at Allahabad University?,The highest placement package at Allahabad University is 22.4 Lakh Per Annum.
Allahabad University,Facilities,Does Allahabad University have a hostel and what is the fee?,"Yes, Allahabad University has a hostel for both boys and girls. The fee is 68031 and the mess fee is 32342."
Allahabad University,Facilities,What are the library timings for Allahabad University?,The library timings for Allahabad University are 8:00 AM to 8:00 PM.
Allahabad University,Academics,What is the attendance rule at Allahabad University?,The attendance rule at Allahabad University is Minimum 75% attendance mandatory.
Open International University for Alternative Medicines,Fees,What is the tuition fee for Open International University for Alternative Medicines?,The tuition fee for Open International University for Alternative Medicines is 55828 per semester.
Open International University for Alternative Medicines,Placements,What is the highest placement package at Open International University for Alternative Medicines?,The highest placement package at Open International University for Alternative Medicines is 24.3 Lakh Per Annum.
Open International University for Alternative Medicines,Facilities,Does Open International University for Alternative Medicines have a hostel and what is the fee?,"Yes, Open International University for Alternative Medicines has a hostel for both boys and girls. The fee is 82710 and the mess fee is 41982."
Open International University for Alternative Medicines,Facilities,What are the library timings for Open International University for Alternative Medicines?,The library timings for Open International University for Alternative Medicines are 8:00 AM to 8:00 PM.
Open International University for Alternative Medicines,Academics,What is the attendance rule at Open International University for Alternative Medicines?,The attendance rule at Open International University for Alternative Medicines is Minimum 75% attendance mandatory.
Indian Board of Alternative Medicine,Fees,What is the tuition fee for Indian Board of Alternative Medicine?,The tuition fee for Indian Board of Alternative Medicine is 105830 per semester.
Indian Board of Alternative Medicine,Placements,What is the highest placement package at Indian Board of Alternative Medicine?,The highest placement package at Indian Board of Alternative Medicine is 33.1 Lakh Per Annum.
Indian Board of Alternative Medicine,Facilities,Does Indian Board of Alternative Medicine have a hostel and what is the fee?,"Yes, Indian Board of Alternative Medicine has a hostel for both boys and girls. The fee is 71504 and the mess fee is 40237."
Indian Board of Alternative Medicine,Facilities,What are the library timings for Indian Board of Alternative Medicine?,The library timings for Indian Board of Alternative Medicine are 8:00 AM to 8:00 PM.
Indian Board of Alternative Medicine,Academics,What is the attendance rule at Indian Board of Alternative Medicine?,The attendance rule at Indian Board of Alternative Medicine is Minimum 75% attendance mandatory.
Amity University,Fees,What is the tuition fee for Amity University?,The tuition fee for Amity University is 88118 per semester.
Amity University,Placements,What is the highest placement package at Amity University?,The highest placement package at Amity University is 31.7 Lakh Per Annum.
Amity University,Facilities,Does Amity University have a hostel and what is the fee?,"Yes, Amity University has a hostel for both boys and girls. The fee is 53609 and the mess fee is 43547."
Amity University,Facilities,What are the library timings for Amity University?,The library timings for Amity University are 8:00 AM to 8:00 PM.
Amity University,Academics,What is the attendance rule at Amity University?,The attendance rule at Amity University is Minimum 75% attendance mandatory.
Amrita Vishwa Vidyapeetham,Fees,What is the tuition fee for Amrita Vishwa Vidyapeetham?,The tuition fee for Amrita Vishwa Vidyapeetham is 113457 per semester.
Amrita Vishwa Vidyapeetham,Placements,What is the highest placement package at Amrita Vishwa Vidyapeetham?,The highest placement package at Amrita Vishwa Vidyapeetham is 44.1 Lakh Per Annum.
Amrita Vishwa Vidyapeetham,Facilities,Does Amrita Vishwa Vidyapeetham have a hostel and what is the fee?,"Yes, Amrita Vishwa Vidyapeetham has a hostel for both boys and girls. The fee is 79270 and the mess fee is 40936."
Amrita Vishwa Vidyapeetham,Facilities,What are the library timings for Amrita Vishwa Vidyapeetham?,The library timings for Amrita Vishwa Vidyapeetham are 8:00 AM to 8:00 PM.
Amrita Vishwa Vidyapeetham,Academics,What is the attendance rule at Amrita Vishwa Vidyapeetham?,The attendance rule at Amrita Vishwa Vidyapeetham is Minimum 75% attendance mandatory.
Amravati University,Fees,What is the tuition fee for Amravati University?,The tuition fee for Amravati University is 112799 per semester.
Amravati University,Placements,What is the highest placement package at Amravati University?,The highest placement package at Amravati University is 31.2 Lakh Per Annum.
Amravati University,Facilities,Does Amravati University have a hostel and what is the fee?,"Yes, Amravati University has a hostel for both boys and girls. The fee is 59695 and the mess fee is 39281."
Amravati University,Facilities,What are the library timings for Amravati University?,The library timings for Amravati University are 8:00 AM to 8:00 PM.
Amravati University,Academics,What is the attendance rule at Amravati University?,The attendance rule at Amravati University is Minimum 75% attendance mandatory.
Aligarh Muslim University,Fees,What is the tuition fee for Aligarh Muslim University?,The tuition fee for Aligarh Muslim University is 65983 per semester.
Aligarh Muslim University,Placements,What is the highest placement package at Aligarh Muslim University?,The highest placement package at Aligarh Muslim University is 30.7 Lakh Per Annum.
Aligarh Muslim University,Facilities,Does Aligarh Muslim University have a hostel and what is the fee?,"Yes, Aligarh Muslim University has a hostel for both boys and girls. The fee is 63255 and the mess fee is 38048."
Aligarh Muslim University,Facilities,What are the library timings for Aligarh Muslim University?,The library timings for Aligarh Muslim University are 8:00 AM to 8:00 PM.
Aligarh Muslim University,Academics,What is the attendance rule at Aligarh Muslim University?,The attendance rule at Aligarh Muslim University is Minimum 75% attendance mandatory.
Andhra University,Fees,What is the tuition fee for Andhra University?,The tuition fee for Andhra University is 94084 per semester.
Andhra University,Placements,What is the highest placement package at Andhra University?,The highest placement package at Andhra University is 24.3 Lakh Per Annum.
Andhra University,Facilities,Does Andhra University have a hostel and what is the fee?,"Yes, Andhra University has a hostel for both boys and girls. The fee is 60447 and the mess fee is 42450."
Andhra University,Facilities,What are the library timings for Andhra University?,The library timings for Andhra University are 8:00 AM to 8:00 PM.
Andhra University,Academics,What is the attendance rule at Andhra University?,The attendance rule at Andhra University is Minimum 75% attendance mandatory.
Acharya Ranga Agricultural University,Fees,What is the tuition fee for Acharya Ranga Agricultural University?,The tuition fee for Acharya Ranga Agricultural University is 100292 per semester.
Acharya Ranga Agricultural University,Placements,What is the highest placement package at Acharya Ranga Agricultural University?,The highest placement package at Acharya Ranga Agricultural University is 38.4 Lakh Per Annum.
Acharya Ranga Agricultural University,Facilities,Does Acharya Ranga Agricultural University have a hostel and what is the fee?,"Yes, Acharya Ranga Agricultural University has a hostel for both boys and girls. The fee is 75863 and the mess fee is 43233."
Acharya Ranga Agricultural University,Facilities,What are the library timings for Acharya Ranga Agricultural University?,The library timings for Acharya Ranga Agricultural University are 8:00 AM to 8:00 PM.
Acharya Ranga Agricultural University,Academics,What is the attendance rule at Acharya Ranga Agricultural University?,The attendance rule at Acharya Ranga Agricultural University is Minimum 75% attendance mandatory.
Annamalai University,Fees,What is the tuition fee for Annamalai University?,The tuition fee for Annamalai University is 82617 per semester.
Annamalai University,Placements,What is the highest placement package at Annamalai University?,The highest placement package at Annamalai University is 43.1 Lakh Per Annum.
Annamalai University,Facilities,Does Annamalai University have a hostel and what is the fee?,"Yes, Annamalai University has a hostel for both boys and girls. The fee is 62014 and the mess fee is 32561."
Annamalai University,Facilities,What are the library timings for Annamalai University?,The library timings for Annamalai University are 8:00 AM to 8:00 PM.
Annamalai University,Academics,What is the attendance rule at Annamalai University?,The attendance rule at Annamalai University is Minimum 75% attendance mandatory.
"Anna University of Technology, Tirunelveli",Fees,"What is the tuition fee for Anna University of Technology, Tirunelveli?","The tuition fee for Anna University of Technology, Tirunelveli is 49895 per semester."
"Anna University of Technology, Tirunelveli",Placements,"What is the highest placement package at Anna University of Technology, Tirunelveli?","The highest placement package at Anna University of Technology, Tirunelveli is 40.4 Lakh Per Annum."
"Anna University of Technology, Tirunelveli",Facilities,"Does Anna University of Technology, Tirunelveli have a hostel and what is the fee?","Yes, Anna University of Technology, Tirunelveli has a hostel for both boys and girls. The fee is 84286 and the mess fee is 40381."
"Anna University of Technology, Tirunelveli",Facilities,"What are the library timings for Anna University of Technology, Tirunelveli?","The library timings for Anna University of Technology, Tirunelveli are 8:00 AM to 8:00 PM."
"Anna University of Technology, Tirunelveli",Academics,"What is the attendance rule at Anna University of Technology, Tirunelveli?","The attendance rule at Anna University of Technology, Tirunelveli is Minimum 75% attendance mandatory."
Anna University,Fees,What is the tuition fee for Anna University?,The tuition fee for Anna University is 63910 per semester.
Anna University,Placements,What is the highest placement package at Anna University?,The highest placement package at Anna University is 16.2 Lakh Per Annum.
Anna University,Facilities,Does Anna University have a hostel and what is the fee?,"Yes, Anna University has a hostel for both boys and girls. The fee is 58031 and the mess fee is 43174."
Anna University,Facilities,What are the library timings for Anna University?,The library timings for Anna University are 8:00 AM to 8:00 PM.
Anna University,Academics,What is the attendance rule at Anna University?,The attendance rule at Anna University is Minimum 75% attendance mandatory.
Awadhesh Pratap Singh University,Fees,What is the tuition fee for Awadhesh Pratap Singh University?,The tuition fee for Awadhesh Pratap Singh University is 145388 per semester.
Awadhesh Pratap Singh University,Placements,What is the highest placement package at Awadhesh Pratap Singh University?,The highest placement package at Awadhesh Pratap Singh University is 26.8 Lakh Per Annum.
Awadhesh Pratap Singh University,Facilities,Does Awadhesh Pratap Singh University have a hostel and what is the fee?,"Yes, Awadhesh Pratap Singh University has a hostel for both boys and girls. The fee is 78074 and the mess fee is 26772."
Awadhesh Pratap Singh University,Facilities,What are the library timings for Awadhesh Pratap Singh University?,The library timings for Awadhesh Pratap Singh University are 8:00 AM to 8:00 PM.
Awadhesh Pratap Singh University,Academics,What is the attendance rule at Awadhesh Pratap Singh University?,The attendance rule at Awadhesh Pratap Singh University is Minimum 75% attendance mandatory.
ARYA Institute of Engineering & Technology,Fees,What is the tuition fee for ARYA Institute of Engineering & Technology?,The tuition fee for ARYA Institute of Engineering & Technology is 101983 per semester.
ARYA Institute of Engineering & Technology,Placements,What is the highest placement package at ARYA Institute of Engineering & Technology?,The highest placement package at ARYA Institute of Engineering & Technology is 18.6 Lakh Per Annum.
ARYA Institute of Engineering & Technology,Facilities,Does ARYA Institute of Engineering & Technology have a hostel and what is the fee?,"Yes, ARYA Institute of Engineering & Technology has a hostel for both boys and girls. The fee is 52392 and the mess fee is 34163."
ARYA Institute of Engineering & Technology,Facilities,What are the library timings for ARYA Institute of Engineering & Technology?,The library timings for ARYA Institute of Engineering & Technology are 8:00 AM to 8:00 PM.
ARYA Institute of Engineering & Technology,Academics,What is the attendance rule at ARYA Institute of Engineering & Technology?,The attendance rule at ARYA Institute of Engineering & Technology is Minimum 75% attendance mandatory.
Assam University,Fees,What is the tuition fee for Assam University?,The tuition fee for Assam University is 69985 per semester.
Assam University,Placements,What is the highest placement package at Assam University?,The highest placement package at Assam University is 28.2 Lakh Per Annum.
Assam University,Facilities,Does Assam University have a hostel and what is the fee?,"Yes, Assam University has a hostel for both boys and girls. The fee is 75397 and the mess fee is 38154."
Assam University,Facilities,What are the library timings for Assam University?,The library timings for Assam University are 8:00 AM to 8:00 PM.
Assam University,Academics,What is the attendance rule at Assam University?,The attendance rule at Assam University is Minimum 75% attendance mandatory.
Gujarat Ayurved University,Fees,What is the tuition fee for Gujarat Ayurved University?,The tuition fee for Gujarat Ayurved University is 45019 per semester.
Gujarat Ayurved University,Placements,What is the highest placement package at Gujarat Ayurved University?,The highest placement package at Gujarat Ayurved University is 38.4 Lakh Per Annum.
Gujarat Ayurved University,Facilities,Does Gujarat Ayurved University have a hostel and what is the fee?,"Yes, Gujarat Ayurved University has a hostel for both boys and girls. The fee is 54294 and the mess fee is 36571."
Gujarat Ayurved University,Facilities,What are the library timings for Gujarat Ayurved University?,The library timings for Gujarat Ayurved University are 8:00 AM to 8:00 PM.
Gujarat Ayurved University,Academics,What is the attendance rule at Gujarat Ayurved University?,The attendance rule at Gujarat Ayurved University is Minimum 75% attendance mandatory.
Dr. Babasaheb Ambedkar Marathwada Universtiy,Fees,What is the tuition fee for Dr. Babasaheb Ambedkar Marathwada Universtiy?,The tuition fee for Dr. Babasaheb Ambedkar Marathwada Universtiy is 132626 per semester.
Dr. Babasaheb Ambedkar Marathwada Universtiy,Placements,What is the highest placement package at Dr. Babasaheb Ambedkar Marathwada Universtiy?,The highest placement package at Dr. Babasaheb Ambedkar Marathwada Universtiy is 36.0 Lakh Per Annum.
Dr. Babasaheb Ambedkar Marathwada Universtiy,Facilities,Does Dr. Babasaheb Ambedkar Marathwada Universtiy have a hostel and what is the fee?,"Yes, Dr. Babasaheb Ambedkar Marathwada Universtiy has a hostel for both boys and girls. The fee is 57189 and the mess fee is 38233."
Dr. Babasaheb Ambedkar Marathwada Universtiy,Facilities,What are the library timings for Dr. Babasaheb Ambedkar Marathwada Universtiy?,The library timings for Dr. Babasaheb Ambedkar Marathwada Universtiy are 8:00 AM to 8:00 PM.
Dr. Babasaheb Ambedkar Marathwada Universtiy,Academics,What is the attendance rule at Dr. Babasaheb Ambedkar Marathwada Universtiy?,The attendance rule at Dr. Babasaheb Ambedkar Marathwada Universtiy is Minimum 75% attendance mandatory.
Berhampur University,Fees,What is the tuition fee for Berhampur University?,The tuition fee for Berhampur University is 133807 per semester.
Berhampur University,Placements,What is the highest placement package at Berhampur University?,The highest placement package at Berhampur University is 34.6 Lakh Per Annum.
Berhampur University,Facilities,Does Berhampur University have a hostel and what is the fee?,"Yes, Berhampur University has a hostel for both boys and girls. The fee is 70357 and the mess fee is 27250."
Berhampur University,Facilities,What are the library timings for Berhampur University?,The library timings for Berhampur University are 8:00 AM to 8:00 PM.
Berhampur University,Academics,What is the attendance rule at Berhampur University?,The attendance rule at Berhampur University is Minimum 75% attendance mandatory.
Banasthali University,Fees,What is the tuition fee for Banasthali University?,The tuition fee for Banasthali University is 47430 per semester.
Banasthali University,Placements,What is the highest placement package at Banasthali University?,The highest placement package at Banasthali University is 24.2 Lakh Per Annum.
Banasthali University,Facilities,Does Banasthali University have a hostel and what is the fee?,"Yes, Banasthali University has a hostel for both boys and girls. The fee is 54775 and the mess fee is 25569."
Banasthali University,Facilities,What are the library timings for Banasthali University?,The library timings for Banasthali University are 8:00 AM to 8:00 PM.
Banasthali University,Academics,What is the attendance rule at Banasthali University?,The attendance rule at Banasthali University is Minimum 75% attendance mandatory.
Bankura University,Fees,What is the tuition fee for Bankura University?,The tuition fee for Bankura University is 123120 per semester.
Bankura University,Placements,What is the highest placement package at Bankura University?,The highest placement package at Bankura University is 15.9 Lakh Per Annum.
Bankura University,Facilities,Does Bankura University have a hostel and what is the fee?,"Yes, Bankura University has a hostel for both boys and girls. The fee is 54269 and the mess fee is 36240."
Bankura University,Facilities,What are the library timings for Bankura University?,The library timings for Bankura University are 8:00 AM to 8:00 PM.
Bankura University,Academics,What is the attendance rule at Bankura University?,The attendance rule at Bankura University is Minimum 75% attendance mandatory.
Birsa Agricultural University,Fees,What is the tuition fee for Birsa Agricultural University?,The tuition fee for Birsa Agricultural University is 87385 per semester.
Birsa Agricultural University,Placements,What is the highest placement package at Birsa Agricultural University?,The highest placement package at Birsa Agricultural University is 23.8 Lakh Per Annum.
Birsa Agricultural University,Facilities,Does Birsa Agricultural University have a hostel and what is the fee?,"Yes, Birsa Agricultural University has a hostel for both boys and girls. The fee is 78133 and the mess fee is 25194."
Birsa Agricultural University,Facilities,What are the library timings for Birsa Agricultural University?,The library timings for Birsa Agricultural University are 8:00 AM to 8:00 PM.
Birsa Agricultural University,Academics,What is the attendance rule at Birsa Agricultural University?,The attendance rule at Birsa Agricultural University is Minimum 75% attendance mandatory.
Babasaheb Bhimrao Ambedkar University,Fees,What is the tuition fee for Babasaheb Bhimrao Ambedkar University?,The tuition fee for Babasaheb Bhimrao Ambedkar University is 120254 per semester.
Babasaheb Bhimrao Ambedkar University,Placements,What is the highest placement package at Babasaheb Bhimrao Ambedkar University?,The highest placement package at Babasaheb Bhimrao Ambedkar University is 29.6 Lakh Per Annum.
Babasaheb Bhimrao Ambedkar University,Facilities,Does Babasaheb Bhimrao Ambedkar University have a hostel and what is the fee?,"Yes, Babasaheb Bhimrao Ambedkar University has a hostel for both boys and girls. The fee is 79646 and the mess fee is 34239."
Babasaheb Bhimrao Ambedkar University,Facilities,What are the library timings for Babasaheb Bhimrao Ambedkar University?,The library timings for Babasaheb Bhimrao Ambedkar University are 8:00 AM to 8:00 PM.
Babasaheb Bhimrao Ambedkar University,Academics,What is the attendance rule at Babasaheb Bhimrao Ambedkar University?,The attendance rule at Babasaheb Bhimrao Ambedkar University is Minimum 75% attendance mandatory.
Bidhan Chandra Agricultural University,Fees,What is the tuition fee for Bidhan Chandra Agricultural University?,The tuition fee for Bidhan Chandra Agricultural University is 64706 per semester.
Bidhan Chandra Agricultural University,Placements,What is the highest placement package at Bidhan Chandra Agricultural University?,The highest placement package at Bidhan Chandra Agricultural University is 30.4 Lakh Per Annum.
Bidhan Chandra Agricultural University,Facilities,Does Bidhan Chandra Agricultural University have a hostel and what is the fee?,"Yes, Bidhan Chandra Agricultural University has a hostel for both boys and girls. The fee is 52529 and the mess fee is 29673."
Bidhan Chandra Agricultural University,Facilities,What are the library timings for Bidhan Chandra Agricultural University?,The library timings for Bidhan Chandra Agricultural University are 8:00 AM to 8:00 PM.
Bidhan Chandra Agricultural University,Academics,What is the attendance rule at Bidhan Chandra Agricultural University?,The attendance rule at Bidhan Chandra Agricultural University is Minimum 75% attendance mandatory.
Bharathidasan University,Fees,What is the tuition fee for Bharathidasan University?,The tuition fee for Bharathidasan University is 89812 per semester.
Bharathidasan University,Placements,What is the highest placement package at Bharathidasan University?,The highest placement package at Bharathidasan University is 40.9 Lakh Per Annum.
Bharathidasan University,Facilities,Does Bharathidasan University have a hostel and what is the fee?,"Yes, Bharathidasan University has a hostel for both boys and girls. The fee is 69304 and the mess fee is 37879."
Bharathidasan University,Facilities,What are the library timings for Bharathidasan University?,The library timings for Bharathidasan University are 8:00 AM to 8:00 PM.
Bharathidasan University,Academics,What is the attendance rule at Bharathidasan University?,The attendance rule at Bharathidasan University is Minimum 75% attendance mandatory.
Bengal Engineering College,Fees,What is the tuition fee for Bengal Engineering College?,The tuition fee for Bengal Engineering College is 118009 per semester.
Bengal Engineering College,Placements,What is the highest placement package at Bengal Engineering College?,The highest placement package at Bengal Engineering College is 31.0 Lakh Per Annum.
Bengal Engineering College,Facilities,Does Bengal Engineering College have a hostel and what is the fee?,"Yes, Bengal Engineering College has a hostel for both boys and girls. The fee is 70030 and the mess fee is 34692."
Bengal Engineering College,Facilities,What are the library timings for Bengal Engineering College?,The library timings for Bengal Engineering College are 8:00 AM to 8:00 PM.
Bengal Engineering College,Academics,What is the attendance rule at Bengal Engineering College?,The attendance rule at Bengal Engineering College is Minimum 75% attendance mandatory.
Bangalore University,Fees,What is the tuition fee for Bangalore University?,The tuition fee for Bangalore University is 82090 per semester.
Bangalore University,Placements,What is the highest placement package at Bangalore University?,The highest placement package at Bangalore University is 21.5 Lakh Per Annum.
Bangalore University,Facilities,Does Bangalore University have a hostel and what is the fee?,"Yes, Bangalore University has a hostel for both boys and girls. The fee is 74052 and the mess fee is 30802."
Bangalore University,Facilities,What are the library timings for Bangalore University?,The library timings for Bangalore University are 8:00 AM to 8:00 PM.
Bangalore University,Academics,What is the attendance rule at Bangalore University?,The attendance rule at Bangalore University is Minimum 75% attendance mandatory.
Bhagwant University,Fees,What is the tuition fee for Bhagwant University?,The tuition fee for Bhagwant University is 74235 per semester.
Bhagwant University,Placements,What is the highest placement package at Bhagwant University?,The highest placement package at Bhagwant University is 21.1 Lakh Per Annum.
Bhagwant University,Facilities,Does Bhagwant University have a hostel and what is the fee?,"Yes, Bhagwant University has a hostel for both boys and girls. The fee is 53264 and the mess fee is 34865."
Bhagwant University,Facilities,What are the library timings for Bhagwant University?,The library timings for Bhagwant University are 8:00 AM to 8:00 PM.
Bhagwant University,Academics,What is the attendance rule at Bhagwant University?,The attendance rule at Bhagwant University is Minimum 75% attendance mandatory.
Bharathiar University,Fees,What is the tuition fee for Bharathiar University?,The tuition fee for Bharathiar University is 69169 per semester.
Bharathiar University,Placements,What is the highest placement package at Bharathiar University?,The highest placement package at Bharathiar University is 25.2 Lakh Per Annum.
Bharathiar University,Facilities,Does Bharathiar University have a hostel and what is the fee?,"Yes, Bharathiar University has a hostel for both boys and girls. The fee is 49168 and the mess fee is 38665."
Bharathiar University,Facilities,What are the library timings for Bharathiar University?,The library timings for Bharathiar University are 8:00 AM to 8:00 PM.
Bharathiar University,Academics,What is the attendance rule at Bharathiar University?,The attendance rule at Bharathiar University is Minimum 75% attendance mandatory.
Bharath Institue Of Higher Education & Research,Fees,What is the tuition fee for Bharath Institue Of Higher Education & Research?,The tuition fee for Bharath Institue Of Higher Education & Research is 70516 per semester.
Bharath Institue Of Higher Education & Research,Placements,What is the highest placement package at Bharath Institue Of Higher Education & Research?,The highest placement package at Bharath Institue Of Higher Education & Research is 32.0 Lakh Per Annum.
Bharath Institue Of Higher Education & Research,Facilities,Does Bharath Institue Of Higher Education & Research have a hostel and what is the fee?,"Yes, Bharath Institue Of Higher Education & Research has a hostel for both boys and girls. The fee is 57683 and the mess fee is 43982."
Bharath Institue Of Higher Education & Research,Facilities,What are the library timings for Bharath Institue Of Higher Education & Research?,The library timings for Bharath Institue Of Higher Education & Research are 8:00 AM to 8:00 PM.
Bharath Institue Of Higher Education & Research,Academics,What is the attendance rule at Bharath Institue Of Higher Education & Research?,The attendance rule at Bharath Institue Of Higher Education & Research is Minimum 75% attendance mandatory.
Bharati Vidyapeeth University,Fees,What is the tuition fee for Bharati Vidyapeeth University?,The tuition fee for Bharati Vidyapeeth University is 121602 per semester.
Bharati Vidyapeeth University,Placements,What is the highest placement package at Bharati Vidyapeeth University?,The highest placement package at Bharati Vidyapeeth University is 20.2 Lakh Per Annum.
Bharati Vidyapeeth University,Facilities,Does Bharati Vidyapeeth University have a hostel and what is the fee?,"Yes, Bharati Vidyapeeth University has a hostel for both boys and girls. The fee is 56780 and the mess fee is 30534."
Bharati Vidyapeeth University,Facilities,What are the library timings for Bharati Vidyapeeth University?,The library timings for Bharati Vidyapeeth University are 8:00 AM to 8:00 PM.
Bharati Vidyapeeth University,Academics,What is the attendance rule at Bharati Vidyapeeth University?,The attendance rule at Bharati Vidyapeeth University is Minimum 75% attendance mandatory.
Bhavnagar University,Fees,What is the tuition fee for Bhavnagar University?,The tuition fee for Bhavnagar University is 47547 per semester.
Bhavnagar University,Placements,What is the highest placement package at Bhavnagar University?,The highest placement package at Bhavnagar University is 27.2 Lakh Per Annum.
Bhavnagar University,Facilities,Does Bhavnagar University have a hostel and what is the fee?,"Yes, Bhavnagar University has a hostel for both boys and girls. The fee is 81344 and the mess fee is 42436."
Bhavnagar University,Facilities,What are the library timings for Bhavnagar University?,The library timings for Bhavnagar University are 8:00 AM to 8:00 PM.
Bhavnagar University,Academics,What is the attendance rule at Bhavnagar University?,The attendance rule at Bhavnagar University is Minimum 75% attendance mandatory.
Banaras Hindu University,Fees,What is the tuition fee for Banaras Hindu University?,The tuition fee for Banaras Hindu University is 146304 per semester.
Banaras Hindu University,Placements,What is the highest placement package at Banaras Hindu University?,The highest placement package at Banaras Hindu University is 40.9 Lakh Per Annum.
Banaras Hindu University,Facilities,Does Banaras Hindu University have a hostel and what is the fee?,"Yes, Banaras Hindu University has a hostel for both boys and girls. The fee is 48169 and the mess fee is 30341."
Banaras Hindu University,Facilities,What are the library timings for Banaras Hindu University?,The library timings for Banaras Hindu University are 8:00 AM to 8:00 PM.
Banaras Hindu University,Academics,What is the attendance rule at Banaras Hindu University?,The attendance rule at Banaras Hindu University is Minimum 75% attendance mandatory.
Orissa University of Agriculture and Technology,Fees,What is the tuition fee for Orissa University of Agriculture and Technology?,The tuition fee for Orissa University of Agriculture and Technology is 148156 per semester.
Orissa University of Agriculture and Technology,Placements,What is the highest placement package at Orissa University of Agriculture and Technology?,The highest placement package at Orissa University of Agriculture and Technology is 30.3 Lakh Per Annum.
Orissa University of Agriculture and Technology,Facilities,Does Orissa University of Agriculture and Technology have a hostel and what is the fee?,"Yes, Orissa University of Agriculture and Technology has a hostel for both boys and girls. The fee is 70548 and the mess fee is 26165."
Orissa University of Agriculture and Technology,Facilities,What are the library timings for Orissa University of Agriculture and Technology?,The library timings for Orissa University of Agriculture and Technology are 8:00 AM to 8:00 PM.
Orissa University of Agriculture and Technology,Academics,What is the attendance rule at Orissa University of Agriculture and Technology?,The attendance rule at Orissa University of Agriculture and Technology is Minimum 75% attendance mandatory.
"Birla Institute of Technology, Ranchi",Fees,"What is the tuition fee for Birla Institute of Technology, Ranchi?","The tuition fee for Birla Institute of Technology, Ranchi is 99646 per semester."
"Birla Institute of Technology, Ranchi",Placements,"What is the highest placement package at Birla Institute of Technology, Ranchi?","The highest placement package at Birla Institute of Technology, Ranchi is 35.7 Lakh Per Annum."
"Birla Institute of Technology, Ranchi",Facilities,"Does Birla Institute of Technology, Ranchi have a hostel and what is the fee?","Yes, Birla Institute of Technology, Ranchi has a hostel for both boys and girls. The fee is 64045 and the mess fee is 36352."
"Birla Institute of Technology, Ranchi",Facilities,"What are the library timings for Birla Institute of Technology, Ranchi?","The library timings for Birla Institute of Technology, Ranchi are 8:00 AM to 8:00 PM."
"Birla Institute of Technology, Ranchi",Academics,"What is the attendance rule at Birla Institute of Technology, Ranchi?","The attendance rule at Birla Institute of Technology, Ranchi is Minimum 75% attendance mandatory."
Birla Institute of Technology and Science,Fees,What is the tuition fee for Birla Institute of Technology and Science?,The tuition fee for Birla Institute of Technology and Science is 52447 per semester.
Birla Institute of Technology and Science,Placements,What is the highest placement package at Birla Institute of Technology and Science?,The highest placement package at Birla Institute of Technology and Science is 30.3 Lakh Per Annum.
Birla Institute of Technology and Science,Facilities,Does Birla Institute of Technology and Science have a hostel and what is the fee?,"Yes, Birla Institute of Technology and Science has a hostel for both boys and girls. The fee is 82228 and the mess fee is 33984."
Birla Institute of Technology and Science,Facilities,What are the library timings for Birla Institute of Technology and Science?,The library timings for Birla Institute of Technology and Science are 8:00 AM to 8:00 PM.
Birla Institute of Technology and Science,Academics,What is the attendance rule at Birla Institute of Technology and Science?,The attendance rule at Birla Institute of Technology and Science is Minimum 75% attendance mandatory.
Bhupendra Narayan Mandal University,Fees,What is the tuition fee for Bhupendra Narayan Mandal University?,The tuition fee for Bhupendra Narayan Mandal University is 53036 per semester.
Bhupendra Narayan Mandal University,Placements,What is the highest placement package at Bhupendra Narayan Mandal University?,The highest placement package at Bhupendra Narayan Mandal University is 42.6 Lakh Per Annum.
Bhupendra Narayan Mandal University,Facilities,Does Bhupendra Narayan Mandal University have a hostel and what is the fee?,"Yes, Bhupendra Narayan Mandal University has a hostel for both boys and girls. The fee is 47049 and the mess fee is 37104."
Bhupendra Narayan Mandal University,Facilities,What are the library timings for Bhupendra Narayan Mandal University?,The library timings for Bhupendra Narayan Mandal University are 8:00 AM to 8:00 PM.
Bhupendra Narayan Mandal University,Academics,What is the attendance rule at Bhupendra Narayan Mandal University?,The attendance rule at Bhupendra Narayan Mandal University is Minimum 75% attendance mandatory.
Biju Pattnaik University of Technology,Fees,What is the tuition fee for Biju Pattnaik University of Technology?,The tuition fee for Biju Pattnaik University of Technology is 147853 per semester.
Biju Pattnaik University of Technology,Placements,What is the highest placement package at Biju Pattnaik University of Technology?,The highest placement package at Biju Pattnaik University of Technology is 20.3 Lakh Per Annum.
Biju Pattnaik University of Technology,Facilities,Does Biju Pattnaik University of Technology have a hostel and what is the fee?,"Yes, Biju Pattnaik University of Technology has a hostel for both boys and girls. The fee is 46078 and the mess fee is 37333."
Biju Pattnaik University of Technology,Facilities,What are the library timings for Biju Pattnaik University of Technology?,The library timings for Biju Pattnaik University of Technology are 8:00 AM to 8:00 PM.
Biju Pattnaik University of Technology,Academics,What is the attendance rule at Biju Pattnaik University of Technology?,The attendance rule at Biju Pattnaik University of Technology is Minimum 75% attendance mandatory.
B. R. Ambedkar Bihar University,Fees,What is the tuition fee for B. R. Ambedkar Bihar University?,The tuition fee for B. R. Ambedkar Bihar University is 112239 per semester.
B. R. Ambedkar Bihar University,Placements,What is the highest placement package at B. R. Ambedkar Bihar University?,The highest placement package at B. R. Ambedkar Bihar University is 24.1 Lakh Per Annum.
B. R. Ambedkar Bihar University,Facilities,Does B. R. Ambedkar Bihar University have a hostel and what is the fee?,"Yes, B. R. Ambedkar Bihar University has a hostel for both boys and girls. The fee is 66848 and the mess fee is 44307."
B. R. Ambedkar Bihar University,Facilities,What are the library timings for B. R. Ambedkar Bihar University?,The library timings for B. R. Ambedkar Bihar University are 8:00 AM to 8:00 PM.
B. R. Ambedkar Bihar University,Academics,What is the attendance rule at B. R. Ambedkar Bihar University?,The attendance rule at B. R. Ambedkar Bihar University is Minimum 75% attendance mandatory.
Dr. B.R. Ambedkar Open University,Fees,What is the tuition fee for Dr. B.R. Ambedkar Open University?,The tuition fee for Dr. B.R. Ambedkar Open University is 147005 per semester.
Dr. B.R. Ambedkar Open University,Placements,What is the highest placement package at Dr. B.R. Ambedkar Open University?,The highest placement package at Dr. B.R. Ambedkar Open University is 24.6 Lakh Per Annum.
Dr. B.R. Ambedkar Open University,Facilities,Does Dr. B.R. Ambedkar Open University have a hostel and what is the fee?,"Yes, Dr. B.R. Ambedkar Open University has a hostel for both boys and girls. The fee is 50453 and the mess fee is 26629."
Dr. B.R. Ambedkar Open University,Facilities,What are the library timings for Dr. B.R. Ambedkar Open University?,The library timings for Dr. B.R. Ambedkar Open University are 8:00 AM to 8:00 PM.
Dr. B.R. Ambedkar Open University,Academics,What is the attendance rule at Dr. B.R. Ambedkar Open University?,The attendance rule at Dr. B.R. Ambedkar Open University is Minimum 75% attendance mandatory.
Dr. B. R. Ambedkar National Institute of Technology Jalandhar,Fees,What is the tuition fee for Dr. B. R. Ambedkar National Institute of Technology Jalandhar?,The tuition fee for Dr. B. R. Ambedkar National Institute of Technology Jalandhar is 122646 per semester.
Dr. B. R. Ambedkar National Institute of Technology Jalandhar,Placements,What is the highest placement package at Dr. B. R. Ambedkar National Institute of Technology Jalandhar?,The highest placement package at Dr. B. R. Ambedkar National Institute of Technology Jalandhar is 26.9 Lakh Per Annum.
Dr. B. R. Ambedkar National Institute of Technology Jalandhar,Facilities,Does Dr. B. R. Ambedkar National Institute of Technology Jalandhar have a hostel and what is the fee?,"Yes, Dr. B. R. Ambedkar National Institute of Technology Jalandhar has a hostel for both boys and girls. The fee is 77613 and the mess fee is 29760."
Dr. B. R. Ambedkar National Institute of Technology Jalandhar,Facilities,What are the library timings for Dr. B. R. Ambedkar National Institute of Technology Jalandhar?,The library timings for Dr. B. R. Ambedkar National Institute of Technology Jalandhar are 8:00 AM to 8:00 PM.
Dr. B. R. Ambedkar National Institute of Technology Jalandhar,Academics,What is the attendance rule at Dr. B. R. Ambedkar National Institute of Technology Jalandhar?,The attendance rule at Dr. B. R. Ambedkar National Institute of Technology Jalandhar is Minimum 75% attendance mandatory.
Dr. Bhim Rao Abdekar University,Fees,What is the tuition fee for Dr. Bhim Rao Abdekar University?,The tuition fee for Dr. Bhim Rao Abdekar University is 98425 per semester.
Dr. Bhim Rao Abdekar University,Placements,What is the highest placement package at Dr. Bhim Rao Abdekar University?,The highest placement package at Dr. Bhim Rao Abdekar University is 18.1 Lakh Per Annum.
Dr. Bhim Rao Abdekar University,Facilities,Does Dr. Bhim Rao Abdekar University have a hostel and what is the fee?,"Yes, Dr. Bhim Rao Abdekar University has a hostel for both boys and girls. The fee is 45896 and the mess fee is 31050."
Dr. Bhim Rao Abdekar University,Facilities,What are the library timings for Dr. Bhim Rao Abdekar University?,The library timings for Dr. Bhim Rao Abdekar University are 8:00 AM to 8:00 PM.
Dr. Bhim Rao Abdekar University,Academics,What is the attendance rule at Dr. Bhim Rao Abdekar University?,The attendance rule at Dr. Bhim Rao Abdekar University is Minimum 75% attendance mandatory.
B. S. Abdur Rahman University,Fees,What is the tuition fee for B. S. Abdur Rahman University?,The tuition fee for B. S. Abdur Rahman University is 55674 per semester.
B. S. Abdur Rahman University,Placements,What is the highest placement package at B. S. Abdur Rahman University?,The highest placement package at B. S. Abdur Rahman University is 16.2 Lakh Per Annum.
B. S. Abdur Rahman University,Facilities,Does B. S. Abdur Rahman University have a hostel and what is the fee?,"Yes, B. S. Abdur Rahman University has a hostel for both boys and girls. The fee is 73014 and the mess fee is 36783."
B. S. Abdur Rahman University,Facilities,What are the library timings for B. S. Abdur Rahman University?,The library timings for B. S. Abdur Rahman University are 8:00 AM to 8:00 PM.
B. S. Abdur Rahman University,Academics,What is the attendance rule at B. S. Abdur Rahman University?,The attendance rule at B. S. Abdur Rahman University is Minimum 75% attendance mandatory.
Barkatullah University,Fees,What is the tuition fee for Barkatullah University?,The tuition fee for Barkatullah University is 139308 per semester.
Barkatullah University,Placements,What is the highest placement package at Barkatullah University?,The highest placement package at Barkatullah University is 30.6 Lakh Per Annum.
Barkatullah University,Facilities,Does Barkatullah University have a hostel and what is the fee?,"Yes, Barkatullah University has a hostel for both boys and girls. The fee is 48460 and the mess fee is 25704."
Barkatullah University,Facilities,What are the library timings for Barkatullah University?,The library timings for Barkatullah University are 8:00 AM to 8:00 PM.
Barkatullah University,Academics,What is the attendance rule at Barkatullah University?,The attendance rule at Barkatullah University is Minimum 75% attendance mandatory.
VIT Bhopal,Fees,What is the tuition fee for VIT Bhopal?,The tuition fee for VIT Bhopal is 83229 per semester.
VIT Bhopal,Placements,What is the highest placement package at VIT Bhopal?,The highest placement package at VIT Bhopal is 20.7 Lakh Per Annum.
VIT Bhopal,Facilities,Does VIT Bhopal have a hostel and what is the fee?,"Yes, VIT Bhopal has a hostel for both boys and girls. The fee is 65520 and the mess fee is 44837."
VIT Bhopal,Facilities,What are the library timings for VIT Bhopal?,The library timings for VIT Bhopal are 8:00 AM to 8:00 PM.
VIT Bhopal,Academics,What is the attendance rule at VIT Bhopal?,The attendance rule at VIT Bhopal is Minimum 75% attendance mandatory.
Bundelkhand University,Fees,What is the tuition fee for Bundelkhand University?,The tuition fee for Bundelkhand University is 50042 per semester.
Bundelkhand University,Placements,What is the highest placement package at Bundelkhand University?,The highest placement package at Bundelkhand University is 15.5 Lakh Per Annum.
Bundelkhand University,Facilities,Does Bundelkhand University have a hostel and what is the fee?,"Yes, Bundelkhand University has a hostel for both boys and girls. The fee is 82416 and the mess fee is 25655."
Bundelkhand University,Facilities,What are the library timings for Bundelkhand University?,The library timings for Bundelkhand University are 8:00 AM to 8:00 PM.
Bundelkhand University,Academics,What is the attendance rule at Bundelkhand University?,The attendance rule at Bundelkhand University is Minimum 75% attendance mandatory.
University of Burdwan,Fees,What is the tuition fee for University of Burdwan?,The tuition fee for University of Burdwan is 94554 per semester.
University of Burdwan,Placements,What is the highest placement package at University of Burdwan?,The highest placement package at University of Burdwan is 37.6 Lakh Per Annum.
University of Burdwan,Facilities,Does University of Burdwan have a hostel and what is the fee?,"Yes, University of Burdwan has a hostel for both boys and girls. The fee is 66473 and the mess fee is 33047."
University of Burdwan,Facilities,What are the library timings for University of Burdwan?,The library timings for University of Burdwan are 8:00 AM to 8:00 PM.
University of Burdwan,Academics,What is the attendance rule at University of Burdwan?,The attendance rule at University of Burdwan is Minimum 75% attendance mandatory.
University of Calcutta,Fees,What is the tuition fee for University of Calcutta?,The tuition fee for University of Calcutta is 122737 per semester.
University of Calcutta,Placements,What is the highest placement package at University of Calcutta?,The highest placement package at University of Calcutta is 15.6 Lakh Per Annum.
University of Calcutta,Facilities,Does University of Calcutta have a hostel and what is the fee?,"Yes, University of Calcutta has a hostel for both boys and girls. The fee is 58506 and the mess fee is 40816."
University of Calcutta,Facilities,What are the library timings for University of Calcutta?,The library timings for University of Calcutta are 8:00 AM to 8:00 PM.
University of Calcutta,Academics,What is the attendance rule at University of Calcutta?,The attendance rule at University of Calcutta is Minimum 75% attendance mandatory.
Central Agricultural University,Fees,What is the tuition fee for Central Agricultural University?,The tuition fee for Central Agricultural University is 60519 per semester.
Central Agricultural University,Placements,What is the highest placement package at Central Agricultural University?,The highest placement package at Central Agricultural University is 18.0 Lakh Per Annum.
Central Agricultural University,Facilities,Does Central Agricultural University have a hostel and what is the fee?,"Yes, Central Agricultural University has a hostel for both boys and girls. The fee is 50056 and the mess fee is 40990."
Central Agricultural University,Facilities,What are the library timings for Central Agricultural University?,The library timings for Central Agricultural University are 8:00 AM to 8:00 PM.
Central Agricultural University,Academics,What is the attendance rule at Central Agricultural University?,The attendance rule at Central Agricultural University is Minimum 75% attendance mandatory.
Chaudhary Charan Singh University,Fees,What is the tuition fee for Chaudhary Charan Singh University?,The tuition fee for Chaudhary Charan Singh University is 122913 per semester.
Chaudhary Charan Singh University,Placements,What is the highest placement package at Chaudhary Charan Singh University?,The highest placement package at Chaudhary Charan Singh University is 41.4 Lakh Per Annum.
Chaudhary Charan Singh University,Facilities,Does Chaudhary Charan Singh University have a hostel and what is the fee?,"Yes, Chaudhary Charan Singh University has a hostel for both boys and girls. The fee is 80051 and the mess fee is 26052."
Chaudhary Charan Singh University,Facilities,What are the library timings for Chaudhary Charan Singh University?,The library timings for Chaudhary Charan Singh University are 8:00 AM to 8:00 PM.
Chaudhary Charan Singh University,Academics,What is the attendance rule at Chaudhary Charan Singh University?,The attendance rule at Chaudhary Charan Singh University is Minimum 75% attendance mandatory.
Ch. Charan Singh University,Fees,What is the tuition fee for Ch. Charan Singh University?,The tuition fee for Ch. Charan Singh University is 126157 per semester.
Ch. Charan Singh University,Placements,What is the highest placement package at Ch. Charan Singh University?,The highest placement package at Ch. Charan Singh University is 32.7 Lakh Per Annum.
Ch. Charan Singh University,Facilities,Does Ch. Charan Singh University have a hostel and what is the fee?,"Yes, Ch. Charan Singh University has a hostel for both boys and girls. The fee is 62902 and the mess fee is 43538."
Ch. Charan Singh University,Facilities,What are the library timings for Ch. Charan Singh University?,The library timings for Ch. Charan Singh University are 8:00 AM to 8:00 PM.
Ch. Charan Singh University,Academics,What is the attendance rule at Ch. Charan Singh University?,The attendance rule at Ch. Charan Singh University is Minimum 75% attendance mandatory.
Center for Entrepreneurship and Small Business Management,Fees,What is the tuition fee for Center for Entrepreneurship and Small Business Management?,The tuition fee for Center for Entrepreneurship and Small Business Management is 117459 per semester.
Center for Entrepreneurship and Small Business Management,Placements,What is the highest placement package at Center for Entrepreneurship and Small Business Management?,The highest placement package at Center for Entrepreneurship and Small Business Management is 30.1 Lakh Per Annum.
Center for Entrepreneurship and Small Business Management,Facilities,Does Center for Entrepreneurship and Small Business Management have a hostel and what is the fee?,"Yes, Center for Entrepreneurship and Small Business Management has a hostel for both boys and girls. The fee is 77922 and the mess fee is 31873."
Center for Entrepreneurship and Small Business Management,Facilities,What are the library timings for Center for Entrepreneurship and Small Business Management?,The library timings for Center for Entrepreneurship and Small Business Management are 8:00 AM to 8:00 PM.
Center for Entrepreneurship and Small Business Management,Academics,What is the attendance rule at Center for Entrepreneurship and Small Business Management?,The attendance rule at Center for Entrepreneurship and Small Business Management is Minimum 75% attendance mandatory.
Christ University,Fees,What is the tuition fee for Christ University?,The tuition fee for Christ University is 87928 per semester.
Christ University,Placements,What is the highest placement package at Christ University?,The highest placement package at Christ University is 19.0 Lakh Per Annum.
Christ University,Facilities,Does Christ University have a hostel and what is the fee?,"Yes, Christ University has a hostel for both boys and girls. The fee is 68590 and the mess fee is 27286."
Christ University,Facilities,What are the library timings for Christ University?,The library timings for Christ University are 8:00 AM to 8:00 PM.
Christ University,Academics,What is the attendance rule at Christ University?,The attendance rule at Christ University is Minimum 75% attendance mandatory.
Central Institute of English and Foreign Languages,Fees,What is the tuition fee for Central Institute of English and Foreign Languages?,The tuition fee for Central Institute of English and Foreign Languages is 48852 per semester.
Central Institute of English and Foreign Languages,Placements,What is the highest placement package at Central Institute of English and Foreign Languages?,The highest placement package at Central Institute of English and Foreign Languages is 31.0 Lakh Per Annum.
Central Institute of English and Foreign Languages,Facilities,Does Central Institute of English and Foreign Languages have a hostel and what is the fee?,"Yes, Central Institute of English and Foreign Languages has a hostel for both boys and girls. The fee is 73454 and the mess fee is 39189."
Central Institute of English and Foreign Languages,Facilities,What are the library timings for Central Institute of English and Foreign Languages?,The library timings for Central Institute of English and Foreign Languages are 8:00 AM to 8:00 PM.
Central Institute of English and Foreign Languages,Academics,What is the attendance rule at Central Institute of English and Foreign Languages?,The attendance rule at Central Institute of English and Foreign Languages is Minimum 75% attendance mandatory.
Central Institute of Fisheries Education,Fees,What is the tuition fee for Central Institute of Fisheries Education?,The tuition fee for Central Institute of Fisheries Education is 55537 per semester.
Central Institute of Fisheries Education,Placements,What is the highest placement package at Central Institute of Fisheries Education?,The highest placement package at Central Institute of Fisheries Education is 30.9 Lakh Per Annum.
Central Institute of Fisheries Education,Facilities,Does Central Institute of Fisheries Education have a hostel and what is the fee?,"Yes, Central Institute of Fisheries Education has a hostel for both boys and girls. The fee is 74389 and the mess fee is 37825."
Central Institute of Fisheries Education,Facilities,What are the library timings for Central Institute of Fisheries Education?,The library timings for Central Institute of Fisheries Education are 8:00 AM to 8:00 PM.
Central Institute of Fisheries Education,Academics,What is the attendance rule at Central Institute of Fisheries Education?,The attendance rule at Central Institute of Fisheries Education is Minimum 75% attendance mandatory.
Central Institute of Higher Tibetan Studies,Fees,What is the tuition fee for Central Institute of Higher Tibetan Studies?,The tuition fee for Central Institute of Higher Tibetan Studies is 142853 per semester.
Central Institute of Higher Tibetan Studies,Placements,What is the highest placement package at Central Institute of Higher Tibetan Studies?,The highest placement package at Central Institute of Higher Tibetan Studies is 39.6 Lakh Per Annum.
Central Institute of Higher Tibetan Studies,Facilities,Does Central Institute of Higher Tibetan Studies have a hostel and what is the fee?,"Yes, Central Institute of Higher Tibetan Studies has a hostel for both boys and girls. The fee is 67585 and the mess fee is 38233."
Central Institute of Higher Tibetan Studies,Facilities,What are the library timings for Central Institute of Higher Tibetan Studies?,The library timings for Central Institute of Higher Tibetan Studies are 8:00 AM to 8:00 PM.
Central Institute of Higher Tibetan Studies,Academics,What is the attendance rule at Central Institute of Higher Tibetan Studies?,The attendance rule at Central Institute of Higher Tibetan Studies is Minimum 75% attendance mandatory.
CMJ University,Fees,What is the tuition fee for CMJ University?,The tuition fee for CMJ University is 106553 per semester.
CMJ University,Placements,What is the highest placement package at CMJ University?,The highest placement package at CMJ University is 33.7 Lakh Per Annum.
CMJ University,Facilities,Does CMJ University have a hostel and what is the fee?,"Yes, CMJ University has a hostel for both boys and girls. The fee is 79366 and the mess fee is 39896."
CMJ University,Facilities,What are the library timings for CMJ University?,The library timings for CMJ University are 8:00 AM to 8:00 PM.
CMJ University,Academics,What is the attendance rule at CMJ University?,The attendance rule at CMJ University is Minimum 75% attendance mandatory.
Chandra Shekhar Azad University of Agriculture and Technology,Fees,What is the tuition fee for Chandra Shekhar Azad University of Agriculture and Technology?,The tuition fee for Chandra Shekhar Azad University of Agriculture and Technology is 40745 per semester.
Chandra Shekhar Azad University of Agriculture and Technology,Placements,What is the highest placement package at Chandra Shekhar Azad University of Agriculture and Technology?,The highest placement package at Chandra Shekhar Azad University of Agriculture and Technology is 24.3 Lakh Per Annum.
Chandra Shekhar Azad University of Agriculture and Technology,Facilities,Does Chandra Shekhar Azad University of Agriculture and Technology have a hostel and what is the fee?,"Yes, Chandra Shekhar Azad University of Agriculture and Technology has a hostel for both boys and girls. The fee is 49370 and the mess fee is 43856."
Chandra Shekhar Azad University of Agriculture and Technology,Facilities,What are the library timings for Chandra Shekhar Azad University of Agriculture and Technology?,The library timings for Chandra Shekhar Azad University of Agriculture and Technology are 8:00 AM to 8:00 PM.
Chandra Shekhar Azad University of Agriculture and Technology,Academics,What is the attendance rule at Chandra Shekhar Azad University of Agriculture and Technology?,The attendance rule at Chandra Shekhar Azad University of Agriculture and Technology is Minimum 75% attendance mandatory.
Cochin University of Science and Technology,Fees,What is the tuition fee for Cochin University of Science and Technology?,The tuition fee for Cochin University of Science and Technology is 114880 per semester.
Cochin University of Science and Technology,Placements,What is the highest placement package at Cochin University of Science and Technology?,The highest placement package at Cochin University of Science and Technology is 27.8 Lakh Per Annum.
Cochin University of Science and Technology,Facilities,Does Cochin University of Science and Technology have a hostel and what is the fee?,"Yes, Cochin University of Science and Technology has a hostel for both boys and girls. The fee is 58330 and the mess fee is 39442."
Cochin University of Science and Technology,Facilities,What are the library timings for Cochin University of Science and Technology?,The library timings for Cochin University of Science and Technology are 8:00 AM to 8:00 PM.
Cochin University of Science and Technology,Academics,What is the attendance rule at Cochin University of Science and Technology?,The attendance rule at Cochin University of Science and Technology is Minimum 75% attendance mandatory.
Dr. C.V. Raman University,Fees,What is the tuition fee for Dr. C.V. Raman University?,The tuition fee for Dr. C.V. Raman University is 72819 per semester.
Dr. C.V. Raman University,Placements,What is the highest placement package at Dr. C.V. Raman University?,The highest placement package at Dr. C.V. Raman University is 19.4 Lakh Per Annum.
Dr. C.V. Raman University,Facilities,Does Dr. C.V. Raman University have a hostel and what is the fee?,"Yes, Dr. C.V. Raman University has a hostel for both boys and girls. The fee is 50546 and the mess fee is 28144."
Dr. C.V. Raman University,Facilities,What are the library timings for Dr. C.V. Raman University?,The library timings for Dr. C.V. Raman University are 8:00 AM to 8:00 PM.
Dr. C.V. Raman University,Academics,What is the attendance rule at Dr. C.V. Raman University?,The attendance rule at Dr. C.V. Raman University is Minimum 75% attendance mandatory.
Dhirubhai Ambani Institute of Information and Communication Technology,Fees,What is the tuition fee for Dhirubhai Ambani Institute of Information and Communication Technology?,The tuition fee for Dhirubhai Ambani Institute of Information and Communication Technology is 48551 per semester.
Dhirubhai Ambani Institute of Information and Communication Technology,Placements,What is the highest placement package at Dhirubhai Ambani Institute of Information and Communication Technology?,The highest placement package at Dhirubhai Ambani Institute of Information and Communication Technology is 41.5 Lakh Per Annum.
Dhirubhai Ambani Institute of Information and Communication Technology,Facilities,Does Dhirubhai Ambani Institute of Information and Communication Technology have a hostel and what is the fee?,"Yes, Dhirubhai Ambani Institute of Information and Communication Technology has a hostel for both boys and girls. The fee is 58718 and the mess fee is 44064."
Dhirubhai Ambani Institute of Information and Communication Technology,Facilities,What are the library timings for Dhirubhai Ambani Institute of Information and Communication Technology?,The library timings for Dhirubhai Ambani Institute of Information and Communication Technology are 8:00 AM to 8:00 PM.
Dhirubhai Ambani Institute of Information and Communication Technology,Academics,What is the attendance rule at Dhirubhai Ambani Institute of Information and Communication Technology?,The attendance rule at Dhirubhai Ambani Institute of Information and Communication Technology is Minimum 75% attendance mandatory.
Darul Huda Islamic University,Fees,What is the tuition fee for Darul Huda Islamic University?,The tuition fee for Darul Huda Islamic University is 140477 per semester.
Darul Huda Islamic University,Placements,What is the highest placement package at Darul Huda Islamic University?,The highest placement package at Darul Huda Islamic University is 43.2 Lakh Per Annum.
Darul Huda Islamic University,Facilities,Does Darul Huda Islamic University have a hostel and what is the fee?,"Yes, Darul Huda Islamic University has a hostel for both boys and girls. The fee is 58223 and the mess fee is 35850."
Darul Huda Islamic University,Facilities,What are the library timings for Darul Huda Islamic University?,The library timings for Darul Huda Islamic University are 8:00 AM to 8:00 PM.
Darul Huda Islamic University,Academics,What is the attendance rule at Darul Huda Islamic University?,The attendance rule at Darul Huda Islamic University is Minimum 75% attendance mandatory.
Dav University,Fees,What is the tuition fee for Dav University?,The tuition fee for Dav University is 2026 per semester.
Dav University,Placements,What is the highest placement package at Dav University?,The highest placement package at Dav University is 26.3 Lakh Per Annum.
Dav University,Facilities,Does Dav University have a hostel and what is the fee?,"Yes, Dav University has a hostel for both boys and girls. The fee is 2026 and the mess fee is 37324."
Dav University,Facilities,What are the library timings for Dav University?,The library timings for Dav University are 8:00 AM to 8:00 PM.
Dav University,Academics,What is the attendance rule at Dav University?,The attendance rule at Dav University is Minimum 75% attendance mandatory.
Devi Ahilya University of Indore,Fees,What is the tuition fee for Devi Ahilya University of Indore?,The tuition fee for Devi Ahilya University of Indore is 63455 per semester.
Devi Ahilya University of Indore,Placements,What is the highest placement package at Devi Ahilya University of Indore?,The highest placement package at Devi Ahilya University of Indore is 20.2 Lakh Per Annum.
Devi Ahilya University of Indore,Facilities,Does Devi Ahilya University of Indore have a hostel and what is the fee?,"Yes, Devi Ahilya University of Indore has a hostel for both boys and girls. The fee is 49255 and the mess fee is 37236."
Devi Ahilya University of Indore,Facilities,What are the library timings for Devi Ahilya University of Indore?,The library timings for Devi Ahilya University of Indore are 8:00 AM to 8:00 PM.
Devi Ahilya University of Indore,Academics,What is the attendance rule at Devi Ahilya University of Indore?,The attendance rule at Devi Ahilya University of Indore is Minimum 75% attendance mandatory.
Dr. Babasaheb Ambedkar Technological University,Fees,What is the tuition fee for Dr. Babasaheb Ambedkar Technological University?,The tuition fee for Dr. Babasaheb Ambedkar Technological University is 91154 per semester.
Dr. Babasaheb Ambedkar Technological University,Placements,What is the highest placement package at Dr. Babasaheb Ambedkar Technological University?,The highest placement package at Dr. Babasaheb Ambedkar Technological University is 23.3 Lakh Per Annum.
Dr. Babasaheb Ambedkar Technological University,Facilities,Does Dr. Babasaheb Ambedkar Technological University have a hostel and what is the fee?,"Yes, Dr. Babasaheb Ambedkar Technological University has a hostel for both boys and girls. The fee is 83093 and the mess fee is 40912."
Dr. Babasaheb Ambedkar Technological University,Facilities,What are the library timings for Dr. Babasaheb Ambedkar Technological University?,The library timings for Dr. Babasaheb Ambedkar Technological University are 8:00 AM to 8:00 PM.
Dr. Babasaheb Ambedkar Technological University,Academics,What is the attendance rule at Dr. Babasaheb Ambedkar Technological University?,The attendance rule at Dr. Babasaheb Ambedkar Technological University is Minimum 75% attendance mandatory.
Konkan Agricultural University,Fees,What is the tuition fee for Konkan Agricultural University?,The tuition fee for Konkan Agricultural University is 57227 per semester.
Konkan Agricultural University,Placements,What is the highest placement package at Konkan Agricultural University?,The highest placement package at Konkan Agricultural University is 43.4 Lakh Per Annum.
Konkan Agricultural University,Facilities,Does Konkan Agricultural University have a hostel and what is the fee?,"Yes, Konkan Agricultural University has a hostel for both boys and girls. The fee is 79612 and the mess fee is 25775."
Konkan Agricultural University,Facilities,What are the library timings for Konkan Agricultural University?,The library timings for Konkan Agricultural University are 8:00 AM to 8:00 PM.
Konkan Agricultural University,Academics,What is the attendance rule at Konkan Agricultural University?,The attendance rule at Konkan Agricultural University is Minimum 75% attendance mandatory.
Tamil Nadu Agricultural University,Fees,What is the tuition fee for Tamil Nadu Agricultural University?,The tuition fee for Tamil Nadu Agricultural University is 69744 per semester.
Tamil Nadu Agricultural University,Placements,What is the highest placement package at Tamil Nadu Agricultural University?,The highest placement package at Tamil Nadu Agricultural University is 19.5 Lakh Per Annum.
Tamil Nadu Agricultural University,Facilities,Does Tamil Nadu Agricultural University have a hostel and what is the fee?,"Yes, Tamil Nadu Agricultural University has a hostel for both boys and girls. The fee is 65360 and the mess fee is 25551."
Tamil Nadu Agricultural University,Facilities,What are the library timings for Tamil Nadu Agricultural University?,The library timings for Tamil Nadu Agricultural University are 8:00 AM to 8:00 PM.
Tamil Nadu Agricultural University,Academics,What is the attendance rule at Tamil Nadu Agricultural University?,The attendance rule at Tamil Nadu Agricultural University is Minimum 75% attendance mandatory.
Delhi College of Engineering (DCE),Fees,What is the tuition fee for Delhi College of Engineering (DCE)?,The tuition fee for Delhi College of Engineering (DCE) is 130969 per semester.
Delhi College of Engineering (DCE),Placements,What is the highest placement package at Delhi College of Engineering (DCE)?,The highest placement package at Delhi College of Engineering (DCE) is 22.7 Lakh Per Annum.
Delhi College of Engineering (DCE),Facilities,Does Delhi College of Engineering (DCE) have a hostel and what is the fee?,"Yes, Delhi College of Engineering (DCE) has a hostel for both boys and girls. The fee is 62635 and the mess fee is 39419."
Delhi College of Engineering (DCE),Facilities,What are the library timings for Delhi College of Engineering (DCE)?,The library timings for Delhi College of Engineering (DCE) are 8:00 AM to 8:00 PM.
Delhi College of Engineering (DCE),Academics,What is the attendance rule at Delhi College of Engineering (DCE)?,The attendance rule at Delhi College of Engineering (DCE) is Minimum 75% attendance mandatory.
Deen Dayal Upadhyay Gorakhpur University,Fees,What is the tuition fee for Deen Dayal Upadhyay Gorakhpur University?,The tuition fee for Deen Dayal Upadhyay Gorakhpur University is 81401 per semester.
Deen Dayal Upadhyay Gorakhpur University,Placements,What is the highest placement package at Deen Dayal Upadhyay Gorakhpur University?,The highest placement package at Deen Dayal Upadhyay Gorakhpur University is 19.9 Lakh Per Annum.
Deen Dayal Upadhyay Gorakhpur University,Facilities,Does Deen Dayal Upadhyay Gorakhpur University have a hostel and what is the fee?,"Yes, Deen Dayal Upadhyay Gorakhpur University has a hostel for both boys and girls. The fee is 49800 and the mess fee is 31209."
Deen Dayal Upadhyay Gorakhpur University,Facilities,What are the library timings for Deen Dayal Upadhyay Gorakhpur University?,The library timings for Deen Dayal Upadhyay Gorakhpur University are 8:00 AM to 8:00 PM.
Deen Dayal Upadhyay Gorakhpur University,Academics,What is the attendance rule at Deen Dayal Upadhyay Gorakhpur University?,The attendance rule at Deen Dayal Upadhyay Gorakhpur University is Minimum 75% attendance mandatory.
Deccan College Postgraduate and Research Institute,Fees,What is the tuition fee for Deccan College Postgraduate and Research Institute?,The tuition fee for Deccan College Postgraduate and Research Institute is 91746 per semester.
Deccan College Postgraduate and Research Institute,Placements,What is the highest placement package at Deccan College Postgraduate and Research Institute?,The highest placement package at Deccan College Postgraduate and Research Institute is 17.0 Lakh Per Annum.
Deccan College Postgraduate and Research Institute,Facilities,Does Deccan College Postgraduate and Research Institute have a hostel and what is the fee?,"Yes, Deccan College Postgraduate and Research Institute has a hostel for both boys and girls. The fee is 57277 and the mess fee is 27015."
Deccan College Postgraduate and Research Institute,Facilities,What are the library timings for Deccan College Postgraduate and Research Institute?,The library timings for Deccan College Postgraduate and Research Institute are 8:00 AM to 8:00 PM.
Deccan College Postgraduate and Research Institute,Academics,What is the attendance rule at Deccan College Postgraduate and Research Institute?,The attendance rule at Deccan College Postgraduate and Research Institute is Minimum 75% attendance mandatory.
COEP Technological University,Fees,What is the tuition fee for COEP Technological University?,The tuition fee for COEP Technological University is 143972 per semester.
COEP Technological University,Placements,What is the highest placement package at COEP Technological University?,The highest placement package at COEP Technological University is 34.0 Lakh Per Annum.
COEP Technological University,Facilities,Does COEP Technological University have a hostel and what is the fee?,"Yes, COEP Technological University has a hostel for both boys and girls. The fee is 57874 and the mess fee is 44623."
COEP Technological University,Facilities,What are the library timings for COEP Technological University?,The library timings for COEP Technological University are 8:00 AM to 8:00 PM.
COEP Technological University,Academics,What is the attendance rule at COEP Technological University?,The attendance rule at COEP Technological University is Minimum 75% attendance mandatory.
Dayalbagh Educational Institute,Fees,What is the tuition fee for Dayalbagh Educational Institute?,The tuition fee for Dayalbagh Educational Institute is 112362 per semester.
Dayalbagh Educational Institute,Placements,What is the highest placement package at Dayalbagh Educational Institute?,The highest placement package at Dayalbagh Educational Institute is 27.6 Lakh Per Annum.
Dayalbagh Educational Institute,Facilities,Does Dayalbagh Educational Institute have a hostel and what is the fee?,"Yes, Dayalbagh Educational Institute has a hostel for both boys and girls. The fee is 64280 and the mess fee is 30679."
Dayalbagh Educational Institute,Facilities,What are the library timings for Dayalbagh Educational Institute?,The library timings for Dayalbagh Educational Institute are 8:00 AM to 8:00 PM.
Dayalbagh Educational Institute,Academics,What is the attendance rule at Dayalbagh Educational Institute?,The attendance rule at Dayalbagh Educational Institute is Minimum 75% attendance mandatory.
Dibrugarh University,Fees,What is the tuition fee for Dibrugarh University?,The tuition fee for Dibrugarh University is 109944 per semester.
Dibrugarh University,Placements,What is the highest placement package at Dibrugarh University?,The highest placement package at Dibrugarh University is 31.5 Lakh Per Annum.
Dibrugarh University,Facilities,Does Dibrugarh University have a hostel and what is the fee?,"Yes, Dibrugarh University has a hostel for both boys and girls. The fee is 75408 and the mess fee is 27684."
Dibrugarh University,Facilities,What are the library timings for Dibrugarh University?,The library timings for Dibrugarh University are 8:00 AM to 8:00 PM.
Dibrugarh University,Academics,What is the attendance rule at Dibrugarh University?,The attendance rule at Dibrugarh University is Minimum 75% attendance mandatory.
Dravidian University,Fees,What is the tuition fee for Dravidian University?,The tuition fee for Dravidian University is 115874 per semester.
Dravidian University,Placements,What is the highest placement package at Dravidian University?,The highest placement package at Dravidian University is 29.8 Lakh Per Annum.
Dravidian University,Facilities,Does Dravidian University have a hostel and what is the fee?,"Yes, Dravidian University has a hostel for both boys and girls. The fee is 54529 and the mess fee is 34685."
Dravidian University,Facilities,What are the library timings for Dravidian University?,The library timings for Dravidian University are 8:00 AM to 8:00 PM.
Dravidian University,Academics,What is the attendance rule at Dravidian University?,The attendance rule at Dravidian University is Minimum 75% attendance mandatory.
University of Delhi,Fees,What is the tuition fee for University of Delhi?,The tuition fee for University of Delhi is 125610 per semester.
University of Delhi,Placements,What is the highest placement package at University of Delhi?,The highest placement package at University of Delhi is 35.2 Lakh Per Annum.
University of Delhi,Facilities,Does University of Delhi have a hostel and what is the fee?,"Yes, University of Delhi has a hostel for both boys and girls. The fee is 67843 and the mess fee is 37445."
University of Delhi,Facilities,What are the library timings for University of Delhi?,The library timings for University of Delhi are 8:00 AM to 8:00 PM.
University of Delhi,Academics,What is the attendance rule at University of Delhi?,The attendance rule at University of Delhi is Minimum 75% attendance mandatory.
Dr. D.Y. Patil University,Fees,What is the tuition fee for Dr. D.Y. Patil University?,The tuition fee for Dr. D.Y. Patil University is 62907 per semester.
Dr. D.Y. Patil University,Placements,What is the highest placement package at Dr. D.Y. Patil University?,The highest placement package at Dr. D.Y. Patil University is 18.3 Lakh Per Annum.
Dr. D.Y. Patil University,Facilities,Does Dr. D.Y. Patil University have a hostel and what is the fee?,"Yes, Dr. D.Y. Patil University has a hostel for both boys and girls. The fee is 49562 and the mess fee is 35973."
Dr. D.Y. Patil University,Facilities,What are the library timings for Dr. D.Y. Patil University?,The library timings for Dr. D.Y. Patil University are 8:00 AM to 8:00 PM.
Dr. D.Y. Patil University,Academics,What is the attendance rule at Dr. D.Y. Patil University?,The attendance rule at Dr. D.Y. Patil University is Minimum 75% attendance mandatory.
Eiilm University,Fees,What is the tuition fee for Eiilm University?,The tuition fee for Eiilm University is 77259 per semester.
Eiilm University,Placements,What is the highest placement package at Eiilm University?,The highest placement package at Eiilm University is 21.5 Lakh Per Annum.
Eiilm University,Facilities,Does Eiilm University have a hostel and what is the fee?,"Yes, Eiilm University has a hostel for both boys and girls. The fee is 52841 and the mess fee is 31400."
Eiilm University,Facilities,What are the library timings for Eiilm University?,The library timings for Eiilm University are 8:00 AM to 8:00 PM.
Eiilm University,Academics,What is the attendance rule at Eiilm University?,The attendance rule at Eiilm University is Minimum 75% attendance mandatory.
Fatima Mata National College,Fees,What is the tuition fee for Fatima Mata National College?,The tuition fee for Fatima Mata National College is 65661 per semester.
Fatima Mata National College,Placements,What is the highest placement package at Fatima Mata National College?,The highest placement package at Fatima Mata National College is 28.9 Lakh Per Annum.
Fatima Mata National College,Facilities,Does Fatima Mata National College have a hostel and what is the fee?,"Yes, Fatima Mata National College has a hostel for both boys and girls. The fee is 51922 and the mess fee is 37367."
Fatima Mata National College,Facilities,What are the library timings for Fatima Mata National College?,The library timings for Fatima Mata National College are 8:00 AM to 8:00 PM.
Fatima Mata National College,Academics,What is the attendance rule at Fatima Mata National College?,The attendance rule at Fatima Mata National College is Minimum 75% attendance mandatory.
Forest Research Institute Dehradun,Fees,What is the tuition fee for Forest Research Institute Dehradun?,The tuition fee for Forest Research Institute Dehradun is 109799 per semester.
Forest Research Institute Dehradun,Placements,What is the highest placement package at Forest Research Institute Dehradun?,The highest placement package at Forest Research Institute Dehradun is 35.7 Lakh Per Annum.
Forest Research Institute Dehradun,Facilities,Does Forest Research Institute Dehradun have a hostel and what is the fee?,"Yes, Forest Research Institute Dehradun has a hostel for both boys and girls. The fee is 59368 and the mess fee is 41772."
Forest Research Institute Dehradun,Facilities,What are the library timings for Forest Research Institute Dehradun?,The library timings for Forest Research Institute Dehradun are 8:00 AM to 8:00 PM.
Forest Research Institute Dehradun,Academics,What is the attendance rule at Forest Research Institute Dehradun?,The attendance rule at Forest Research Institute Dehradun is Minimum 75% attendance mandatory.
Govind Ballabh Pant University of Agriculture and Technology,Fees,What is the tuition fee for Govind Ballabh Pant University of Agriculture and Technology?,The tuition fee for Govind Ballabh Pant University of Agriculture and Technology is 2026 per semester.
Govind Ballabh Pant University of Agriculture and Technology,Placements,What is the highest placement package at Govind Ballabh Pant University of Agriculture and Technology?,The highest placement package at Govind Ballabh Pant University of Agriculture and Technology is 23.4 Lakh Per Annum.
Govind Ballabh Pant University of Agriculture and Technology,Facilities,Does Govind Ballabh Pant University of Agriculture and Technology have a hostel and what is the fee?,"Yes, Govind Ballabh Pant University of Agriculture and Technology has a hostel for both boys and girls. The fee is 83217 and the mess fee is 43469."
Govind Ballabh Pant University of Agriculture and Technology,Facilities,What are the library timings for Govind Ballabh Pant University of Agriculture and Technology?,The library timings for Govind Ballabh Pant University of Agriculture and Technology are 8:00 AM to 8:00 PM.
Govind Ballabh Pant University of Agriculture and Technology,Academics,What is the attendance rule at Govind Ballabh Pant University of Agriculture and Technology?,The attendance rule at Govind Ballabh Pant University of Agriculture and Technology is Minimum 75% attendance mandatory.
Guru Ghasidas University,Fees,What is the tuition fee for Guru Ghasidas University?,The tuition fee for Guru Ghasidas University is 118891 per semester.
Guru Ghasidas University,Placements,What is the highest placement package at Guru Ghasidas University?,The highest placement package at Guru Ghasidas University is 22.8 Lakh Per Annum.
Guru Ghasidas University,Facilities,Does Guru Ghasidas University have a hostel and what is the fee?,"Yes, Guru Ghasidas University has a hostel for both boys and girls. The fee is 64673 and the mess fee is 38398."
Guru Ghasidas University,Facilities,What are the library timings for Guru Ghasidas University?,The library timings for Guru Ghasidas University are 8:00 AM to 8:00 PM.
Guru Ghasidas University,Academics,What is the attendance rule at Guru Ghasidas University?,The attendance rule at Guru Ghasidas University is Minimum 75% attendance mandatory.
Gokhale Institute of Politics and Economics,Fees,What is the tuition fee for Gokhale Institute of Politics and Economics?,The tuition fee for Gokhale Institute of Politics and Economics is 96349 per semester.
Gokhale Institute of Politics and Economics,Placements,What is the highest placement package at Gokhale Institute of Politics and Economics?,The highest placement package at Gokhale Institute of Politics and Economics is 21.9 Lakh Per Annum.
Gokhale Institute of Politics and Economics,Facilities,Does Gokhale Institute of Politics and Economics have a hostel and what is the fee?,"Yes, Gokhale Institute of Politics and Economics has a hostel for both boys and girls. The fee is 46972 and the mess fee is 31201."
Gokhale Institute of Politics and Economics,Facilities,What are the library timings for Gokhale Institute of Politics and Economics?,The library timings for Gokhale Institute of Politics and Economics are 8:00 AM to 8:00 PM.
Gokhale Institute of Politics and Economics,Academics,What is the attendance rule at Gokhale Institute of Politics and Economics?,The attendance rule at Gokhale Institute of Politics and Economics is Minimum 75% attendance mandatory.
Gandhi Institute of Technology and Managment,Fees,What is the tuition fee for Gandhi Institute of Technology and Managment?,The tuition fee for Gandhi Institute of Technology and Managment is 113678 per semester.
Gandhi Institute of Technology and Managment,Placements,What is the highest placement package at Gandhi Institute of Technology and Managment?,The highest placement package at Gandhi Institute of Technology and Managment is 39.9 Lakh Per Annum.
Gandhi Institute of Technology and Managment,Facilities,Does Gandhi Institute of Technology and Managment have a hostel and what is the fee?,"Yes, Gandhi Institute of Technology and Managment has a hostel for both boys and girls. The fee is 75660 and the mess fee is 34461."
Gandhi Institute of Technology and Managment,Facilities,What are the library timings for Gandhi Institute of Technology and Managment?,The library timings for Gandhi Institute of Technology and Managment are 8:00 AM to 8:00 PM.
Gandhi Institute of Technology and Managment,Academics,What is the attendance rule at Gandhi Institute of Technology and Managment?,The attendance rule at Gandhi Institute of Technology and Managment is Minimum 75% attendance mandatory.
Guru Jambeshwar University,Fees,What is the tuition fee for Guru Jambeshwar University?,The tuition fee for Guru Jambeshwar University is 43571 per semester.
Guru Jambeshwar University,Placements,What is the highest placement package at Guru Jambeshwar University?,The highest placement package at Guru Jambeshwar University is 25.3 Lakh Per Annum.
Guru Jambeshwar University,Facilities,Does Guru Jambeshwar University have a hostel and what is the fee?,"Yes, Guru Jambeshwar University has a hostel for both boys and girls. The fee is 51052 and the mess fee is 32840."
Guru Jambeshwar University,Facilities,What are the library timings for Guru Jambeshwar University?,The library timings for Guru Jambeshwar University are 8:00 AM to 8:00 PM.
Guru Jambeshwar University,Academics,What is the attendance rule at Guru Jambeshwar University?,The attendance rule at Guru Jambeshwar University is Minimum 75% attendance mandatory.
Gurukula Kangri University,Fees,What is the tuition fee for Gurukula Kangri University?,The tuition fee for Gurukula Kangri University is 102386 per semester.
Gurukula Kangri University,Placements,What is the highest placement package at Gurukula Kangri University?,The highest placement package at Gurukula Kangri University is 34.0 Lakh Per Annum.
Gurukula Kangri University,Facilities,Does Gurukula Kangri University have a hostel and what is the fee?,"Yes, Gurukula Kangri University has a hostel for both boys and girls. The fee is 76684 and the mess fee is 29735."
Gurukula Kangri University,Facilities,What are the library timings for Gurukula Kangri University?,The library timings for Gurukula Kangri University are 8:00 AM to 8:00 PM.
Gurukula Kangri University,Academics,What is the attendance rule at Gurukula Kangri University?,The attendance rule at Gurukula Kangri University is Minimum 75% attendance mandatory.
Guru Nanak Dev University,Fees,What is the tuition fee for Guru Nanak Dev University?,The tuition fee for Guru Nanak Dev University is 135284 per semester.
Guru Nanak Dev University,Placements,What is the highest placement package at Guru Nanak Dev University?,The highest placement package at Guru Nanak Dev University is 22.4 Lakh Per Annum.
Guru Nanak Dev University,Facilities,Does Guru Nanak Dev University have a hostel and what is the fee?,"Yes, Guru Nanak Dev University has a hostel for both boys and girls. The fee is 52390 and the mess fee is 31202."
Guru Nanak Dev University,Facilities,What are the library timings for Guru Nanak Dev University?,The library timings for Guru Nanak Dev University are 8:00 AM to 8:00 PM.
Guru Nanak Dev University,Academics,What is the attendance rule at Guru Nanak Dev University?,The attendance rule at Guru Nanak Dev University is Minimum 75% attendance mandatory.
"Global Open University , Nagaland",Fees,"What is the tuition fee for Global Open University , Nagaland?","The tuition fee for Global Open University , Nagaland is 123602 per semester."
"Global Open University , Nagaland",Placements,"What is the highest placement package at Global Open University , Nagaland?","The highest placement package at Global Open University , Nagaland is 27.9 Lakh Per Annum."
"Global Open University , Nagaland",Facilities,"Does Global Open University , Nagaland have a hostel and what is the fee?","Yes, Global Open University , Nagaland has a hostel for both boys and girls. The fee is 78942 and the mess fee is 37382."
"Global Open University , Nagaland",Facilities,"What are the library timings for Global Open University , Nagaland?","The library timings for Global Open University , Nagaland are 8:00 AM to 8:00 PM."
"Global Open University , Nagaland",Academics,"What is the attendance rule at Global Open University , Nagaland?","The attendance rule at Global Open University , Nagaland is Minimum 75% attendance mandatory."
Gujarat Technological University Ahmedabad,Fees,What is the tuition fee for Gujarat Technological University Ahmedabad?,The tuition fee for Gujarat Technological University Ahmedabad is 74335 per semester.
Gujarat Technological University Ahmedabad,Placements,What is the highest placement package at Gujarat Technological University Ahmedabad?,The highest placement package at Gujarat Technological University Ahmedabad is 43.0 Lakh Per Annum.
Gujarat Technological University Ahmedabad,Facilities,Does Gujarat Technological University Ahmedabad have a hostel and what is the fee?,"Yes, Gujarat Technological University Ahmedabad has a hostel for both boys and girls. The fee is 63190 and the mess fee is 42510."
Gujarat Technological University Ahmedabad,Facilities,What are the library timings for Gujarat Technological University Ahmedabad?,The library timings for Gujarat Technological University Ahmedabad are 8:00 AM to 8:00 PM.
Gujarat Technological University Ahmedabad,Academics,What is the attendance rule at Gujarat Technological University Ahmedabad?,The attendance rule at Gujarat Technological University Ahmedabad is Minimum 75% attendance mandatory.
Gujarat University Ahmedabad,Fees,What is the tuition fee for Gujarat University Ahmedabad?,The tuition fee for Gujarat University Ahmedabad is 115283 per semester.
Gujarat University Ahmedabad,Placements,What is the highest placement package at Gujarat University Ahmedabad?,The highest placement package at Gujarat University Ahmedabad is 27.9 Lakh Per Annum.
Gujarat University Ahmedabad,Facilities,Does Gujarat University Ahmedabad have a hostel and what is the fee?,"Yes, Gujarat University Ahmedabad has a hostel for both boys and girls. The fee is 51319 and the mess fee is 39441."
Gujarat University Ahmedabad,Facilities,What are the library timings for Gujarat University Ahmedabad?,The library timings for Gujarat University Ahmedabad are 8:00 AM to 8:00 PM.
Gujarat University Ahmedabad,Academics,What is the attendance rule at Gujarat University Ahmedabad?,The attendance rule at Gujarat University Ahmedabad is Minimum 75% attendance mandatory.
Gulbarga University,Fees,What is the tuition fee for Gulbarga University?,The tuition fee for Gulbarga University is 50634 per semester.
Gulbarga University,Placements,What is the highest placement package at Gulbarga University?,The highest placement package at Gulbarga University is 35.2 Lakh Per Annum.
Gulbarga University,Facilities,Does Gulbarga University have a hostel and what is the fee?,"Yes, Gulbarga University has a hostel for both boys and girls. The fee is 72989 and the mess fee is 42515."
Gulbarga University,Facilities,What are the library timings for Gulbarga University?,The library timings for Gulbarga University are 8:00 AM to 8:00 PM.
Gulbarga University,Academics,What is the attendance rule at Gulbarga University?,The attendance rule at Gulbarga University is Minimum 75% attendance mandatory.
Gauhati University,Fees,What is the tuition fee for Gauhati University?,The tuition fee for Gauhati University is 95284 per semester.
Gauhati University,Placements,What is the highest placement package at Gauhati University?,The highest placement package at Gauhati University is 16.6 Lakh Per Annum.
Gauhati University,Facilities,Does Gauhati University have a hostel and what is the fee?,"Yes, Gauhati University has a hostel for both boys and girls. The fee is 45564 and the mess fee is 29069."
Gauhati University,Facilities,What are the library timings for Gauhati University?,The library timings for Gauhati University are 8:00 AM to 8:00 PM.
Gauhati University,Academics,What is the attendance rule at Gauhati University?,The attendance rule at Gauhati University is Minimum 75% attendance mandatory.
Gurukul University,Fees,What is the tuition fee for Gurukul University?,The tuition fee for Gurukul University is 144355 per semester.
Gurukul University,Placements,What is the highest placement package at Gurukul University?,The highest placement package at Gurukul University is 15.0 Lakh Per Annum.
Gurukul University,Facilities,Does Gurukul University have a hostel and what is the fee?,"Yes, Gurukul University has a hostel for both boys and girls. The fee is 80503 and the mess fee is 26048."
Gurukul University,Facilities,What are the library timings for Gurukul University?,The library timings for Gurukul University are 8:00 AM to 8:00 PM.
Gurukul University,Academics,What is the attendance rule at Gurukul University?,The attendance rule at Gurukul University is Minimum 75% attendance mandatory.
CCS Haryana Agricultural University,Fees,What is the tuition fee for CCS Haryana Agricultural University?,The tuition fee for CCS Haryana Agricultural University is 76623 per semester.
CCS Haryana Agricultural University,Placements,What is the highest placement package at CCS Haryana Agricultural University?,The highest placement package at CCS Haryana Agricultural University is 22.8 Lakh Per Annum.
CCS Haryana Agricultural University,Facilities,Does CCS Haryana Agricultural University have a hostel and what is the fee?,"Yes, CCS Haryana Agricultural University has a hostel for both boys and girls. The fee is 74365 and the mess fee is 42763."
CCS Haryana Agricultural University,Facilities,What are the library timings for CCS Haryana Agricultural University?,The library timings for CCS Haryana Agricultural University are 8:00 AM to 8:00 PM.
CCS Haryana Agricultural University,Academics,What is the attendance rule at CCS Haryana Agricultural University?,The attendance rule at CCS Haryana Agricultural University is Minimum 75% attendance mandatory.
Himachal Pradesh Agricultural University,Fees,What is the tuition fee for Himachal Pradesh Agricultural University?,The tuition fee for Himachal Pradesh Agricultural University is 71350 per semester.
Himachal Pradesh Agricultural University,Placements,What is the highest placement package at Himachal Pradesh Agricultural University?,The highest placement package at Himachal Pradesh Agricultural University is 22.7 Lakh Per Annum.
Himachal Pradesh Agricultural University,Facilities,Does Himachal Pradesh Agricultural University have a hostel and what is the fee?,"Yes, Himachal Pradesh Agricultural University has a hostel for both boys and girls. The fee is 70855 and the mess fee is 43833."
Himachal Pradesh Agricultural University,Facilities,What are the library timings for Himachal Pradesh Agricultural University?,The library timings for Himachal Pradesh Agricultural University are 8:00 AM to 8:00 PM.
Himachal Pradesh Agricultural University,Academics,What is the attendance rule at Himachal Pradesh Agricultural University?,The attendance rule at Himachal Pradesh Agricultural University is Minimum 75% attendance mandatory.
Hemwati Nandan Bahuguna Garhwal University,Fees,What is the tuition fee for Hemwati Nandan Bahuguna Garhwal University?,The tuition fee for Hemwati Nandan Bahuguna Garhwal University is 103441 per semester.
Hemwati Nandan Bahuguna Garhwal University,Placements,What is the highest placement package at Hemwati Nandan Bahuguna Garhwal University?,The highest placement package at Hemwati Nandan Bahuguna Garhwal University is 29.2 Lakh Per Annum.
Hemwati Nandan Bahuguna Garhwal University,Facilities,Does Hemwati Nandan Bahuguna Garhwal University have a hostel and what is the fee?,"Yes, Hemwati Nandan Bahuguna Garhwal University has a hostel for both boys and girls. The fee is 2026 and the mess fee is 25743."
Hemwati Nandan Bahuguna Garhwal University,Facilities,What are the library timings for Hemwati Nandan Bahuguna Garhwal University?,The library timings for Hemwati Nandan Bahuguna Garhwal University are 8:00 AM to 8:00 PM.
Hemwati Nandan Bahuguna Garhwal University,Academics,What is the attendance rule at Hemwati Nandan Bahuguna Garhwal University?,The attendance rule at Hemwati Nandan Bahuguna Garhwal University is Minimum 75% attendance mandatory.
"Hidayatullah National Law University, Raipur",Fees,"What is the tuition fee for Hidayatullah National Law University, Raipur?","The tuition fee for Hidayatullah National Law University, Raipur is 85079 per semester."
"Hidayatullah National Law University, Raipur",Placements,"What is the highest placement package at Hidayatullah National Law University, Raipur?","The highest placement package at Hidayatullah National Law University, Raipur is 26.6 Lakh Per Annum."
"Hidayatullah National Law University, Raipur",Facilities,"Does Hidayatullah National Law University, Raipur have a hostel and what is the fee?","Yes, Hidayatullah National Law University, Raipur has a hostel for both boys and girls. The fee is 50029 and the mess fee is 31517."
"Hidayatullah National Law University, Raipur",Facilities,"What are the library timings for Hidayatullah National Law University, Raipur?","The library timings for Hidayatullah National Law University, Raipur are 8:00 AM to 8:00 PM."
"Hidayatullah National Law University, Raipur",Academics,"What is the attendance rule at Hidayatullah National Law University, Raipur?","The attendance rule at Hidayatullah National Law University, Raipur is Minimum 75% attendance mandatory."
Sri Ramachardra Medical College and Research Institute,Fees,What is the tuition fee for Sri Ramachardra Medical College and Research Institute?,The tuition fee for Sri Ramachardra Medical College and Research Institute is 107760 per semester.
Sri Ramachardra Medical College and Research Institute,Placements,What is the highest placement package at Sri Ramachardra Medical College and Research Institute?,The highest placement package at Sri Ramachardra Medical College and Research Institute is 37.7 Lakh Per Annum.
Sri Ramachardra Medical College and Research Institute,Facilities,Does Sri Ramachardra Medical College and Research Institute have a hostel and what is the fee?,"Yes, Sri Ramachardra Medical College and Research Institute has a hostel for both boys and girls. The fee is 62291 and the mess fee is 42826."
Sri Ramachardra Medical College and Research Institute,Facilities,What are the library timings for Sri Ramachardra Medical College and Research Institute?,The library timings for Sri Ramachardra Medical College and Research Institute are 8:00 AM to 8:00 PM.
Sri Ramachardra Medical College and Research Institute,Academics,What is the attendance rule at Sri Ramachardra Medical College and Research Institute?,The attendance rule at Sri Ramachardra Medical College and Research Institute is Minimum 75% attendance mandatory.
Himachal Pradesh University,Fees,What is the tuition fee for Himachal Pradesh University?,The tuition fee for Himachal Pradesh University is 58040 per semester.
Himachal Pradesh University,Placements,What is the highest placement package at Himachal Pradesh University?,The highest placement package at Himachal Pradesh University is 36.7 Lakh Per Annum.
Himachal Pradesh University,Facilities,Does Himachal Pradesh University have a hostel and what is the fee?,"Yes, Himachal Pradesh University has a hostel for both boys and girls. The fee is 52841 and the mess fee is 43119."
Himachal Pradesh University,Facilities,What are the library timings for Himachal Pradesh University?,The library timings for Himachal Pradesh University are 8:00 AM to 8:00 PM.
Himachal Pradesh University,Academics,What is the attendance rule at Himachal Pradesh University?,The attendance rule at Himachal Pradesh University is Minimum 75% attendance mandatory.
Indian Agricultural Research Institute,Fees,What is the tuition fee for Indian Agricultural Research Institute?,The tuition fee for Indian Agricultural Research Institute is 132684 per semester.
Indian Agricultural Research Institute,Placements,What is the highest placement package at Indian Agricultural Research Institute?,The highest placement package at Indian Agricultural Research Institute is 31.0 Lakh Per Annum.
Indian Agricultural Research Institute,Facilities,Does Indian Agricultural Research Institute have a hostel and what is the fee?,"Yes, Indian Agricultural Research Institute has a hostel for both boys and girls. The fee is 73633 and the mess fee is 29589."
Indian Agricultural Research Institute,Facilities,What are the library timings for Indian Agricultural Research Institute?,The library timings for Indian Agricultural Research Institute are 8:00 AM to 8:00 PM.
Indian Agricultural Research Institute,Academics,What is the attendance rule at Indian Agricultural Research Institute?,The attendance rule at Indian Agricultural Research Institute is Minimum 75% attendance mandatory.
IASE (Institute of Advanced Studies) Deemed University,Fees,What is the tuition fee for IASE (Institute of Advanced Studies) Deemed University?,The tuition fee for IASE (Institute of Advanced Studies) Deemed University is 85944 per semester.
IASE (Institute of Advanced Studies) Deemed University,Placements,What is the highest placement package at IASE (Institute of Advanced Studies) Deemed University?,The highest placement package at IASE (Institute of Advanced Studies) Deemed University is 25.9 Lakh Per Annum.
IASE (Institute of Advanced Studies) Deemed University,Facilities,Does IASE (Institute of Advanced Studies) Deemed University have a hostel and what is the fee?,"Yes, IASE (Institute of Advanced Studies) Deemed University has a hostel for both boys and girls. The fee is 46161 and the mess fee is 39825."
IASE (Institute of Advanced Studies) Deemed University,Facilities,What are the library timings for IASE (Institute of Advanced Studies) Deemed University?,The library timings for IASE (Institute of Advanced Studies) Deemed University are 8:00 AM to 8:00 PM.
IASE (Institute of Advanced Studies) Deemed University,Academics,What is the attendance rule at IASE (Institute of Advanced Studies) Deemed University?,The attendance rule at IASE (Institute of Advanced Studies) Deemed University is Minimum 75% attendance mandatory.
ICFAI University,Fees,What is the tuition fee for ICFAI University?,The tuition fee for ICFAI University is 72773 per semester.
ICFAI University,Placements,What is the highest placement package at ICFAI University?,The highest placement package at ICFAI University is 44.3 Lakh Per Annum.
ICFAI University,Facilities,Does ICFAI University have a hostel and what is the fee?,"Yes, ICFAI University has a hostel for both boys and girls. The fee is 52432 and the mess fee is 27637."
ICFAI University,Facilities,What are the library timings for ICFAI University?,The library timings for ICFAI University are 8:00 AM to 8:00 PM.
ICFAI University,Academics,What is the attendance rule at ICFAI University?,The attendance rule at ICFAI University is Minimum 75% attendance mandatory.
"ICFAI University, Dehradun",Fees,"What is the tuition fee for ICFAI University, Dehradun?","The tuition fee for ICFAI University, Dehradun is 53839 per semester."
"ICFAI University, Dehradun",Placements,"What is the highest placement package at ICFAI University, Dehradun?","The highest placement package at ICFAI University, Dehradun is 42.7 Lakh Per Annum."
"ICFAI University, Dehradun",Facilities,"Does ICFAI University, Dehradun have a hostel and what is the fee?","Yes, ICFAI University, Dehradun has a hostel for both boys and girls. The fee is 81503 and the mess fee is 26573."
"ICFAI University, Dehradun",Facilities,"What are the library timings for ICFAI University, Dehradun?","The library timings for ICFAI University, Dehradun are 8:00 AM to 8:00 PM."
"ICFAI University, Dehradun",Academics,"What is the attendance rule at ICFAI University, Dehradun?","The attendance rule at ICFAI University, Dehradun is Minimum 75% attendance mandatory."
"ICFAI University, Tripura",Fees,"What is the tuition fee for ICFAI University, Tripura?","The tuition fee for ICFAI University, Tripura is 97859 per semester."
"ICFAI University, Tripura",Placements,"What is the highest placement package at ICFAI University, Tripura?","The highest placement package at ICFAI University, Tripura is 36.2 Lakh Per Annum."
"ICFAI University, Tripura",Facilities,"Does ICFAI University, Tripura have a hostel and what is the fee?","Yes, ICFAI University, Tripura has a hostel for both boys and girls. The fee is 53794 and the mess fee is 44371."
"ICFAI University, Tripura",Facilities,"What are the library timings for ICFAI University, Tripura?","The library timings for ICFAI University, Tripura are 8:00 AM to 8:00 PM."
"ICFAI University, Tripura",Academics,"What is the attendance rule at ICFAI University, Tripura?","The attendance rule at ICFAI University, Tripura is Minimum 75% attendance mandatory."
"ICFAI University, Sikkim",Fees,"What is the tuition fee for ICFAI University, Sikkim?","The tuition fee for ICFAI University, Sikkim is 52004 per semester."
"ICFAI University, Sikkim",Placements,"What is the highest placement package at ICFAI University, Sikkim?","The highest placement package at ICFAI University, Sikkim is 21.2 Lakh Per Annum."
"ICFAI University, Sikkim",Facilities,"Does ICFAI University, Sikkim have a hostel and what is the fee?","Yes, ICFAI University, Sikkim has a hostel for both boys and girls. The fee is 60127 and the mess fee is 44104."
"ICFAI University, Sikkim",Facilities,"What are the library timings for ICFAI University, Sikkim?","The library timings for ICFAI University, Sikkim are 8:00 AM to 8:00 PM."
"ICFAI University, Sikkim",Academics,"What is the attendance rule at ICFAI University, Sikkim?","The attendance rule at ICFAI University, Sikkim is Minimum 75% attendance mandatory."
"ICFAI University, Mizoram",Fees,"What is the tuition fee for ICFAI University, Mizoram?","The tuition fee for ICFAI University, Mizoram is 47977 per semester."
"ICFAI University, Mizoram",Placements,"What is the highest placement package at ICFAI University, Mizoram?","The highest placement package at ICFAI University, Mizoram is 9.32 Lakh Per Annum."
"ICFAI University, Mizoram",Facilities,"Does ICFAI University, Mizoram have a hostel and what is the fee?","Yes, ICFAI University, Mizoram has a hostel for both boys and girls. The fee is 68488 and the mess fee is 29466."
"ICFAI University, Mizoram",Facilities,"What are the library timings for ICFAI University, Mizoram?","The library timings for ICFAI University, Mizoram are 8:00 AM to 8:00 PM."
"ICFAI University, Mizoram",Academics,"What is the attendance rule at ICFAI University, Mizoram?","The attendance rule at ICFAI University, Mizoram is Minimum 75% attendance mandatory."
"ICFAI University, Meghalaya",Fees,"What is the tuition fee for ICFAI University, Meghalaya?","The tuition fee for ICFAI University, Meghalaya is 117398 per semester."
"ICFAI University, Meghalaya",Placements,"What is the highest placement package at ICFAI University, Meghalaya?","The highest placement package at ICFAI University, Meghalaya is 9.32 Lakh Per Annum."
"ICFAI University, Meghalaya",Facilities,"Does ICFAI University, Meghalaya have a hostel and what is the fee?","Yes, ICFAI University, Meghalaya has a hostel for both boys and girls. The fee is 72952 and the mess fee is 34735."
"ICFAI University, Meghalaya",Facilities,"What are the library timings for ICFAI University, Meghalaya?","The library timings for ICFAI University, Meghalaya are 8:00 AM to 8:00 PM."
"ICFAI University, Meghalaya",Academics,"What is the attendance rule at ICFAI University, Meghalaya?","The attendance rule at ICFAI University, Meghalaya is Minimum 75% attendance mandatory."
"ICFAI University, Jharkhand",Fees,"What is the tuition fee for ICFAI University, Jharkhand?","The tuition fee for ICFAI University, Jharkhand is 146711 per semester."
"ICFAI University, Jharkhand",Placements,"What is the highest placement package at ICFAI University, Jharkhand?","The highest placement package at ICFAI University, Jharkhand is 9.32 Lakh Per Annum."
"ICFAI University, Jharkhand",Facilities,"Does ICFAI University, Jharkhand have a hostel and what is the fee?","Yes, ICFAI University, Jharkhand has a hostel for both boys and girls. The fee is 71026 and the mess fee is 36051."
"ICFAI University, Jharkhand",Facilities,"What are the library timings for ICFAI University, Jharkhand?","The library timings for ICFAI University, Jharkhand are 8:00 AM to 8:00 PM."
"ICFAI University, Jharkhand",Academics,"What is the attendance rule at ICFAI University, Jharkhand?","The attendance rule at ICFAI University, Jharkhand is Minimum 75% attendance mandatory."
"ICFAI University, Nagaland",Fees,"What is the tuition fee for ICFAI University, Nagaland?","The tuition fee for ICFAI University, Nagaland is 144279 per semester."
"ICFAI University, Nagaland",Placements,"What is the highest placement package at ICFAI University, Nagaland?","The highest placement package at ICFAI University, Nagaland is 27.9 Lakh Per Annum."
"ICFAI University, Nagaland",Facilities,"Does ICFAI University, Nagaland have a hostel and what is the fee?","Yes, ICFAI University, Nagaland has a hostel for both boys and girls. The fee is 72375 and the mess fee is 31900."
"ICFAI University, Nagaland",Facilities,"What are the library timings for ICFAI University, Nagaland?","The library timings for ICFAI University, Nagaland are 8:00 AM to 8:00 PM."
"ICFAI University, Nagaland",Academics,"What is the attendance rule at ICFAI University, Nagaland?","The attendance rule at ICFAI University, Nagaland is Minimum 75% attendance mandatory."
"ICFAI University, Jaipur",Fees,"What is the tuition fee for ICFAI University, Jaipur?","The tuition fee for ICFAI University, Jaipur is 47494 per semester."
"ICFAI University, Jaipur",Placements,"What is the highest placement package at ICFAI University, Jaipur?","The highest placement package at ICFAI University, Jaipur is 18.3 Lakh Per Annum."
"ICFAI University, Jaipur",Facilities,"Does ICFAI University, Jaipur have a hostel and what is the fee?","Yes, ICFAI University, Jaipur has a hostel for both boys and girls. The fee is 68192 and the mess fee is 25923."
"ICFAI University, Jaipur",Facilities,"What are the library timings for ICFAI University, Jaipur?","The library timings for ICFAI University, Jaipur are 8:00 AM to 8:00 PM."
"ICFAI University, Jaipur",Academics,"What is the attendance rule at ICFAI University, Jaipur?","The attendance rule at ICFAI University, Jaipur is Minimum 75% attendance mandatory."
"ICFAI University, Raipur",Fees,"What is the tuition fee for ICFAI University, Raipur?","The tuition fee for ICFAI University, Raipur is 2021 per semester."
"ICFAI University, Raipur",Placements,"What is the highest placement package at ICFAI University, Raipur?","The highest placement package at ICFAI University, Raipur is 10 Lakh Per Annum."
"ICFAI University, Raipur",Facilities,"Does ICFAI University, Raipur have a hostel and what is the fee?","Yes, ICFAI University, Raipur has a hostel for both boys and girls. The fee is 73231 and the mess fee is 35304."
"ICFAI University, Raipur",Facilities,"What are the library timings for ICFAI University, Raipur?","The library timings for ICFAI University, Raipur are 8:00 AM to 8:00 PM."
"ICFAI University, Raipur",Academics,"What is the attendance rule at ICFAI University, Raipur?","The attendance rule at ICFAI University, Raipur is Minimum 75% attendance mandatory."
"ICFAI University, Himachal Pradesh",Fees,"What is the tuition fee for ICFAI University, Himachal Pradesh?","The tuition fee for ICFAI University, Himachal Pradesh is 132518 per semester."
"ICFAI University, Himachal Pradesh",Placements,"What is the highest placement package at ICFAI University, Himachal Pradesh?","The highest placement package at ICFAI University, Himachal Pradesh is 10.00 Lakh Per Annum."
"ICFAI University, Himachal Pradesh",Facilities,"Does ICFAI University, Himachal Pradesh have a hostel and what is the fee?","Yes, ICFAI University, Himachal Pradesh has a hostel for both boys and girls. The fee is 63697 and the mess fee is 29411."
"ICFAI University, Himachal Pradesh",Facilities,"What are the library timings for ICFAI University, Himachal Pradesh?","The library timings for ICFAI University, Himachal Pradesh are 8:00 AM to 8:00 PM."
"ICFAI University, Himachal Pradesh",Academics,"What is the attendance rule at ICFAI University, Himachal Pradesh?","The attendance rule at ICFAI University, Himachal Pradesh is Minimum 75% attendance mandatory."
"ICFAI University, Hyderabad",Fees,"What is the tuition fee for ICFAI University, Hyderabad?","The tuition fee for ICFAI University, Hyderabad is 71397 per semester."
"ICFAI University, Hyderabad",Placements,"What is the highest placement package at ICFAI University, Hyderabad?","The highest placement package at ICFAI University, Hyderabad is 21.00 Lakh Per Annum."
"ICFAI University, Hyderabad",Facilities,"Does ICFAI University, Hyderabad have a hostel and what is the fee?","Yes, ICFAI University, Hyderabad has a hostel for both boys and girls. The fee is 49096 and the mess fee is 25392."
"ICFAI University, Hyderabad",Facilities,"What are the library timings for ICFAI University, Hyderabad?","The library timings for ICFAI University, Hyderabad are 8:00 AM to 8:00 PM."
"ICFAI University, Hyderabad",Academics,"What is the attendance rule at ICFAI University, Hyderabad?","The attendance rule at ICFAI University, Hyderabad is Minimum 75% attendance mandatory."
Indira Gandhi Agricultural University,Fees,What is the tuition fee for Indira Gandhi Agricultural University?,The tuition fee for Indira Gandhi Agricultural University is 69136 per semester.
Indira Gandhi Agricultural University,Placements,What is the highest placement package at Indira Gandhi Agricultural University?,The highest placement package at Indira Gandhi Agricultural University is 40.1 Lakh Per Annum.
Indira Gandhi Agricultural University,Facilities,Does Indira Gandhi Agricultural University have a hostel and what is the fee?,"Yes, Indira Gandhi Agricultural University has a hostel for both boys and girls. The fee is 74198 and the mess fee is 28032."
Indira Gandhi Agricultural University,Facilities,What are the library timings for Indira Gandhi Agricultural University?,The library timings for Indira Gandhi Agricultural University are 8:00 AM to 8:00 PM.
Indira Gandhi Agricultural University,Academics,What is the attendance rule at Indira Gandhi Agricultural University?,The attendance rule at Indira Gandhi Agricultural University is Minimum 75% attendance mandatory.
Indira Gandhi Institute of Development and Research,Fees,What is the tuition fee for Indira Gandhi Institute of Development and Research?,The tuition fee for Indira Gandhi Institute of Development and Research is 83844 per semester.
Indira Gandhi Institute of Development and Research,Placements,What is the highest placement package at Indira Gandhi Institute of Development and Research?,The highest placement package at Indira Gandhi Institute of Development and Research is 34.9 Lakh Per Annum.
Indira Gandhi Institute of Development and Research,Facilities,Does Indira Gandhi Institute of Development and Research have a hostel and what is the fee?,"Yes, Indira Gandhi Institute of Development and Research has a hostel for both boys and girls. The fee is 66760 and the mess fee is 37623."
Indira Gandhi Institute of Development and Research,Facilities,What are the library timings for Indira Gandhi Institute of Development and Research?,The library timings for Indira Gandhi Institute of Development and Research are 8:00 AM to 8:00 PM.
Indira Gandhi Institute of Development and Research,Academics,What is the attendance rule at Indira Gandhi Institute of Development and Research?,The attendance rule at Indira Gandhi Institute of Development and Research is Minimum 75% attendance mandatory.
Indira Gandhi Institute of Medical Sciences,Fees,What is the tuition fee for Indira Gandhi Institute of Medical Sciences?,The tuition fee for Indira Gandhi Institute of Medical Sciences is 65946 per semester.
Indira Gandhi Institute of Medical Sciences,Placements,What is the highest placement package at Indira Gandhi Institute of Medical Sciences?,The highest placement package at Indira Gandhi Institute of Medical Sciences is 27.4 Lakh Per Annum.
Indira Gandhi Institute of Medical Sciences,Facilities,Does Indira Gandhi Institute of Medical Sciences have a hostel and what is the fee?,"Yes, Indira Gandhi Institute of Medical Sciences has a hostel for both boys and girls. The fee is 56798 and the mess fee is 25806."
Indira Gandhi Institute of Medical Sciences,Facilities,What are the library timings for Indira Gandhi Institute of Medical Sciences?,The library timings for Indira Gandhi Institute of Medical Sciences are 8:00 AM to 8:00 PM.
Indira Gandhi Institute of Medical Sciences,Academics,What is the attendance rule at Indira Gandhi Institute of Medical Sciences?,The attendance rule at Indira Gandhi Institute of Medical Sciences is Minimum 75% attendance mandatory.
Indira Gandhi National Open University,Fees,What is the tuition fee for Indira Gandhi National Open University?,The tuition fee for Indira Gandhi National Open University is 147185 per semester.
Indira Gandhi National Open University,Placements,What is the highest placement package at Indira Gandhi National Open University?,The highest placement package at Indira Gandhi National Open University is 31.6 Lakh Per Annum.
Indira Gandhi National Open University,Facilities,Does Indira Gandhi National Open University have a hostel and what is the fee?,"Yes, Indira Gandhi National Open University has a hostel for both boys and girls. The fee is 54188 and the mess fee is 31203."
Indira Gandhi National Open University,Facilities,What are the library timings for Indira Gandhi National Open University?,The library timings for Indira Gandhi National Open University are 8:00 AM to 8:00 PM.
Indira Gandhi National Open University,Academics,What is the attendance rule at Indira Gandhi National Open University?,The attendance rule at Indira Gandhi National Open University is Minimum 75% attendance mandatory.
Indian Institute of Information Technology Allahabad,Fees,What is the tuition fee for Indian Institute of Information Technology Allahabad?,The tuition fee for Indian Institute of Information Technology Allahabad is 68145 per semester.
Indian Institute of Information Technology Allahabad,Placements,What is the highest placement package at Indian Institute of Information Technology Allahabad?,The highest placement package at Indian Institute of Information Technology Allahabad is 35.1 Lakh Per Annum.
Indian Institute of Information Technology Allahabad,Facilities,Does Indian Institute of Information Technology Allahabad have a hostel and what is the fee?,"Yes, Indian Institute of Information Technology Allahabad has a hostel for both boys and girls. The fee is 66591 and the mess fee is 27525."
Indian Institute of Information Technology Allahabad,Facilities,What are the library timings for Indian Institute of Information Technology Allahabad?,The library timings for Indian Institute of Information Technology Allahabad are 8:00 AM to 8:00 PM.
Indian Institute of Information Technology Allahabad,Academics,What is the attendance rule at Indian Institute of Information Technology Allahabad?,The attendance rule at Indian Institute of Information Technology Allahabad is Minimum 75% attendance mandatory.
Indian Institute of Information Technology and Management - Kerala,Fees,What is the tuition fee for Indian Institute of Information Technology and Management - Kerala?,The tuition fee for Indian Institute of Information Technology and Management - Kerala is 139441 per semester.
Indian Institute of Information Technology and Management - Kerala,Placements,What is the highest placement package at Indian Institute of Information Technology and Management - Kerala?,The highest placement package at Indian Institute of Information Technology and Management - Kerala is 29.2 Lakh Per Annum.
Indian Institute of Information Technology and Management - Kerala,Facilities,Does Indian Institute of Information Technology and Management - Kerala have a hostel and what is the fee?,"Yes, Indian Institute of Information Technology and Management - Kerala has a hostel for both boys and girls. The fee is 74934 and the mess fee is 37302."
Indian Institute of Information Technology and Management - Kerala,Facilities,What are the library timings for Indian Institute of Information Technology and Management - Kerala?,The library timings for Indian Institute of Information Technology and Management - Kerala are 8:00 AM to 8:00 PM.
Indian Institute of Information Technology and Management - Kerala,Academics,What is the attendance rule at Indian Institute of Information Technology and Management - Kerala?,The attendance rule at Indian Institute of Information Technology and Management - Kerala is Minimum 75% attendance mandatory.
"Indraprastha Institute of Information Technology, Delhi",Fees,"What is the tuition fee for Indraprastha Institute of Information Technology, Delhi?","The tuition fee for Indraprastha Institute of Information Technology, Delhi is 112536 per semester."
"Indraprastha Institute of Information Technology, Delhi",Placements,"What is the highest placement package at Indraprastha Institute of Information Technology, Delhi?","The highest placement package at Indraprastha Institute of Information Technology, Delhi is 37.5 Lakh Per Annum."
"Indraprastha Institute of Information Technology, Delhi",Facilities,"Does Indraprastha Institute of Information Technology, Delhi have a hostel and what is the fee?","Yes, Indraprastha Institute of Information Technology, Delhi has a hostel for both boys and girls. The fee is 71500 and the mess fee is 38825."
"Indraprastha Institute of Information Technology, Delhi",Facilities,"What are the library timings for Indraprastha Institute of Information Technology, Delhi?","The library timings for Indraprastha Institute of Information Technology, Delhi are 8:00 AM to 8:00 PM."
"Indraprastha Institute of Information Technology, Delhi",Academics,"What is the attendance rule at Indraprastha Institute of Information Technology, Delhi?","The attendance rule at Indraprastha Institute of Information Technology, Delhi is Minimum 75% attendance mandatory."
"International Institute of Information Technology, Pune",Fees,"What is the tuition fee for International Institute of Information Technology, Pune?","The tuition fee for International Institute of Information Technology, Pune is 2026 per semester."
"International Institute of Information Technology, Pune",Placements,"What is the highest placement package at International Institute of Information Technology, Pune?","The highest placement package at International Institute of Information Technology, Pune is 34.1 Lakh Per Annum."
"International Institute of Information Technology, Pune",Facilities,"Does International Institute of Information Technology, Pune have a hostel and what is the fee?","Yes, International Institute of Information Technology, Pune has a hostel for both boys and girls. The fee is 58305 and the mess fee is 2026."
"International Institute of Information Technology, Pune",Facilities,"What are the library timings for International Institute of Information Technology, Pune?","The library timings for International Institute of Information Technology, Pune are 8:00 AM to 8:00 PM."
"International Institute of Information Technology, Pune",Academics,"What is the attendance rule at International Institute of Information Technology, Pune?","The attendance rule at International Institute of Information Technology, Pune is Minimum 75% attendance mandatory."
"International Institute of Information Technology, Bhubaneswar",Fees,"What is the tuition fee for International Institute of Information Technology, Bhubaneswar?","The tuition fee for International Institute of Information Technology, Bhubaneswar is 43227 per semester."
"International Institute of Information Technology, Bhubaneswar",Placements,"What is the highest placement package at International Institute of Information Technology, Bhubaneswar?","The highest placement package at International Institute of Information Technology, Bhubaneswar is 34.8 Lakh Per Annum."
"International Institute of Information Technology, Bhubaneswar",Facilities,"Does International Institute of Information Technology, Bhubaneswar have a hostel and what is the fee?","Yes, International Institute of Information Technology, Bhubaneswar has a hostel for both boys and girls. The fee is 66174 and the mess fee is 39164."
"International Institute of Information Technology, Bhubaneswar",Facilities,"What are the library timings for International Institute of Information Technology, Bhubaneswar?","The library timings for International Institute of Information Technology, Bhubaneswar are 8:00 AM to 8:00 PM."
"International Institute of Information Technology, Bhubaneswar",Academics,"What is the attendance rule at International Institute of Information Technology, Bhubaneswar?","The attendance rule at International Institute of Information Technology, Bhubaneswar is Minimum 75% attendance mandatory."
"International Institute of Information Technology, Bangalore",Fees,"What is the tuition fee for International Institute of Information Technology, Bangalore?","The tuition fee for International Institute of Information Technology, Bangalore is 87576 per semester."
"International Institute of Information Technology, Bangalore",Placements,"What is the highest placement package at International Institute of Information Technology, Bangalore?","The highest placement package at International Institute of Information Technology, Bangalore is 37.3 Lakh Per Annum."
"International Institute of Information Technology, Bangalore",Facilities,"Does International Institute of Information Technology, Bangalore have a hostel and what is the fee?","Yes, International Institute of Information Technology, Bangalore has a hostel for both boys and girls. The fee is 58333 and the mess fee is 41728."
"International Institute of Information Technology, Bangalore",Facilities,"What are the library timings for International Institute of Information Technology, Bangalore?","The library timings for International Institute of Information Technology, Bangalore are 8:00 AM to 8:00 PM."
"International Institute of Information Technology, Bangalore",Academics,"What is the attendance rule at International Institute of Information Technology, Bangalore?","The attendance rule at International Institute of Information Technology, Bangalore is Minimum 75% attendance mandatory."
"Indian Institute of Management, Tiruchirappalli",Fees,"What is the tuition fee for Indian Institute of Management, Tiruchirappalli?","The tuition fee for Indian Institute of Management, Tiruchirappalli is 134754 per semester."
"Indian Institute of Management, Tiruchirappalli",Placements,"What is the highest placement package at Indian Institute of Management, Tiruchirappalli?","The highest placement package at Indian Institute of Management, Tiruchirappalli is 37.7 Lakh Per Annum."
"Indian Institute of Management, Tiruchirappalli",Facilities,"Does Indian Institute of Management, Tiruchirappalli have a hostel and what is the fee?","Yes, Indian Institute of Management, Tiruchirappalli has a hostel for both boys and girls. The fee is 55591 and the mess fee is 29323."
"Indian Institute of Management, Tiruchirappalli",Facilities,"What are the library timings for Indian Institute of Management, Tiruchirappalli?","The library timings for Indian Institute of Management, Tiruchirappalli are 8:00 AM to 8:00 PM."
"Indian Institute of Management, Tiruchirappalli",Academics,"What is the attendance rule at Indian Institute of Management, Tiruchirappalli?","The attendance rule at Indian Institute of Management, Tiruchirappalli is Minimum 75% attendance mandatory."
"Indian Institute of Information Technology, Guwahati",Fees,"What is the tuition fee for Indian Institute of Information Technology, Guwahati?","The tuition fee for Indian Institute of Information Technology, Guwahati is 74897 per semester."
"Indian Institute of Information Technology, Guwahati",Placements,"What is the highest placement package at Indian Institute of Information Technology, Guwahati?","The highest placement package at Indian Institute of Information Technology, Guwahati is 32.3 Lakh Per Annum."
"Indian Institute of Information Technology, Guwahati",Facilities,"Does Indian Institute of Information Technology, Guwahati have a hostel and what is the fee?","Yes, Indian Institute of Information Technology, Guwahati has a hostel for both boys and girls. The fee is 74223 and the mess fee is 32248."
"Indian Institute of Information Technology, Guwahati",Facilities,"What are the library timings for Indian Institute of Information Technology, Guwahati?","The library timings for Indian Institute of Information Technology, Guwahati are 8:00 AM to 8:00 PM."
"Indian Institute of Information Technology, Guwahati",Academics,"What is the attendance rule at Indian Institute of Information Technology, Guwahati?","The attendance rule at Indian Institute of Information Technology, Guwahati is Minimum 75% attendance mandatory."
"Indian Institute of Information Technology, Vadodara",Fees,"What is the tuition fee for Indian Institute of Information Technology, Vadodara?","The tuition fee for Indian Institute of Information Technology, Vadodara is 135000 per semester."
"Indian Institute of Information Technology, Vadodara",Placements,"What is the highest placement package at Indian Institute of Information Technology, Vadodara?","The highest placement package at Indian Institute of Information Technology, Vadodara is 28.5 Lakh Per Annum."
"Indian Institute of Information Technology, Vadodara",Facilities,"Does Indian Institute of Information Technology, Vadodara have a hostel and what is the fee?","Yes, Indian Institute of Information Technology, Vadodara has a hostel for both boys and girls. The fee is 48070 and the mess fee is 31870."
"Indian Institute of Information Technology, Vadodara",Facilities,"What are the library timings for Indian Institute of Information Technology, Vadodara?","The library timings for Indian Institute of Information Technology, Vadodara are 8:00 AM to 8:00 PM."
"Indian Institute of Information Technology, Vadodara",Academics,"What is the attendance rule at Indian Institute of Information Technology, Vadodara?","The attendance rule at Indian Institute of Information Technology, Vadodara is Minimum 75% attendance mandatory."
"Indian Institute of Information Technology, Kota",Fees,"What is the tuition fee for Indian Institute of Information Technology, Kota?","The tuition fee for Indian Institute of Information Technology, Kota is 113600 per semester."
"Indian Institute of Information Technology, Kota",Placements,"What is the highest placement package at Indian Institute of Information Technology, Kota?","The highest placement package at Indian Institute of Information Technology, Kota is 23.7 Lakh Per Annum."
"Indian Institute of Information Technology, Kota",Facilities,"Does Indian Institute of Information Technology, Kota have a hostel and what is the fee?","Yes, Indian Institute of Information Technology, Kota has a hostel for both boys and girls. The fee is 70288 and the mess fee is 31612."
"Indian Institute of Information Technology, Kota",Facilities,"What are the library timings for Indian Institute of Information Technology, Kota?","The library timings for Indian Institute of Information Technology, Kota are 8:00 AM to 8:00 PM."
"Indian Institute of Information Technology, Kota",Academics,"What is the attendance rule at Indian Institute of Information Technology, Kota?","The attendance rule at Indian Institute of Information Technology, Kota is Minimum 75% attendance mandatory."
International Institute for Population Sciences,Fees,What is the tuition fee for International Institute for Population Sciences?,The tuition fee for International Institute for Population Sciences is 107282 per semester.
International Institute for Population Sciences,Placements,What is the highest placement package at International Institute for Population Sciences?,The highest placement package at International Institute for Population Sciences is 32.9 Lakh Per Annum.
International Institute for Population Sciences,Facilities,Does International Institute for Population Sciences have a hostel and what is the fee?,"Yes, International Institute for Population Sciences has a hostel for both boys and girls. The fee is 49748 and the mess fee is 27492."
International Institute for Population Sciences,Facilities,What are the library timings for International Institute for Population Sciences?,The library timings for International Institute for Population Sciences are 8:00 AM to 8:00 PM.
International Institute for Population Sciences,Academics,What is the attendance rule at International Institute for Population Sciences?,The attendance rule at International Institute for Population Sciences is Minimum 75% attendance mandatory.
Indian Institute of Science,Fees,What is the tuition fee for Indian Institute of Science?,The tuition fee for Indian Institute of Science is 61932 per semester.
Indian Institute of Science,Placements,What is the highest placement package at Indian Institute of Science?,The highest placement package at Indian Institute of Science is 31.2 Lakh Per Annum.
Indian Institute of Science,Facilities,Does Indian Institute of Science have a hostel and what is the fee?,"Yes, Indian Institute of Science has a hostel for both boys and girls. The fee is 64796 and the mess fee is 26464."
Indian Institute of Science,Facilities,What are the library timings for Indian Institute of Science?,The library timings for Indian Institute of Science are 8:00 AM to 8:00 PM.
Indian Institute of Science,Academics,What is the attendance rule at Indian Institute of Science?,The attendance rule at Indian Institute of Science is Minimum 75% attendance mandatory.
"Indian Institute of Technology, Bombay",Fees,"What is the tuition fee for Indian Institute of Technology, Bombay?","The tuition fee for Indian Institute of Technology, Bombay is 137979 per semester."
"Indian Institute of Technology, Bombay",Placements,"What is the highest placement package at Indian Institute of Technology, Bombay?","The highest placement package at Indian Institute of Technology, Bombay is 19.3 Lakh Per Annum."
"Indian Institute of Technology, Bombay",Facilities,"Does Indian Institute of Technology, Bombay have a hostel and what is the fee?","Yes, Indian Institute of Technology, Bombay has a hostel for both boys and girls. The fee is 74725 and the mess fee is 33477."
"Indian Institute of Technology, Bombay",Facilities,"What are the library timings for Indian Institute of Technology, Bombay?","The library timings for Indian Institute of Technology, Bombay are 8:00 AM to 8:00 PM."
"Indian Institute of Technology, Bombay",Academics,"What is the attendance rule at Indian Institute of Technology, Bombay?","The attendance rule at Indian Institute of Technology, Bombay is Minimum 75% attendance mandatory."
"Indian Institute of Technology, Delhi",Fees,"What is the tuition fee for Indian Institute of Technology, Delhi?","The tuition fee for Indian Institute of Technology, Delhi is 95142 per semester."
"Indian Institute of Technology, Delhi",Placements,"What is the highest placement package at Indian Institute of Technology, Delhi?","The highest placement package at Indian Institute of Technology, Delhi is 37.9 Lakh Per Annum."
"Indian Institute of Technology, Delhi",Facilities,"Does Indian Institute of Technology, Delhi have a hostel and what is the fee?","Yes, Indian Institute of Technology, Delhi has a hostel for both boys and girls. The fee is 63671 and the mess fee is 41954."
"Indian Institute of Technology, Delhi",Facilities,"What are the library timings for Indian Institute of Technology, Delhi?","The library timings for Indian Institute of Technology, Delhi are 8:00 AM to 8:00 PM."
"Indian Institute of Technology, Delhi",Academics,"What is the attendance rule at Indian Institute of Technology, Delhi?","The attendance rule at Indian Institute of Technology, Delhi is Minimum 75% attendance mandatory."
"Indian Institute of Technology, Gandhinagar",Fees,"What is the tuition fee for Indian Institute of Technology, Gandhinagar?","The tuition fee for Indian Institute of Technology, Gandhinagar is 95825 per semester."
"Indian Institute of Technology, Gandhinagar",Placements,"What is the highest placement package at Indian Institute of Technology, Gandhinagar?","The highest placement package at Indian Institute of Technology, Gandhinagar is 23.3 Lakh Per Annum."
"Indian Institute of Technology, Gandhinagar",Facilities,"Does Indian Institute of Technology, Gandhinagar have a hostel and what is the fee?","Yes, Indian Institute of Technology, Gandhinagar has a hostel for both boys and girls. The fee is 60805 and the mess fee is 40689."
"Indian Institute of Technology, Gandhinagar",Facilities,"What are the library timings for Indian Institute of Technology, Gandhinagar?","The library timings for Indian Institute of Technology, Gandhinagar are 8:00 AM to 8:00 PM."
"Indian Institute of Technology, Gandhinagar",Academics,"What is the attendance rule at Indian Institute of Technology, Gandhinagar?","The attendance rule at Indian Institute of Technology, Gandhinagar is Minimum 75% attendance mandatory."
"Indian Institute of Technology, Guwahati",Fees,"What is the tuition fee for Indian Institute of Technology, Guwahati?","The tuition fee for Indian Institute of Technology, Guwahati is 54784 per semester."
"Indian Institute of Technology, Guwahati",Placements,"What is the highest placement package at Indian Institute of Technology, Guwahati?","The highest placement package at Indian Institute of Technology, Guwahati is 20.9 Lakh Per Annum."
"Indian Institute of Technology, Guwahati",Facilities,"Does Indian Institute of Technology, Guwahati have a hostel and what is the fee?","Yes, Indian Institute of Technology, Guwahati has a hostel for both boys and girls. The fee is 80235 and the mess fee is 27128."
"Indian Institute of Technology, Guwahati",Facilities,"What are the library timings for Indian Institute of Technology, Guwahati?","The library timings for Indian Institute of Technology, Guwahati are 8:00 AM to 8:00 PM."
"Indian Institute of Technology, Guwahati",Academics,"What is the attendance rule at Indian Institute of Technology, Guwahati?","The attendance rule at Indian Institute of Technology, Guwahati is Minimum 75% attendance mandatory."
"Indian Institute of Technology, Hyderabad",Fees,"What is the tuition fee for Indian Institute of Technology, Hyderabad?","The tuition fee for Indian Institute of Technology, Hyderabad is 74050 per semester."
"Indian Institute of Technology, Hyderabad",Placements,"What is the highest placement package at Indian Institute of Technology, Hyderabad?","The highest placement package at Indian Institute of Technology, Hyderabad is 43.3 Lakh Per Annum."
"Indian Institute of Technology, Hyderabad",Facilities,"Does Indian Institute of Technology, Hyderabad have a hostel and what is the fee?","Yes, Indian Institute of Technology, Hyderabad has a hostel for both boys and girls. The fee is 57341 and the mess fee is 28546."
"Indian Institute of Technology, Hyderabad",Facilities,"What are the library timings for Indian Institute of Technology, Hyderabad?","The library timings for Indian Institute of Technology, Hyderabad are 8:00 AM to 8:00 PM."
"Indian Institute of Technology, Hyderabad",Academics,"What is the attendance rule at Indian Institute of Technology, Hyderabad?","The attendance rule at Indian Institute of Technology, Hyderabad is Minimum 75% attendance mandatory."
"Indian Institute of Technology, Kanpur",Fees,"What is the tuition fee for Indian Institute of Technology, Kanpur?","The tuition fee for Indian Institute of Technology, Kanpur is 74884 per semester."
"Indian Institute of Technology, Kanpur",Placements,"What is the highest placement package at Indian Institute of Technology, Kanpur?","The highest placement package at Indian Institute of Technology, Kanpur is 44.2 Lakh Per Annum."
"Indian Institute of Technology, Kanpur",Facilities,"Does Indian Institute of Technology, Kanpur have a hostel and what is the fee?","Yes, Indian Institute of Technology, Kanpur has a hostel for both boys and girls. The fee is 59023 and the mess fee is 39854."
"Indian Institute of Technology, Kanpur",Facilities,"What are the library timings for Indian Institute of Technology, Kanpur?","The library timings for Indian Institute of Technology, Kanpur are 8:00 AM to 8:00 PM."
"Indian Institute of Technology, Kanpur",Academics,"What is the attendance rule at Indian Institute of Technology, Kanpur?","The attendance rule at Indian Institute of Technology, Kanpur is Minimum 75% attendance mandatory."
Indian Institute of Technology (BHU) Varanasi,Fees,What is the tuition fee for Indian Institute of Technology (BHU) Varanasi?,The tuition fee for Indian Institute of Technology (BHU) Varanasi is 126263 per semester.
Indian Institute of Technology (BHU) Varanasi,Placements,What is the highest placement package at Indian Institute of Technology (BHU) Varanasi?,The highest placement package at Indian Institute of Technology (BHU) Varanasi is 15.1 Lakh Per Annum.
Indian Institute of Technology (BHU) Varanasi,Facilities,Does Indian Institute of Technology (BHU) Varanasi have a hostel and what is the fee?,"Yes, Indian Institute of Technology (BHU) Varanasi has a hostel for both boys and girls. The fee is 73831 and the mess fee is 29136."
Indian Institute of Technology (BHU) Varanasi,Facilities,What are the library timings for Indian Institute of Technology (BHU) Varanasi?,The library timings for Indian Institute of Technology (BHU) Varanasi are 8:00 AM to 8:00 PM.
Indian Institute of Technology (BHU) Varanasi,Academics,What is the attendance rule at Indian Institute of Technology (BHU) Varanasi?,The attendance rule at Indian Institute of Technology (BHU) Varanasi is Minimum 75% attendance mandatory.
"Indian Institute of Technology, Kharagpur",Fees,"What is the tuition fee for Indian Institute of Technology, Kharagpur?","The tuition fee for Indian Institute of Technology, Kharagpur is 68908 per semester."
"Indian Institute of Technology, Kharagpur",Placements,"What is the highest placement package at Indian Institute of Technology, Kharagpur?","The highest placement package at Indian Institute of Technology, Kharagpur is 37.9 Lakh Per Annum."
"Indian Institute of Technology, Kharagpur",Facilities,"Does Indian Institute of Technology, Kharagpur have a hostel and what is the fee?","Yes, Indian Institute of Technology, Kharagpur has a hostel for both boys and girls. The fee is 48207 and the mess fee is 32429."
"Indian Institute of Technology, Kharagpur",Facilities,"What are the library timings for Indian Institute of Technology, Kharagpur?","The library timings for Indian Institute of Technology, Kharagpur are 8:00 AM to 8:00 PM."
"Indian Institute of Technology, Kharagpur",Academics,"What is the attendance rule at Indian Institute of Technology, Kharagpur?","The attendance rule at Indian Institute of Technology, Kharagpur is Minimum 75% attendance mandatory."
"Indian Institute of Technology, Madras",Fees,"What is the tuition fee for Indian Institute of Technology, Madras?","The tuition fee for Indian Institute of Technology, Madras is 62687 per semester."
"Indian Institute of Technology, Madras",Placements,"What is the highest placement package at Indian Institute of Technology, Madras?","The highest placement package at Indian Institute of Technology, Madras is 36.0 Lakh Per Annum."
"Indian Institute of Technology, Madras",Facilities,"Does Indian Institute of Technology, Madras have a hostel and what is the fee?","Yes, Indian Institute of Technology, Madras has a hostel for both boys and girls. The fee is 45938 and the mess fee is 30545."
"Indian Institute of Technology, Madras",Facilities,"What are the library timings for Indian Institute of Technology, Madras?","The library timings for Indian Institute of Technology, Madras are 8:00 AM to 8:00 PM."
"Indian Institute of Technology, Madras",Academics,"What is the attendance rule at Indian Institute of Technology, Madras?","The attendance rule at Indian Institute of Technology, Madras is Minimum 75% attendance mandatory."
Madras Institute of Technology,Fees,What is the tuition fee for Madras Institute of Technology?,The tuition fee for Madras Institute of Technology is 95983 per semester.
Madras Institute of Technology,Placements,What is the highest placement package at Madras Institute of Technology?,The highest placement package at Madras Institute of Technology is 25.9 Lakh Per Annum.
Madras Institute of Technology,Facilities,Does Madras Institute of Technology have a hostel and what is the fee?,"Yes, Madras Institute of Technology has a hostel for both boys and girls. The fee is 70609 and the mess fee is 28562."
Madras Institute of Technology,Facilities,What are the library timings for Madras Institute of Technology?,The library timings for Madras Institute of Technology are 8:00 AM to 8:00 PM.
Madras Institute of Technology,Academics,What is the attendance rule at Madras Institute of Technology?,The attendance rule at Madras Institute of Technology is Minimum 75% attendance mandatory.
"Indian Institute of Technology, Roorkee",Fees,"What is the tuition fee for Indian Institute of Technology, Roorkee?","The tuition fee for Indian Institute of Technology, Roorkee is 108475 per semester."
"Indian Institute of Technology, Roorkee",Placements,"What is the highest placement package at Indian Institute of Technology, Roorkee?","The highest placement package at Indian Institute of Technology, Roorkee is 27.0 Lakh Per Annum."
"Indian Institute of Technology, Roorkee",Facilities,"Does Indian Institute of Technology, Roorkee have a hostel and what is the fee?","Yes, Indian Institute of Technology, Roorkee has a hostel for both boys and girls. The fee is 65936 and the mess fee is 29222."
"Indian Institute of Technology, Roorkee",Facilities,"What are the library timings for Indian Institute of Technology, Roorkee?","The library timings for Indian Institute of Technology, Roorkee are 8:00 AM to 8:00 PM."
"Indian Institute of Technology, Roorkee",Academics,"What is the attendance rule at Indian Institute of Technology, Roorkee?","The attendance rule at Indian Institute of Technology, Roorkee is Minimum 75% attendance mandatory."
"Indian Institute of Technology, Patna",Fees,"What is the tuition fee for Indian Institute of Technology, Patna?","The tuition fee for Indian Institute of Technology, Patna is 135711 per semester."
"Indian Institute of Technology, Patna",Placements,"What is the highest placement package at Indian Institute of Technology, Patna?","The highest placement package at Indian Institute of Technology, Patna is 24.2 Lakh Per Annum."
"Indian Institute of Technology, Patna",Facilities,"Does Indian Institute of Technology, Patna have a hostel and what is the fee?","Yes, Indian Institute of Technology, Patna has a hostel for both boys and girls. The fee is 50467 and the mess fee is 26618."
"Indian Institute of Technology, Patna",Facilities,"What are the library timings for Indian Institute of Technology, Patna?","The library timings for Indian Institute of Technology, Patna are 8:00 AM to 8:00 PM."
"Indian Institute of Technology, Patna",Academics,"What is the attendance rule at Indian Institute of Technology, Patna?","The attendance rule at Indian Institute of Technology, Patna is Minimum 75% attendance mandatory."
"Indian Institute of Technology, Indore",Fees,"What is the tuition fee for Indian Institute of Technology, Indore?","The tuition fee for Indian Institute of Technology, Indore is 64897 per semester."
"Indian Institute of Technology, Indore",Placements,"What is the highest placement package at Indian Institute of Technology, Indore?","The highest placement package at Indian Institute of Technology, Indore is 21.7 Lakh Per Annum."
"Indian Institute of Technology, Indore",Facilities,"Does Indian Institute of Technology, Indore have a hostel and what is the fee?","Yes, Indian Institute of Technology, Indore has a hostel for both boys and girls. The fee is 56491 and the mess fee is 31869."
"Indian Institute of Technology, Indore",Facilities,"What are the library timings for Indian Institute of Technology, Indore?","The library timings for Indian Institute of Technology, Indore are 8:00 AM to 8:00 PM."
"Indian Institute of Technology, Indore",Academics,"What is the attendance rule at Indian Institute of Technology, Indore?","The attendance rule at Indian Institute of Technology, Indore is Minimum 75% attendance mandatory."
"Indian Institute of Technology, Jodhpur",Fees,"What is the tuition fee for Indian Institute of Technology, Jodhpur?","The tuition fee for Indian Institute of Technology, Jodhpur is 119045 per semester."
"Indian Institute of Technology, Jodhpur",Placements,"What is the highest placement package at Indian Institute of Technology, Jodhpur?","The highest placement package at Indian Institute of Technology, Jodhpur is 34.9 Lakh Per Annum."
"Indian Institute of Technology, Jodhpur",Facilities,"Does Indian Institute of Technology, Jodhpur have a hostel and what is the fee?","Yes, Indian Institute of Technology, Jodhpur has a hostel for both boys and girls. The fee is 63843 and the mess fee is 25413."
"Indian Institute of Technology, Jodhpur",Facilities,"What are the library timings for Indian Institute of Technology, Jodhpur?","The library timings for Indian Institute of Technology, Jodhpur are 8:00 AM to 8:00 PM."
"Indian Institute of Technology, Jodhpur",Academics,"What is the attendance rule at Indian Institute of Technology, Jodhpur?","The attendance rule at Indian Institute of Technology, Jodhpur is Minimum 75% attendance mandatory."
University of Music and Fine Arts,Fees,What is the tuition fee for University of Music and Fine Arts?,The tuition fee for University of Music and Fine Arts is 99510 per semester.
University of Music and Fine Arts,Placements,What is the highest placement package at University of Music and Fine Arts?,The highest placement package at University of Music and Fine Arts is 35.2 Lakh Per Annum.
University of Music and Fine Arts,Facilities,Does University of Music and Fine Arts have a hostel and what is the fee?,"Yes, University of Music and Fine Arts has a hostel for both boys and girls. The fee is 49954 and the mess fee is 36301."
University of Music and Fine Arts,Facilities,What are the library timings for University of Music and Fine Arts?,The library timings for University of Music and Fine Arts are 8:00 AM to 8:00 PM.
University of Music and Fine Arts,Academics,What is the attendance rule at University of Music and Fine Arts?,The attendance rule at University of Music and Fine Arts is Minimum 75% attendance mandatory.
Indian Law Institue,Fees,What is the tuition fee for Indian Law Institue?,The tuition fee for Indian Law Institue is 88007 per semester.
Indian Law Institue,Placements,What is the highest placement package at Indian Law Institue?,The highest placement package at Indian Law Institue is 28.4 Lakh Per Annum.
Indian Law Institue,Facilities,Does Indian Law Institue have a hostel and what is the fee?,"Yes, Indian Law Institue has a hostel for both boys and girls. The fee is 79437 and the mess fee is 28205."
Indian Law Institue,Facilities,What are the library timings for Indian Law Institue?,The library timings for Indian Law Institue are 8:00 AM to 8:00 PM.
Indian Law Institue,Academics,What is the attendance rule at Indian Law Institue?,The attendance rule at Indian Law Institue is Minimum 75% attendance mandatory.
Indus University,Fees,What is the tuition fee for Indus University?,The tuition fee for Indus University is 59584 per semester.
Indus University,Placements,What is the highest placement package at Indus University?,The highest placement package at Indus University is 20.2 Lakh Per Annum.
Indus University,Facilities,Does Indus University have a hostel and what is the fee?,"Yes, Indus University has a hostel for both boys and girls. The fee is 53811 and the mess fee is 29147."
Indus University,Facilities,What are the library timings for Indus University?,The library timings for Indus University are 8:00 AM to 8:00 PM.
Indus University,Academics,What is the attendance rule at Indus University?,The attendance rule at Indus University is Minimum 75% attendance mandatory.
Integral University,Fees,What is the tuition fee for Integral University?,The tuition fee for Integral University is 52756 per semester.
Integral University,Placements,What is the highest placement package at Integral University?,The highest placement package at Integral University is 43.9 Lakh Per Annum.
Integral University,Facilities,Does Integral University have a hostel and what is the fee?,"Yes, Integral University has a hostel for both boys and girls. The fee is 63144 and the mess fee is 38822."
Integral University,Facilities,What are the library timings for Integral University?,The library timings for Integral University are 8:00 AM to 8:00 PM.
Integral University,Academics,What is the attendance rule at Integral University?,The attendance rule at Integral University is Minimum 75% attendance mandatory.
Guru Gobind Singh Indraprastha University,Fees,What is the tuition fee for Guru Gobind Singh Indraprastha University?,The tuition fee for Guru Gobind Singh Indraprastha University is 68236 per semester.
Guru Gobind Singh Indraprastha University,Placements,What is the highest placement package at Guru Gobind Singh Indraprastha University?,The highest placement package at Guru Gobind Singh Indraprastha University is 19.6 Lakh Per Annum.
Guru Gobind Singh Indraprastha University,Facilities,Does Guru Gobind Singh Indraprastha University have a hostel and what is the fee?,"Yes, Guru Gobind Singh Indraprastha University has a hostel for both boys and girls. The fee is 78502 and the mess fee is 31012."
Guru Gobind Singh Indraprastha University,Facilities,What are the library timings for Guru Gobind Singh Indraprastha University?,The library timings for Guru Gobind Singh Indraprastha University are 8:00 AM to 8:00 PM.
Guru Gobind Singh Indraprastha University,Academics,What is the attendance rule at Guru Gobind Singh Indraprastha University?,The attendance rule at Guru Gobind Singh Indraprastha University is Minimum 75% attendance mandatory.
Indian School of Business Management and Administration,Fees,What is the tuition fee for Indian School of Business Management and Administration?,The tuition fee for Indian School of Business Management and Administration is 132502 per semester.
Indian School of Business Management and Administration,Placements,What is the highest placement package at Indian School of Business Management and Administration?,The highest placement package at Indian School of Business Management and Administration is 30.2 Lakh Per Annum.
Indian School of Business Management and Administration,Facilities,Does Indian School of Business Management and Administration have a hostel and what is the fee?,"Yes, Indian School of Business Management and Administration has a hostel for both boys and girls. The fee is 57832 and the mess fee is 43102."
Indian School of Business Management and Administration,Facilities,What are the library timings for Indian School of Business Management and Administration?,The library timings for Indian School of Business Management and Administration are 8:00 AM to 8:00 PM.
Indian School of Business Management and Administration,Academics,What is the attendance rule at Indian School of Business Management and Administration?,The attendance rule at Indian School of Business Management and Administration is Minimum 75% attendance mandatory.
Indian Statistical Institute,Fees,What is the tuition fee for Indian Statistical Institute?,The tuition fee for Indian Statistical Institute is 80386 per semester.
Indian Statistical Institute,Placements,What is the highest placement package at Indian Statistical Institute?,The highest placement package at Indian Statistical Institute is 27.0 Lakh Per Annum.
Indian Statistical Institute,Facilities,Does Indian Statistical Institute have a hostel and what is the fee?,"Yes, Indian Statistical Institute has a hostel for both boys and girls. The fee is 51783 and the mess fee is 38018."
Indian Statistical Institute,Facilities,What are the library timings for Indian Statistical Institute?,The library timings for Indian Statistical Institute are 8:00 AM to 8:00 PM.
Indian Statistical Institute,Academics,What is the attendance rule at Indian Statistical Institute?,The attendance rule at Indian Statistical Institute is Minimum 75% attendance mandatory.
Indian School of Mines (ISM),Fees,What is the tuition fee for Indian School of Mines (ISM)?,The tuition fee for Indian School of Mines (ISM) is 71456 per semester.
Indian School of Mines (ISM),Placements,What is the highest placement package at Indian School of Mines (ISM)?,The highest placement package at Indian School of Mines (ISM) is 35.4 Lakh Per Annum.
Indian School of Mines (ISM),Facilities,Does Indian School of Mines (ISM) have a hostel and what is the fee?,"Yes, Indian School of Mines (ISM) has a hostel for both boys and girls. The fee is 51248 and the mess fee is 33571."
Indian School of Mines (ISM),Facilities,What are the library timings for Indian School of Mines (ISM)?,The library timings for Indian School of Mines (ISM) are 8:00 AM to 8:00 PM.
Indian School of Mines (ISM),Academics,What is the attendance rule at Indian School of Mines (ISM)?,The attendance rule at Indian School of Mines (ISM) is Minimum 75% attendance mandatory.
Institute of Technology and Management,Fees,What is the tuition fee for Institute of Technology and Management?,The tuition fee for Institute of Technology and Management is 70948 per semester.
Institute of Technology and Management,Placements,What is the highest placement package at Institute of Technology and Management?,The highest placement package at Institute of Technology and Management is 44.3 Lakh Per Annum.
Institute of Technology and Management,Facilities,Does Institute of Technology and Management have a hostel and what is the fee?,"Yes, Institute of Technology and Management has a hostel for both boys and girls. The fee is 65623 and the mess fee is 31728."
Institute of Technology and Management,Facilities,What are the library timings for Institute of Technology and Management?,The library timings for Institute of Technology and Management are 8:00 AM to 8:00 PM.
Institute of Technology and Management,Academics,What is the attendance rule at Institute of Technology and Management?,The attendance rule at Institute of Technology and Management is Minimum 75% attendance mandatory.
Indian University,Fees,What is the tuition fee for Indian University?,The tuition fee for Indian University is 62435 per semester.
Indian University,Placements,What is the highest placement package at Indian University?,The highest placement package at Indian University is 20.3 Lakh Per Annum.
Indian University,Facilities,Does Indian University have a hostel and what is the fee?,"Yes, Indian University has a hostel for both boys and girls. The fee is 58923 and the mess fee is 30884."
Indian University,Facilities,What are the library timings for Indian University?,The library timings for Indian University are 8:00 AM to 8:00 PM.
Indian University,Academics,What is the attendance rule at Indian University?,The attendance rule at Indian University is Minimum 75% attendance mandatory.
Indian Veterinary Research Institute,Fees,What is the tuition fee for Indian Veterinary Research Institute?,The tuition fee for Indian Veterinary Research Institute is 104285 per semester.
Indian Veterinary Research Institute,Placements,What is the highest placement package at Indian Veterinary Research Institute?,The highest placement package at Indian Veterinary Research Institute is 43.2 Lakh Per Annum.
Indian Veterinary Research Institute,Facilities,Does Indian Veterinary Research Institute have a hostel and what is the fee?,"Yes, Indian Veterinary Research Institute has a hostel for both boys and girls. The fee is 78673 and the mess fee is 34708."
Indian Veterinary Research Institute,Facilities,What are the library timings for Indian Veterinary Research Institute?,The library timings for Indian Veterinary Research Institute are 8:00 AM to 8:00 PM.
Indian Veterinary Research Institute,Academics,What is the attendance rule at Indian Veterinary Research Institute?,The attendance rule at Indian Veterinary Research Institute is Minimum 75% attendance mandatory.
Jadavpur University,Fees,What is the tuition fee for Jadavpur University?,The tuition fee for Jadavpur University is 120818 per semester.
Jadavpur University,Placements,What is the highest placement package at Jadavpur University?,The highest placement package at Jadavpur University is 42.0 Lakh Per Annum.
Jadavpur University,Facilities,Does Jadavpur University have a hostel and what is the fee?,"Yes, Jadavpur University has a hostel for both boys and girls. The fee is 46093 and the mess fee is 37996."
Jadavpur University,Facilities,What are the library timings for Jadavpur University?,The library timings for Jadavpur University are 8:00 AM to 8:00 PM.
Jadavpur University,Academics,What is the attendance rule at Jadavpur University?,The attendance rule at Jadavpur University is Minimum 75% attendance mandatory.
First Global University to teaching Jainism,Fees,What is the tuition fee for First Global University to teaching Jainism?,The tuition fee for First Global University to teaching Jainism is 119023 per semester.
First Global University to teaching Jainism,Placements,What is the highest placement package at First Global University to teaching Jainism?,The highest placement package at First Global University to teaching Jainism is 34.8 Lakh Per Annum.
First Global University to teaching Jainism,Facilities,Does First Global University to teaching Jainism have a hostel and what is the fee?,"Yes, First Global University to teaching Jainism has a hostel for both boys and girls. The fee is 60860 and the mess fee is 40028."
First Global University to teaching Jainism,Facilities,What are the library timings for First Global University to teaching Jainism?,The library timings for First Global University to teaching Jainism are 8:00 AM to 8:00 PM.
First Global University to teaching Jainism,Academics,What is the attendance rule at First Global University to teaching Jainism?,The attendance rule at First Global University to teaching Jainism is Minimum 75% attendance mandatory.
Jamia Hamdard University,Fees,What is the tuition fee for Jamia Hamdard University?,The tuition fee for Jamia Hamdard University is 120560 per semester.
Jamia Hamdard University,Placements,What is the highest placement package at Jamia Hamdard University?,The highest placement package at Jamia Hamdard University is 31.3 Lakh Per Annum.
Jamia Hamdard University,Facilities,Does Jamia Hamdard University have a hostel and what is the fee?,"Yes, Jamia Hamdard University has a hostel for both boys and girls. The fee is 53287 and the mess fee is 40628."
Jamia Hamdard University,Facilities,What are the library timings for Jamia Hamdard University?,The library timings for Jamia Hamdard University are 8:00 AM to 8:00 PM.
Jamia Hamdard University,Academics,What is the attendance rule at Jamia Hamdard University?,The attendance rule at Jamia Hamdard University is Minimum 75% attendance mandatory.
University of Jammu,Fees,What is the tuition fee for University of Jammu?,The tuition fee for University of Jammu is 85446 per semester.
University of Jammu,Placements,What is the highest placement package at University of Jammu?,The highest placement package at University of Jammu is 36.9 Lakh Per Annum.
University of Jammu,Facilities,Does University of Jammu have a hostel and what is the fee?,"Yes, University of Jammu has a hostel for both boys and girls. The fee is 80737 and the mess fee is 33809."
University of Jammu,Facilities,What are the library timings for University of Jammu?,The library timings for University of Jammu are 8:00 AM to 8:00 PM.
University of Jammu,Academics,What is the attendance rule at University of Jammu?,The attendance rule at University of Jammu is Minimum 75% attendance mandatory.
Jaypee Institute of Information Technology,Fees,What is the tuition fee for Jaypee Institute of Information Technology?,The tuition fee for Jaypee Institute of Information Technology is 127876 per semester.
Jaypee Institute of Information Technology,Placements,What is the highest placement package at Jaypee Institute of Information Technology?,The highest placement package at Jaypee Institute of Information Technology is 22.6 Lakh Per Annum.
Jaypee Institute of Information Technology,Facilities,Does Jaypee Institute of Information Technology have a hostel and what is the fee?,"Yes, Jaypee Institute of Information Technology has a hostel for both boys and girls. The fee is 70199 and the mess fee is 31485."
Jaypee Institute of Information Technology,Facilities,What are the library timings for Jaypee Institute of Information Technology?,The library timings for Jaypee Institute of Information Technology are 8:00 AM to 8:00 PM.
Jaypee Institute of Information Technology,Academics,What is the attendance rule at Jaypee Institute of Information Technology?,The attendance rule at Jaypee Institute of Information Technology is Minimum 75% attendance mandatory.
Jiwaji University,Fees,What is the tuition fee for Jiwaji University?,The tuition fee for Jiwaji University is 67281 per semester.
Jiwaji University,Placements,What is the highest placement package at Jiwaji University?,The highest placement package at Jiwaji University is 22.7 Lakh Per Annum.
Jiwaji University,Facilities,Does Jiwaji University have a hostel and what is the fee?,"Yes, Jiwaji University has a hostel for both boys and girls. The fee is 56988 and the mess fee is 40582."
Jiwaji University,Facilities,What are the library timings for Jiwaji University?,The library timings for Jiwaji University are 8:00 AM to 8:00 PM.
Jiwaji University,Academics,What is the attendance rule at Jiwaji University?,The attendance rule at Jiwaji University is Minimum 75% attendance mandatory.
Jamia Millia Islamia University,Fees,What is the tuition fee for Jamia Millia Islamia University?,The tuition fee for Jamia Millia Islamia University is 84259 per semester.
Jamia Millia Islamia University,Placements,What is the highest placement package at Jamia Millia Islamia University?,The highest placement package at Jamia Millia Islamia University is 18.9 Lakh Per Annum.
Jamia Millia Islamia University,Facilities,Does Jamia Millia Islamia University have a hostel and what is the fee?,"Yes, Jamia Millia Islamia University has a hostel for both boys and girls. The fee is 46528 and the mess fee is 25086."
Jamia Millia Islamia University,Facilities,What are the library timings for Jamia Millia Islamia University?,The library timings for Jamia Millia Islamia University are 8:00 AM to 8:00 PM.
Jamia Millia Islamia University,Academics,What is the attendance rule at Jamia Millia Islamia University?,The attendance rule at Jamia Millia Islamia University is Minimum 75% attendance mandatory.
Jawaharlal Nehru Centre for Advanced Scientific Research,Fees,What is the tuition fee for Jawaharlal Nehru Centre for Advanced Scientific Research?,The tuition fee for Jawaharlal Nehru Centre for Advanced Scientific Research is 42391 per semester.
Jawaharlal Nehru Centre for Advanced Scientific Research,Placements,What is the highest placement package at Jawaharlal Nehru Centre for Advanced Scientific Research?,The highest placement package at Jawaharlal Nehru Centre for Advanced Scientific Research is 29.3 Lakh Per Annum.
Jawaharlal Nehru Centre for Advanced Scientific Research,Facilities,Does Jawaharlal Nehru Centre for Advanced Scientific Research have a hostel and what is the fee?,"Yes, Jawaharlal Nehru Centre for Advanced Scientific Research has a hostel for both boys and girls. The fee is 69697 and the mess fee is 38348."
Jawaharlal Nehru Centre for Advanced Scientific Research,Facilities,What are the library timings for Jawaharlal Nehru Centre for Advanced Scientific Research?,The library timings for Jawaharlal Nehru Centre for Advanced Scientific Research are 8:00 AM to 8:00 PM.
Jawaharlal Nehru Centre for Advanced Scientific Research,Academics,What is the attendance rule at Jawaharlal Nehru Centre for Advanced Scientific Research?,The attendance rule at Jawaharlal Nehru Centre for Advanced Scientific Research is Minimum 75% attendance mandatory.
Jawaharlal Nehru Agricultural University,Fees,What is the tuition fee for Jawaharlal Nehru Agricultural University?,The tuition fee for Jawaharlal Nehru Agricultural University is 81594 per semester.
Jawaharlal Nehru Agricultural University,Placements,What is the highest placement package at Jawaharlal Nehru Agricultural University?,The highest placement package at Jawaharlal Nehru Agricultural University is 28.0 Lakh Per Annum.
Jawaharlal Nehru Agricultural University,Facilities,Does Jawaharlal Nehru Agricultural University have a hostel and what is the fee?,"Yes, Jawaharlal Nehru Agricultural University has a hostel for both boys and girls. The fee is 45771 and the mess fee is 41871."
Jawaharlal Nehru Agricultural University,Facilities,What are the library timings for Jawaharlal Nehru Agricultural University?,The library timings for Jawaharlal Nehru Agricultural University are 8:00 AM to 8:00 PM.
Jawaharlal Nehru Agricultural University,Academics,What is the attendance rule at Jawaharlal Nehru Agricultural University?,The attendance rule at Jawaharlal Nehru Agricultural University is Minimum 75% attendance mandatory.
Jawaharlal Nehru Technological University Hyderabad,Fees,What is the tuition fee for Jawaharlal Nehru Technological University Hyderabad?,The tuition fee for Jawaharlal Nehru Technological University Hyderabad is 122543 per semester.
Jawaharlal Nehru Technological University Hyderabad,Placements,What is the highest placement package at Jawaharlal Nehru Technological University Hyderabad?,The highest placement package at Jawaharlal Nehru Technological University Hyderabad is 28.4 Lakh Per Annum.
Jawaharlal Nehru Technological University Hyderabad,Facilities,Does Jawaharlal Nehru Technological University Hyderabad have a hostel and what is the fee?,"Yes, Jawaharlal Nehru Technological University Hyderabad has a hostel for both boys and girls. The fee is 61050 and the mess fee is 31250."
Jawaharlal Nehru Technological University Hyderabad,Facilities,What are the library timings for Jawaharlal Nehru Technological University Hyderabad?,The library timings for Jawaharlal Nehru Technological University Hyderabad are 8:00 AM to 8:00 PM.
Jawaharlal Nehru Technological University Hyderabad,Academics,What is the attendance rule at Jawaharlal Nehru Technological University Hyderabad?,The attendance rule at Jawaharlal Nehru Technological University Hyderabad is Minimum 75% attendance mandatory.
Jawaharlal Nehru University,Fees,What is the tuition fee for Jawaharlal Nehru University?,The tuition fee for Jawaharlal Nehru University is 82409 per semester.
Jawaharlal Nehru University,Placements,What is the highest placement package at Jawaharlal Nehru University?,The highest placement package at Jawaharlal Nehru University is 20.6 Lakh Per Annum.
Jawaharlal Nehru University,Facilities,Does Jawaharlal Nehru University have a hostel and what is the fee?,"Yes, Jawaharlal Nehru University has a hostel for both boys and girls. The fee is 74780 and the mess fee is 29127."
Jawaharlal Nehru University,Facilities,What are the library timings for Jawaharlal Nehru University?,The library timings for Jawaharlal Nehru University are 8:00 AM to 8:00 PM.
Jawaharlal Nehru University,Academics,What is the attendance rule at Jawaharlal Nehru University?,The attendance rule at Jawaharlal Nehru University is Minimum 75% attendance mandatory.
Jaipur National University,Fees,What is the tuition fee for Jaipur National University?,The tuition fee for Jaipur National University is 81731 per semester.
Jaipur National University,Placements,What is the highest placement package at Jaipur National University?,The highest placement package at Jaipur National University is 23.8 Lakh Per Annum.
Jaipur National University,Facilities,Does Jaipur National University have a hostel and what is the fee?,"Yes, Jaipur National University has a hostel for both boys and girls. The fee is 84381 and the mess fee is 35556."
Jaipur National University,Facilities,What are the library timings for Jaipur National University?,The library timings for Jaipur National University are 8:00 AM to 8:00 PM.
Jaipur National University,Academics,What is the attendance rule at Jaipur National University?,The attendance rule at Jaipur National University is Minimum 75% attendance mandatory.
Jodhpur National University,Fees,What is the tuition fee for Jodhpur National University?,The tuition fee for Jodhpur National University is 2015 per semester.
Jodhpur National University,Placements,What is the highest placement package at Jodhpur National University?,The highest placement package at Jodhpur National University is 16.4 Lakh Per Annum.
Jodhpur National University,Facilities,Does Jodhpur National University have a hostel and what is the fee?,"Yes, Jodhpur National University has a hostel for both boys and girls. The fee is 67011 and the mess fee is 31205."
Jodhpur National University,Facilities,What are the library timings for Jodhpur National University?,The library timings for Jodhpur National University are 8:00 AM to 8:00 PM.
Jodhpur National University,Academics,What is the attendance rule at Jodhpur National University?,The attendance rule at Jodhpur National University is Minimum 75% attendance mandatory.
Jai Prakash University,Fees,What is the tuition fee for Jai Prakash University?,The tuition fee for Jai Prakash University is 52997 per semester.
Jai Prakash University,Placements,What is the highest placement package at Jai Prakash University?,The highest placement package at Jai Prakash University is 34.5 Lakh Per Annum.
Jai Prakash University,Facilities,Does Jai Prakash University have a hostel and what is the fee?,"Yes, Jai Prakash University has a hostel for both boys and girls. The fee is 70400 and the mess fee is 31140."
Jai Prakash University,Facilities,What are the library timings for Jai Prakash University?,The library timings for Jai Prakash University are 8:00 AM to 8:00 PM.
Jai Prakash University,Academics,What is the attendance rule at Jai Prakash University?,The attendance rule at Jai Prakash University is Minimum 75% attendance mandatory.
Rajasthan Vidyapeeth University,Fees,What is the tuition fee for Rajasthan Vidyapeeth University?,The tuition fee for Rajasthan Vidyapeeth University is 143729 per semester.
Rajasthan Vidyapeeth University,Placements,What is the highest placement package at Rajasthan Vidyapeeth University?,The highest placement package at Rajasthan Vidyapeeth University is 23.0 Lakh Per Annum.
Rajasthan Vidyapeeth University,Facilities,Does Rajasthan Vidyapeeth University have a hostel and what is the fee?,"Yes, Rajasthan Vidyapeeth University has a hostel for both boys and girls. The fee is 47435 and the mess fee is 35899."
Rajasthan Vidyapeeth University,Facilities,What are the library timings for Rajasthan Vidyapeeth University?,The library timings for Rajasthan Vidyapeeth University are 8:00 AM to 8:00 PM.
Rajasthan Vidyapeeth University,Academics,What is the attendance rule at Rajasthan Vidyapeeth University?,The attendance rule at Rajasthan Vidyapeeth University is Minimum 75% attendance mandatory.
Jain Vishva Bharati Institute,Fees,What is the tuition fee for Jain Vishva Bharati Institute?,The tuition fee for Jain Vishva Bharati Institute is 145354 per semester.
Jain Vishva Bharati Institute,Placements,What is the highest placement package at Jain Vishva Bharati Institute?,The highest placement package at Jain Vishva Bharati Institute is 31.8 Lakh Per Annum.
Jain Vishva Bharati Institute,Facilities,Does Jain Vishva Bharati Institute have a hostel and what is the fee?,"Yes, Jain Vishva Bharati Institute has a hostel for both boys and girls. The fee is 72045 and the mess fee is 42951."
Jain Vishva Bharati Institute,Facilities,What are the library timings for Jain Vishva Bharati Institute?,The library timings for Jain Vishva Bharati Institute are 8:00 AM to 8:00 PM.
Jain Vishva Bharati Institute,Academics,What is the attendance rule at Jain Vishva Bharati Institute?,The attendance rule at Jain Vishva Bharati Institute is Minimum 75% attendance mandatory.
Kalinga University,Fees,What is the tuition fee for Kalinga University?,The tuition fee for Kalinga University is 80916 per semester.
Kalinga University,Placements,What is the highest placement package at Kalinga University?,The highest placement package at Kalinga University is 38.8 Lakh Per Annum.
Kalinga University,Facilities,Does Kalinga University have a hostel and what is the fee?,"Yes, Kalinga University has a hostel for both boys and girls. The fee is 53266 and the mess fee is 33494."
Kalinga University,Facilities,What are the library timings for Kalinga University?,The library timings for Kalinga University are 8:00 AM to 8:00 PM.
Kalinga University,Academics,What is the attendance rule at Kalinga University?,The attendance rule at Kalinga University is Minimum 75% attendance mandatory.
Sri Chandrasekharendra Saraswathi Viswa Mahavidyalaya,Fees,What is the tuition fee for Sri Chandrasekharendra Saraswathi Viswa Mahavidyalaya?,The tuition fee for Sri Chandrasekharendra Saraswathi Viswa Mahavidyalaya is 2026 per semester.
Sri Chandrasekharendra Saraswathi Viswa Mahavidyalaya,Placements,What is the highest placement package at Sri Chandrasekharendra Saraswathi Viswa Mahavidyalaya?,The highest placement package at Sri Chandrasekharendra Saraswathi Viswa Mahavidyalaya is 36.9 Lakh Per Annum.
Sri Chandrasekharendra Saraswathi Viswa Mahavidyalaya,Facilities,Does Sri Chandrasekharendra Saraswathi Viswa Mahavidyalaya have a hostel and what is the fee?,"Yes, Sri Chandrasekharendra Saraswathi Viswa Mahavidyalaya has a hostel for both boys and girls. The fee is 80903 and the mess fee is 41261."
Sri Chandrasekharendra Saraswathi Viswa Mahavidyalaya,Facilities,What are the library timings for Sri Chandrasekharendra Saraswathi Viswa Mahavidyalaya?,The library timings for Sri Chandrasekharendra Saraswathi Viswa Mahavidyalaya are 8:00 AM to 8:00 PM.
Sri Chandrasekharendra Saraswathi Viswa Mahavidyalaya,Academics,What is the attendance rule at Sri Chandrasekharendra Saraswathi Viswa Mahavidyalaya?,The attendance rule at Sri Chandrasekharendra Saraswathi Viswa Mahavidyalaya is Minimum 75% attendance mandatory.
Kannada University,Fees,What is the tuition fee for Kannada University?,The tuition fee for Kannada University is 96067 per semester.
Kannada University,Placements,What is the highest placement package at Kannada University?,The highest placement package at Kannada University is 39.9 Lakh Per Annum.
Kannada University,Facilities,Does Kannada University have a hostel and what is the fee?,"Yes, Kannada University has a hostel for both boys and girls. The fee is 57296 and the mess fee is 35615."
Kannada University,Facilities,What are the library timings for Kannada University?,The library timings for Kannada University are 8:00 AM to 8:00 PM.
Kannada University,Academics,What is the attendance rule at Kannada University?,The attendance rule at Kannada University is Minimum 75% attendance mandatory.
Kannur University,Fees,What is the tuition fee for Kannur University?,The tuition fee for Kannur University is 148107 per semester.
Kannur University,Placements,What is the highest placement package at Kannur University?,The highest placement package at Kannur University is 38.6 Lakh Per Annum.
Kannur University,Facilities,Does Kannur University have a hostel and what is the fee?,"Yes, Kannur University has a hostel for both boys and girls. The fee is 70999 and the mess fee is 29628."
Kannur University,Facilities,What are the library timings for Kannur University?,The library timings for Kannur University are 8:00 AM to 8:00 PM.
Kannur University,Academics,What is the attendance rule at Kannur University?,The attendance rule at Kannur University is Minimum 75% attendance mandatory.
Chhatrapati Shahu Ji Maharaj University,Fees,What is the tuition fee for Chhatrapati Shahu Ji Maharaj University?,The tuition fee for Chhatrapati Shahu Ji Maharaj University is 95395 per semester.
Chhatrapati Shahu Ji Maharaj University,Placements,What is the highest placement package at Chhatrapati Shahu Ji Maharaj University?,The highest placement package at Chhatrapati Shahu Ji Maharaj University is 42.1 Lakh Per Annum.
Chhatrapati Shahu Ji Maharaj University,Facilities,Does Chhatrapati Shahu Ji Maharaj University have a hostel and what is the fee?,"Yes, Chhatrapati Shahu Ji Maharaj University has a hostel for both boys and girls. The fee is 74609 and the mess fee is 37329."
Chhatrapati Shahu Ji Maharaj University,Facilities,What are the library timings for Chhatrapati Shahu Ji Maharaj University?,The library timings for Chhatrapati Shahu Ji Maharaj University are 8:00 AM to 8:00 PM.
Chhatrapati Shahu Ji Maharaj University,Academics,What is the attendance rule at Chhatrapati Shahu Ji Maharaj University?,The attendance rule at Chhatrapati Shahu Ji Maharaj University is Minimum 75% attendance mandatory.
Karnataka State Open University,Fees,What is the tuition fee for Karnataka State Open University?,The tuition fee for Karnataka State Open University is 147944 per semester.
Karnataka State Open University,Placements,What is the highest placement package at Karnataka State Open University?,The highest placement package at Karnataka State Open University is 21.3 Lakh Per Annum.
Karnataka State Open University,Facilities,Does Karnataka State Open University have a hostel and what is the fee?,"Yes, Karnataka State Open University has a hostel for both boys and girls. The fee is 52614 and the mess fee is 37585."
Karnataka State Open University,Facilities,What are the library timings for Karnataka State Open University?,The library timings for Karnataka State Open University are 8:00 AM to 8:00 PM.
Karnataka State Open University,Academics,What is the attendance rule at Karnataka State Open University?,The attendance rule at Karnataka State Open University is Minimum 75% attendance mandatory.
Karpagam University,Fees,What is the tuition fee for Karpagam University?,The tuition fee for Karpagam University is 147637 per semester.
Karpagam University,Placements,What is the highest placement package at Karpagam University?,The highest placement package at Karpagam University is 26.3 Lakh Per Annum.
Karpagam University,Facilities,Does Karpagam University have a hostel and what is the fee?,"Yes, Karpagam University has a hostel for both boys and girls. The fee is 59928 and the mess fee is 36017."
Karpagam University,Facilities,What are the library timings for Karpagam University?,The library timings for Karpagam University are 8:00 AM to 8:00 PM.
Karpagam University,Academics,What is the attendance rule at Karpagam University?,The attendance rule at Karpagam University is Minimum 75% attendance mandatory.
Karunya Institute Of Technology,Fees,What is the tuition fee for Karunya Institute Of Technology?,The tuition fee for Karunya Institute Of Technology is 87931 per semester.
Karunya Institute Of Technology,Placements,What is the highest placement package at Karunya Institute Of Technology?,The highest placement package at Karunya Institute Of Technology is 40.7 Lakh Per Annum.
Karunya Institute Of Technology,Facilities,Does Karunya Institute Of Technology have a hostel and what is the fee?,"Yes, Karunya Institute Of Technology has a hostel for both boys and girls. The fee is 64024 and the mess fee is 25100."
Karunya Institute Of Technology,Facilities,What are the library timings for Karunya Institute Of Technology?,The library timings for Karunya Institute Of Technology are 8:00 AM to 8:00 PM.
Karunya Institute Of Technology,Academics,What is the attendance rule at Karunya Institute Of Technology?,The attendance rule at Karunya Institute Of Technology is Minimum 75% attendance mandatory.
University of Kashmir,Fees,What is the tuition fee for University of Kashmir?,The tuition fee for University of Kashmir is 55043 per semester.
University of Kashmir,Placements,What is the highest placement package at University of Kashmir?,The highest placement package at University of Kashmir is 25.1 Lakh Per Annum.
University of Kashmir,Facilities,Does University of Kashmir have a hostel and what is the fee?,"Yes, University of Kashmir has a hostel for both boys and girls. The fee is 51976 and the mess fee is 29443."
University of Kashmir,Facilities,What are the library timings for University of Kashmir?,The library timings for University of Kashmir are 8:00 AM to 8:00 PM.
University of Kashmir,Academics,What is the attendance rule at University of Kashmir?,The attendance rule at University of Kashmir is Minimum 75% attendance mandatory.
Kerala Agricultural University,Fees,What is the tuition fee for Kerala Agricultural University?,The tuition fee for Kerala Agricultural University is 113031 per semester.
Kerala Agricultural University,Placements,What is the highest placement package at Kerala Agricultural University?,The highest placement package at Kerala Agricultural University is 44.9 Lakh Per Annum.
Kerala Agricultural University,Facilities,Does Kerala Agricultural University have a hostel and what is the fee?,"Yes, Kerala Agricultural University has a hostel for both boys and girls. The fee is 66429 and the mess fee is 30646."
Kerala Agricultural University,Facilities,What are the library timings for Kerala Agricultural University?,The library timings for Kerala Agricultural University are 8:00 AM to 8:00 PM.
Kerala Agricultural University,Academics,What is the attendance rule at Kerala Agricultural University?,The attendance rule at Kerala Agricultural University is Minimum 75% attendance mandatory.
University of Kerala,Fees,What is the tuition fee for University of Kerala?,The tuition fee for University of Kerala is 139914 per semester.
University of Kerala,Placements,What is the highest placement package at University of Kerala?,The highest placement package at University of Kerala is 24.7 Lakh Per Annum.
University of Kerala,Facilities,Does University of Kerala have a hostel and what is the fee?,"Yes, University of Kerala has a hostel for both boys and girls. The fee is 66528 and the mess fee is 42506."
University of Kerala,Facilities,What are the library timings for University of Kerala?,The library timings for University of Kerala are 8:00 AM to 8:00 PM.
University of Kerala,Academics,What is the attendance rule at University of Kerala?,The attendance rule at University of Kerala is Minimum 75% attendance mandatory.
Kohinoor School of Hospitality Management,Fees,What is the tuition fee for Kohinoor School of Hospitality Management?,The tuition fee for Kohinoor School of Hospitality Management is 117615 per semester.
Kohinoor School of Hospitality Management,Placements,What is the highest placement package at Kohinoor School of Hospitality Management?,The highest placement package at Kohinoor School of Hospitality Management is 20.9 Lakh Per Annum.
Kohinoor School of Hospitality Management,Facilities,Does Kohinoor School of Hospitality Management have a hostel and what is the fee?,"Yes, Kohinoor School of Hospitality Management has a hostel for both boys and girls. The fee is 46508 and the mess fee is 35956."
Kohinoor School of Hospitality Management,Facilities,What are the library timings for Kohinoor School of Hospitality Management?,The library timings for Kohinoor School of Hospitality Management are 8:00 AM to 8:00 PM.
Kohinoor School of Hospitality Management,Academics,What is the attendance rule at Kohinoor School of Hospitality Management?,The attendance rule at Kohinoor School of Hospitality Management is Minimum 75% attendance mandatory.
University of Kalyani,Fees,What is the tuition fee for University of Kalyani?,The tuition fee for University of Kalyani is 108799 per semester.
University of Kalyani,Placements,What is the highest placement package at University of Kalyani?,The highest placement package at University of Kalyani is 31.2 Lakh Per Annum.
University of Kalyani,Facilities,Does University of Kalyani have a hostel and what is the fee?,"Yes, University of Kalyani has a hostel for both boys and girls. The fee is 63284 and the mess fee is 26489."
University of Kalyani,Facilities,What are the library timings for University of Kalyani?,The library timings for University of Kalyani are 8:00 AM to 8:00 PM.
University of Kalyani,Academics,What is the attendance rule at University of Kalyani?,The attendance rule at University of Kalyani is Minimum 75% attendance mandatory.
Krishna University,Fees,What is the tuition fee for Krishna University?,The tuition fee for Krishna University is 59436 per semester.
Krishna University,Placements,What is the highest placement package at Krishna University?,The highest placement package at Krishna University is 31.7 Lakh Per Annum.
Krishna University,Facilities,Does Krishna University have a hostel and what is the fee?,"Yes, Krishna University has a hostel for both boys and girls. The fee is 47251 and the mess fee is 37094."
Krishna University,Facilities,What are the library timings for Krishna University?,The library timings for Krishna University are 8:00 AM to 8:00 PM.
Krishna University,Academics,What is the attendance rule at Krishna University?,The attendance rule at Krishna University is Minimum 75% attendance mandatory.
Kameshwar Singh Darbhanga Sanskrit University,Fees,What is the tuition fee for Kameshwar Singh Darbhanga Sanskrit University?,The tuition fee for Kameshwar Singh Darbhanga Sanskrit University is 146060 per semester.
Kameshwar Singh Darbhanga Sanskrit University,Placements,What is the highest placement package at Kameshwar Singh Darbhanga Sanskrit University?,The highest placement package at Kameshwar Singh Darbhanga Sanskrit University is 30.1 Lakh Per Annum.
Kameshwar Singh Darbhanga Sanskrit University,Facilities,Does Kameshwar Singh Darbhanga Sanskrit University have a hostel and what is the fee?,"Yes, Kameshwar Singh Darbhanga Sanskrit University has a hostel for both boys and girls. The fee is 66117 and the mess fee is 42758."
Kameshwar Singh Darbhanga Sanskrit University,Facilities,What are the library timings for Kameshwar Singh Darbhanga Sanskrit University?,The library timings for Kameshwar Singh Darbhanga Sanskrit University are 8:00 AM to 8:00 PM.
Kameshwar Singh Darbhanga Sanskrit University,Academics,What is the attendance rule at Kameshwar Singh Darbhanga Sanskrit University?,The attendance rule at Kameshwar Singh Darbhanga Sanskrit University is Minimum 75% attendance mandatory.
Karnataka State Law University,Fees,What is the tuition fee for Karnataka State Law University?,The tuition fee for Karnataka State Law University is 106254 per semester.
Karnataka State Law University,Placements,What is the highest placement package at Karnataka State Law University?,The highest placement package at Karnataka State Law University is 18.4 Lakh Per Annum.
Karnataka State Law University,Facilities,Does Karnataka State Law University have a hostel and what is the fee?,"Yes, Karnataka State Law University has a hostel for both boys and girls. The fee is 62785 and the mess fee is 43141."
Karnataka State Law University,Facilities,What are the library timings for Karnataka State Law University?,The library timings for Karnataka State Law University are 8:00 AM to 8:00 PM.
Karnataka State Law University,Academics,What is the attendance rule at Karnataka State Law University?,The attendance rule at Karnataka State Law University is Minimum 75% attendance mandatory.
Karnatak University,Fees,What is the tuition fee for Karnatak University?,The tuition fee for Karnatak University is 46083 per semester.
Karnatak University,Placements,What is the highest placement package at Karnatak University?,The highest placement package at Karnatak University is 16.2 Lakh Per Annum.
Karnatak University,Facilities,Does Karnatak University have a hostel and what is the fee?,"Yes, Karnatak University has a hostel for both boys and girls. The fee is 59613 and the mess fee is 37122."
Karnatak University,Facilities,What are the library timings for Karnatak University?,The library timings for Karnatak University are 8:00 AM to 8:00 PM.
Karnatak University,Academics,What is the attendance rule at Karnatak University?,The attendance rule at Karnatak University is Minimum 75% attendance mandatory.
Kerala University of Fisheries and Ocean Sciences,Fees,What is the tuition fee for Kerala University of Fisheries and Ocean Sciences?,The tuition fee for Kerala University of Fisheries and Ocean Sciences is 76813 per semester.
Kerala University of Fisheries and Ocean Sciences,Placements,What is the highest placement package at Kerala University of Fisheries and Ocean Sciences?,The highest placement package at Kerala University of Fisheries and Ocean Sciences is 35.8 Lakh Per Annum.
Kerala University of Fisheries and Ocean Sciences,Facilities,Does Kerala University of Fisheries and Ocean Sciences have a hostel and what is the fee?,"Yes, Kerala University of Fisheries and Ocean Sciences has a hostel for both boys and girls. The fee is 51235 and the mess fee is 43071."
Kerala University of Fisheries and Ocean Sciences,Facilities,What are the library timings for Kerala University of Fisheries and Ocean Sciences?,The library timings for Kerala University of Fisheries and Ocean Sciences are 8:00 AM to 8:00 PM.
Kerala University of Fisheries and Ocean Sciences,Academics,What is the attendance rule at Kerala University of Fisheries and Ocean Sciences?,The attendance rule at Kerala University of Fisheries and Ocean Sciences is Minimum 75% attendance mandatory.
Kurukshetra University,Fees,What is the tuition fee for Kurukshetra University?,The tuition fee for Kurukshetra University is 71458 per semester.
Kurukshetra University,Placements,What is the highest placement package at Kurukshetra University?,The highest placement package at Kurukshetra University is 38.0 Lakh Per Annum.
Kurukshetra University,Facilities,Does Kurukshetra University have a hostel and what is the fee?,"Yes, Kurukshetra University has a hostel for both boys and girls. The fee is 53169 and the mess fee is 37569."
Kurukshetra University,Facilities,What are the library timings for Kurukshetra University?,The library timings for Kurukshetra University are 8:00 AM to 8:00 PM.
Kurukshetra University,Academics,What is the attendance rule at Kurukshetra University?,The attendance rule at Kurukshetra University is Minimum 75% attendance mandatory.
Kumaraguru College of Technology,Fees,What is the tuition fee for Kumaraguru College of Technology?,The tuition fee for Kumaraguru College of Technology is 58754 per semester.
Kumaraguru College of Technology,Placements,What is the highest placement package at Kumaraguru College of Technology?,The highest placement package at Kumaraguru College of Technology is 39.1 Lakh Per Annum.
Kumaraguru College of Technology,Facilities,Does Kumaraguru College of Technology have a hostel and what is the fee?,"Yes, Kumaraguru College of Technology has a hostel for both boys and girls. The fee is 68043 and the mess fee is 27646."
Kumaraguru College of Technology,Facilities,What are the library timings for Kumaraguru College of Technology?,The library timings for Kumaraguru College of Technology are 8:00 AM to 8:00 PM.
Kumaraguru College of Technology,Academics,What is the attendance rule at Kumaraguru College of Technology?,The attendance rule at Kumaraguru College of Technology is Minimum 75% attendance mandatory.
Kumaun University,Fees,What is the tuition fee for Kumaun University?,The tuition fee for Kumaun University is 97016 per semester.
Kumaun University,Placements,What is the highest placement package at Kumaun University?,The highest placement package at Kumaun University is 32.9 Lakh Per Annum.
Kumaun University,Facilities,Does Kumaun University have a hostel and what is the fee?,"Yes, Kumaun University has a hostel for both boys and girls. The fee is 47568 and the mess fee is 43243."
Kumaun University,Facilities,What are the library timings for Kumaun University?,The library timings for Kumaun University are 8:00 AM to 8:00 PM.
Kumaun University,Academics,What is the attendance rule at Kumaun University?,The attendance rule at Kumaun University is Minimum 75% attendance mandatory.
Kuvempu University,Fees,What is the tuition fee for Kuvempu University?,The tuition fee for Kuvempu University is 98911 per semester.
Kuvempu University,Placements,What is the highest placement package at Kuvempu University?,The highest placement package at Kuvempu University is 23.9 Lakh Per Annum.
Kuvempu University,Facilities,Does Kuvempu University have a hostel and what is the fee?,"Yes, Kuvempu University has a hostel for both boys and girls. The fee is 71260 and the mess fee is 28971."
Kuvempu University,Facilities,What are the library timings for Kuvempu University?,The library timings for Kuvempu University are 8:00 AM to 8:00 PM.
Kuvempu University,Academics,What is the attendance rule at Kuvempu University?,The attendance rule at Kuvempu University is Minimum 75% attendance mandatory.
Kakatiya University,Fees,What is the tuition fee for Kakatiya University?,The tuition fee for Kakatiya University is 41822 per semester.
Kakatiya University,Placements,What is the highest placement package at Kakatiya University?,The highest placement package at Kakatiya University is 25.4 Lakh Per Annum.
Kakatiya University,Facilities,Does Kakatiya University have a hostel and what is the fee?,"Yes, Kakatiya University has a hostel for both boys and girls. The fee is 65150 and the mess fee is 35621."
Kakatiya University,Facilities,What are the library timings for Kakatiya University?,The library timings for Kakatiya University are 8:00 AM to 8:00 PM.
Kakatiya University,Academics,What is the attendance rule at Kakatiya University?,The attendance rule at Kakatiya University is Minimum 75% attendance mandatory.
L.D.College of Engineering,Fees,What is the tuition fee for L.D.College of Engineering?,The tuition fee for L.D.College of Engineering is 58833 per semester.
L.D.College of Engineering,Placements,What is the highest placement package at L.D.College of Engineering?,The highest placement package at L.D.College of Engineering is 44.3 Lakh Per Annum.
L.D.College of Engineering,Facilities,Does L.D.College of Engineering have a hostel and what is the fee?,"Yes, L.D.College of Engineering has a hostel for both boys and girls. The fee is 60230 and the mess fee is 25613."
L.D.College of Engineering,Facilities,What are the library timings for L.D.College of Engineering?,The library timings for L.D.College of Engineering are 8:00 AM to 8:00 PM.
L.D.College of Engineering,Academics,What is the attendance rule at L.D.College of Engineering?,The attendance rule at L.D.College of Engineering is Minimum 75% attendance mandatory.
Lakshmibai National Institute of Physical Education,Fees,What is the tuition fee for Lakshmibai National Institute of Physical Education?,The tuition fee for Lakshmibai National Institute of Physical Education is 115206 per semester.
Lakshmibai National Institute of Physical Education,Placements,What is the highest placement package at Lakshmibai National Institute of Physical Education?,The highest placement package at Lakshmibai National Institute of Physical Education is 15.1 Lakh Per Annum.
Lakshmibai National Institute of Physical Education,Facilities,Does Lakshmibai National Institute of Physical Education have a hostel and what is the fee?,"Yes, Lakshmibai National Institute of Physical Education has a hostel for both boys and girls. The fee is 54851 and the mess fee is 40669."
Lakshmibai National Institute of Physical Education,Facilities,What are the library timings for Lakshmibai National Institute of Physical Education?,The library timings for Lakshmibai National Institute of Physical Education are 8:00 AM to 8:00 PM.
Lakshmibai National Institute of Physical Education,Academics,What is the attendance rule at Lakshmibai National Institute of Physical Education?,The attendance rule at Lakshmibai National Institute of Physical Education is Minimum 75% attendance mandatory.
Lalit Narayan Mithila University,Fees,What is the tuition fee for Lalit Narayan Mithila University?,The tuition fee for Lalit Narayan Mithila University is 115352 per semester.
Lalit Narayan Mithila University,Placements,What is the highest placement package at Lalit Narayan Mithila University?,The highest placement package at Lalit Narayan Mithila University is 37.8 Lakh Per Annum.
Lalit Narayan Mithila University,Facilities,Does Lalit Narayan Mithila University have a hostel and what is the fee?,"Yes, Lalit Narayan Mithila University has a hostel for both boys and girls. The fee is 56948 and the mess fee is 28130."
Lalit Narayan Mithila University,Facilities,What are the library timings for Lalit Narayan Mithila University?,The library timings for Lalit Narayan Mithila University are 8:00 AM to 8:00 PM.
Lalit Narayan Mithila University,Academics,What is the attendance rule at Lalit Narayan Mithila University?,The attendance rule at Lalit Narayan Mithila University is Minimum 75% attendance mandatory.
University of Lucknow,Fees,What is the tuition fee for University of Lucknow?,The tuition fee for University of Lucknow is 57003 per semester.
University of Lucknow,Placements,What is the highest placement package at University of Lucknow?,The highest placement package at University of Lucknow is 30.9 Lakh Per Annum.
University of Lucknow,Facilities,Does University of Lucknow have a hostel and what is the fee?,"Yes, University of Lucknow has a hostel for both boys and girls. The fee is 54704 and the mess fee is 37190."
University of Lucknow,Facilities,What are the library timings for University of Lucknow?,The library timings for University of Lucknow are 8:00 AM to 8:00 PM.
University of Lucknow,Academics,What is the attendance rule at University of Lucknow?,The attendance rule at University of Lucknow is Minimum 75% attendance mandatory.
Mar Athanasios College for Advanced Studies,Fees,What is the tuition fee for Mar Athanasios College for Advanced Studies?,The tuition fee for Mar Athanasios College for Advanced Studies is 97355 per semester.
Mar Athanasios College for Advanced Studies,Placements,What is the highest placement package at Mar Athanasios College for Advanced Studies?,The highest placement package at Mar Athanasios College for Advanced Studies is 29.6 Lakh Per Annum.
Mar Athanasios College for Advanced Studies,Facilities,Does Mar Athanasios College for Advanced Studies have a hostel and what is the fee?,"Yes, Mar Athanasios College for Advanced Studies has a hostel for both boys and girls. The fee is 84357 and the mess fee is 38188."
Mar Athanasios College for Advanced Studies,Facilities,What are the library timings for Mar Athanasios College for Advanced Studies?,The library timings for Mar Athanasios College for Advanced Studies are 8:00 AM to 8:00 PM.
Mar Athanasios College for Advanced Studies,Academics,What is the attendance rule at Mar Athanasios College for Advanced Studies?,The attendance rule at Mar Athanasios College for Advanced Studies is Minimum 75% attendance mandatory.
Magadh University,Fees,What is the tuition fee for Magadh University?,The tuition fee for Magadh University is 67401 per semester.
Magadh University,Placements,What is the highest placement package at Magadh University?,The highest placement package at Magadh University is 19.3 Lakh Per Annum.
Magadh University,Facilities,Does Magadh University have a hostel and what is the fee?,"Yes, Magadh University has a hostel for both boys and girls. The fee is 65078 and the mess fee is 26247."
Magadh University,Facilities,What are the library timings for Magadh University?,The library timings for Magadh University are 8:00 AM to 8:00 PM.
Magadh University,Academics,What is the attendance rule at Magadh University?,The attendance rule at Magadh University is Minimum 75% attendance mandatory.
Mangalore University,Fees,What is the tuition fee for Mangalore University?,The tuition fee for Mangalore University is 85439 per semester.
Mangalore University,Placements,What is the highest placement package at Mangalore University?,The highest placement package at Mangalore University is 44.4 Lakh Per Annum.
Mangalore University,Facilities,Does Mangalore University have a hostel and what is the fee?,"Yes, Mangalore University has a hostel for both boys and girls. The fee is 69243 and the mess fee is 25293."
Mangalore University,Facilities,What are the library timings for Mangalore University?,The library timings for Mangalore University are 8:00 AM to 8:00 PM.
Mangalore University,Academics,What is the attendance rule at Mangalore University?,The attendance rule at Mangalore University is Minimum 75% attendance mandatory.
Manipal University,Fees,What is the tuition fee for Manipal University?,The tuition fee for Manipal University is 44734 per semester.
Manipal University,Placements,What is the highest placement package at Manipal University?,The highest placement package at Manipal University is 15.6 Lakh Per Annum.
Manipal University,Facilities,Does Manipal University have a hostel and what is the fee?,"Yes, Manipal University has a hostel for both boys and girls. The fee is 46512 and the mess fee is 30144."
Manipal University,Facilities,What are the library timings for Manipal University?,The library timings for Manipal University are 8:00 AM to 8:00 PM.
Manipal University,Academics,What is the attendance rule at Manipal University?,The attendance rule at Manipal University is Minimum 75% attendance mandatory.
Manipur University,Fees,What is the tuition fee for Manipur University?,The tuition fee for Manipur University is 2025 per semester.
Manipur University,Placements,What is the highest placement package at Manipur University?,The highest placement package at Manipur University is 27.9 Lakh Per Annum.
Manipur University,Facilities,Does Manipur University have a hostel and what is the fee?,"Yes, Manipur University has a hostel for both boys and girls. The fee is 2023 and the mess fee is 27745."
Manipur University,Facilities,What are the library timings for Manipur University?,The library timings for Manipur University are 8:00 AM to 8:00 PM.
Manipur University,Academics,What is the attendance rule at Manipur University?,The attendance rule at Manipur University is Minimum 75% attendance mandatory.
Moulana Azad national Urdu University,Fees,What is the tuition fee for Moulana Azad national Urdu University?,The tuition fee for Moulana Azad national Urdu University is 147321 per semester.
Moulana Azad national Urdu University,Placements,What is the highest placement package at Moulana Azad national Urdu University?,The highest placement package at Moulana Azad national Urdu University is 16.3 Lakh Per Annum.
Moulana Azad national Urdu University,Facilities,Does Moulana Azad national Urdu University have a hostel and what is the fee?,"Yes, Moulana Azad national Urdu University has a hostel for both boys and girls. The fee is 65845 and the mess fee is 43881."
Moulana Azad national Urdu University,Facilities,What are the library timings for Moulana Azad national Urdu University?,The library timings for Moulana Azad national Urdu University are 8:00 AM to 8:00 PM.
Moulana Azad national Urdu University,Academics,What is the attendance rule at Moulana Azad national Urdu University?,The attendance rule at Moulana Azad national Urdu University is Minimum 75% attendance mandatory.
Makanlal Chutur Vedi University,Fees,What is the tuition fee for Makanlal Chutur Vedi University?,The tuition fee for Makanlal Chutur Vedi University is 66110 per semester.
Makanlal Chutur Vedi University,Placements,What is the highest placement package at Makanlal Chutur Vedi University?,The highest placement package at Makanlal Chutur Vedi University is 39.6 Lakh Per Annum.
Makanlal Chutur Vedi University,Facilities,Does Makanlal Chutur Vedi University have a hostel and what is the fee?,"Yes, Makanlal Chutur Vedi University has a hostel for both boys and girls. The fee is 48569 and the mess fee is 27867."
Makanlal Chutur Vedi University,Facilities,What are the library timings for Makanlal Chutur Vedi University?,The library timings for Makanlal Chutur Vedi University are 8:00 AM to 8:00 PM.
Makanlal Chutur Vedi University,Academics,What is the attendance rule at Makanlal Chutur Vedi University?,The attendance rule at Makanlal Chutur Vedi University is Minimum 75% attendance mandatory.
Maharshi Dayanand Sarswati University Ajmer,Fees,What is the tuition fee for Maharshi Dayanand Sarswati University Ajmer?,The tuition fee for Maharshi Dayanand Sarswati University Ajmer is 51052 per semester.
Maharshi Dayanand Sarswati University Ajmer,Placements,What is the highest placement package at Maharshi Dayanand Sarswati University Ajmer?,The highest placement package at Maharshi Dayanand Sarswati University Ajmer is 23.1 Lakh Per Annum.
Maharshi Dayanand Sarswati University Ajmer,Facilities,Does Maharshi Dayanand Sarswati University Ajmer have a hostel and what is the fee?,"Yes, Maharshi Dayanand Sarswati University Ajmer has a hostel for both boys and girls. The fee is 69373 and the mess fee is 31467."
Maharshi Dayanand Sarswati University Ajmer,Facilities,What are the library timings for Maharshi Dayanand Sarswati University Ajmer?,The library timings for Maharshi Dayanand Sarswati University Ajmer are 8:00 AM to 8:00 PM.
Maharshi Dayanand Sarswati University Ajmer,Academics,What is the attendance rule at Maharshi Dayanand Sarswati University Ajmer?,The attendance rule at Maharshi Dayanand Sarswati University Ajmer is Minimum 75% attendance mandatory.
"Maharishi Dayanand University, Rohtak",Fees,"What is the tuition fee for Maharishi Dayanand University, Rohtak?","The tuition fee for Maharishi Dayanand University, Rohtak is 114106 per semester."
"Maharishi Dayanand University, Rohtak",Placements,"What is the highest placement package at Maharishi Dayanand University, Rohtak?","The highest placement package at Maharishi Dayanand University, Rohtak is 31.7 Lakh Per Annum."
"Maharishi Dayanand University, Rohtak",Facilities,"Does Maharishi Dayanand University, Rohtak have a hostel and what is the fee?","Yes, Maharishi Dayanand University, Rohtak has a hostel for both boys and girls. The fee is 74205 and the mess fee is 26435."
"Maharishi Dayanand University, Rohtak",Facilities,"What are the library timings for Maharishi Dayanand University, Rohtak?","The library timings for Maharishi Dayanand University, Rohtak are 8:00 AM to 8:00 PM."
"Maharishi Dayanand University, Rohtak",Academics,"What is the attendance rule at Maharishi Dayanand University, Rohtak?","The attendance rule at Maharishi Dayanand University, Rohtak is Minimum 75% attendance mandatory."
Mahatma Gandhi Kashi Vidyapith,Fees,What is the tuition fee for Mahatma Gandhi Kashi Vidyapith?,The tuition fee for Mahatma Gandhi Kashi Vidyapith is 132895 per semester.
Mahatma Gandhi Kashi Vidyapith,Placements,What is the highest placement package at Mahatma Gandhi Kashi Vidyapith?,The highest placement package at Mahatma Gandhi Kashi Vidyapith is 38.5 Lakh Per Annum.
Mahatma Gandhi Kashi Vidyapith,Facilities,Does Mahatma Gandhi Kashi Vidyapith have a hostel and what is the fee?,"Yes, Mahatma Gandhi Kashi Vidyapith has a hostel for both boys and girls. The fee is 69570 and the mess fee is 33847."
Mahatma Gandhi Kashi Vidyapith,Facilities,What are the library timings for Mahatma Gandhi Kashi Vidyapith?,The library timings for Mahatma Gandhi Kashi Vidyapith are 8:00 AM to 8:00 PM.
Mahatma Gandhi Kashi Vidyapith,Academics,What is the attendance rule at Mahatma Gandhi Kashi Vidyapith?,The attendance rule at Mahatma Gandhi Kashi Vidyapith is Minimum 75% attendance mandatory.
"Maharaja Ganga Singh University, Bikaner",Fees,"What is the tuition fee for Maharaja Ganga Singh University, Bikaner?","The tuition fee for Maharaja Ganga Singh University, Bikaner is 76823 per semester."
"Maharaja Ganga Singh University, Bikaner",Placements,"What is the highest placement package at Maharaja Ganga Singh University, Bikaner?","The highest placement package at Maharaja Ganga Singh University, Bikaner is 22.7 Lakh Per Annum."
"Maharaja Ganga Singh University, Bikaner",Facilities,"Does Maharaja Ganga Singh University, Bikaner have a hostel and what is the fee?","Yes, Maharaja Ganga Singh University, Bikaner has a hostel for both boys and girls. The fee is 54209 and the mess fee is 36015."
"Maharaja Ganga Singh University, Bikaner",Facilities,"What are the library timings for Maharaja Ganga Singh University, Bikaner?","The library timings for Maharaja Ganga Singh University, Bikaner are 8:00 AM to 8:00 PM."
"Maharaja Ganga Singh University, Bikaner",Academics,"What is the attendance rule at Maharaja Ganga Singh University, Bikaner?","The attendance rule at Maharaja Ganga Singh University, Bikaner is Minimum 75% attendance mandatory."
"Mahatma Gandhi University, Kerala",Fees,"What is the tuition fee for Mahatma Gandhi University, Kerala?","The tuition fee for Mahatma Gandhi University, Kerala is 140270 per semester."
"Mahatma Gandhi University, Kerala",Placements,"What is the highest placement package at Mahatma Gandhi University, Kerala?","The highest placement package at Mahatma Gandhi University, Kerala is 24.1 Lakh Per Annum."
"Mahatma Gandhi University, Kerala",Facilities,"Does Mahatma Gandhi University, Kerala have a hostel and what is the fee?","Yes, Mahatma Gandhi University, Kerala has a hostel for both boys and girls. The fee is 84875 and the mess fee is 32596."
"Mahatma Gandhi University, Kerala",Facilities,"What are the library timings for Mahatma Gandhi University, Kerala?","The library timings for Mahatma Gandhi University, Kerala are 8:00 AM to 8:00 PM."
"Mahatma Gandhi University, Kerala",Academics,"What is the attendance rule at Mahatma Gandhi University, Kerala?","The attendance rule at Mahatma Gandhi University, Kerala is Minimum 75% attendance mandatory."
Mahatma Jyotiba Phule Rohilkhand University Bareilly,Fees,What is the tuition fee for Mahatma Jyotiba Phule Rohilkhand University Bareilly?,The tuition fee for Mahatma Jyotiba Phule Rohilkhand University Bareilly is 116430 per semester.
Mahatma Jyotiba Phule Rohilkhand University Bareilly,Placements,What is the highest placement package at Mahatma Jyotiba Phule Rohilkhand University Bareilly?,The highest placement package at Mahatma Jyotiba Phule Rohilkhand University Bareilly is 29.0 Lakh Per Annum.
Mahatma Jyotiba Phule Rohilkhand University Bareilly,Facilities,Does Mahatma Jyotiba Phule Rohilkhand University Bareilly have a hostel and what is the fee?,"Yes, Mahatma Jyotiba Phule Rohilkhand University Bareilly has a hostel for both boys and girls. The fee is 63136 and the mess fee is 27616."
Mahatma Jyotiba Phule Rohilkhand University Bareilly,Facilities,What are the library timings for Mahatma Jyotiba Phule Rohilkhand University Bareilly?,The library timings for Mahatma Jyotiba Phule Rohilkhand University Bareilly are 8:00 AM to 8:00 PM.
Mahatma Jyotiba Phule Rohilkhand University Bareilly,Academics,What is the attendance rule at Mahatma Jyotiba Phule Rohilkhand University Bareilly?,The attendance rule at Mahatma Jyotiba Phule Rohilkhand University Bareilly is Minimum 75% attendance mandatory.
Madurai Kamaraj University,Fees,What is the tuition fee for Madurai Kamaraj University?,The tuition fee for Madurai Kamaraj University is 104502 per semester.
Madurai Kamaraj University,Placements,What is the highest placement package at Madurai Kamaraj University?,The highest placement package at Madurai Kamaraj University is 21.7 Lakh Per Annum.
Madurai Kamaraj University,Facilities,Does Madurai Kamaraj University have a hostel and what is the fee?,"Yes, Madurai Kamaraj University has a hostel for both boys and girls. The fee is 74244 and the mess fee is 41534."
Madurai Kamaraj University,Facilities,What are the library timings for Madurai Kamaraj University?,The library timings for Madurai Kamaraj University are 8:00 AM to 8:00 PM.
Madurai Kamaraj University,Academics,What is the attendance rule at Madurai Kamaraj University?,The attendance rule at Madurai Kamaraj University is Minimum 75% attendance mandatory.
Marathwada Agricultural University,Fees,What is the tuition fee for Marathwada Agricultural University?,The tuition fee for Marathwada Agricultural University is 119330 per semester.
Marathwada Agricultural University,Placements,What is the highest placement package at Marathwada Agricultural University?,The highest placement package at Marathwada Agricultural University is 34.1 Lakh Per Annum.
Marathwada Agricultural University,Facilities,Does Marathwada Agricultural University have a hostel and what is the fee?,"Yes, Marathwada Agricultural University has a hostel for both boys and girls. The fee is 57380 and the mess fee is 34892."
Marathwada Agricultural University,Facilities,What are the library timings for Marathwada Agricultural University?,The library timings for Marathwada Agricultural University are 8:00 AM to 8:00 PM.
Marathwada Agricultural University,Academics,What is the attendance rule at Marathwada Agricultural University?,The attendance rule at Marathwada Agricultural University is Minimum 75% attendance mandatory.
Mohan Lal Sukhadia University,Fees,What is the tuition fee for Mohan Lal Sukhadia University?,The tuition fee for Mohan Lal Sukhadia University is 91967 per semester.
Mohan Lal Sukhadia University,Placements,What is the highest placement package at Mohan Lal Sukhadia University?,The highest placement package at Mohan Lal Sukhadia University is 26.3 Lakh Per Annum.
Mohan Lal Sukhadia University,Facilities,Does Mohan Lal Sukhadia University have a hostel and what is the fee?,"Yes, Mohan Lal Sukhadia University has a hostel for both boys and girls. The fee is 75447 and the mess fee is 39827."
Mohan Lal Sukhadia University,Facilities,What are the library timings for Mohan Lal Sukhadia University?,The library timings for Mohan Lal Sukhadia University are 8:00 AM to 8:00 PM.
Mohan Lal Sukhadia University,Academics,What is the attendance rule at Mohan Lal Sukhadia University?,The attendance rule at Mohan Lal Sukhadia University is Minimum 75% attendance mandatory.
Motilal Nehru National Institute Of Technology,Fees,What is the tuition fee for Motilal Nehru National Institute Of Technology?,The tuition fee for Motilal Nehru National Institute Of Technology is 44975 per semester.
Motilal Nehru National Institute Of Technology,Placements,What is the highest placement package at Motilal Nehru National Institute Of Technology?,The highest placement package at Motilal Nehru National Institute Of Technology is 36.3 Lakh Per Annum.
Motilal Nehru National Institute Of Technology,Facilities,Does Motilal Nehru National Institute Of Technology have a hostel and what is the fee?,"Yes, Motilal Nehru National Institute Of Technology has a hostel for both boys and girls. The fee is 60753 and the mess fee is 44104."
Motilal Nehru National Institute Of Technology,Facilities,What are the library timings for Motilal Nehru National Institute Of Technology?,The library timings for Motilal Nehru National Institute Of Technology are 8:00 AM to 8:00 PM.
Motilal Nehru National Institute Of Technology,Academics,What is the attendance rule at Motilal Nehru National Institute Of Technology?,The attendance rule at Motilal Nehru National Institute Of Technology is Minimum 75% attendance mandatory.
Madhya Pradesh Bhoj (Open) University,Fees,What is the tuition fee for Madhya Pradesh Bhoj (Open) University?,The tuition fee for Madhya Pradesh Bhoj (Open) University is 116430 per semester.
Madhya Pradesh Bhoj (Open) University,Placements,What is the highest placement package at Madhya Pradesh Bhoj (Open) University?,The highest placement package at Madhya Pradesh Bhoj (Open) University is 27.9 Lakh Per Annum.
Madhya Pradesh Bhoj (Open) University,Facilities,Does Madhya Pradesh Bhoj (Open) University have a hostel and what is the fee?,"Yes, Madhya Pradesh Bhoj (Open) University has a hostel for both boys and girls. The fee is 48328 and the mess fee is 27905."
Madhya Pradesh Bhoj (Open) University,Facilities,What are the library timings for Madhya Pradesh Bhoj (Open) University?,The library timings for Madhya Pradesh Bhoj (Open) University are 8:00 AM to 8:00 PM.
Madhya Pradesh Bhoj (Open) University,Academics,What is the attendance rule at Madhya Pradesh Bhoj (Open) University?,The attendance rule at Madhya Pradesh Bhoj (Open) University is Minimum 75% attendance mandatory.
Mahatma Phule Agricultural University,Fees,What is the tuition fee for Mahatma Phule Agricultural University?,The tuition fee for Mahatma Phule Agricultural University is 86264 per semester.
Mahatma Phule Agricultural University,Placements,What is the highest placement package at Mahatma Phule Agricultural University?,The highest placement package at Mahatma Phule Agricultural University is 16.9 Lakh Per Annum.
Mahatma Phule Agricultural University,Facilities,Does Mahatma Phule Agricultural University have a hostel and what is the fee?,"Yes, Mahatma Phule Agricultural University has a hostel for both boys and girls. The fee is 47894 and the mess fee is 26613."
Mahatma Phule Agricultural University,Facilities,What are the library timings for Mahatma Phule Agricultural University?,The library timings for Mahatma Phule Agricultural University are 8:00 AM to 8:00 PM.
Mahatma Phule Agricultural University,Academics,What is the attendance rule at Mahatma Phule Agricultural University?,The attendance rule at Mahatma Phule Agricultural University is Minimum 75% attendance mandatory.
Maharaja Sayajirao University of Baroda,Fees,What is the tuition fee for Maharaja Sayajirao University of Baroda?,The tuition fee for Maharaja Sayajirao University of Baroda is 47084 per semester.
Maharaja Sayajirao University of Baroda,Placements,What is the highest placement package at Maharaja Sayajirao University of Baroda?,The highest placement package at Maharaja Sayajirao University of Baroda is 37.5 Lakh Per Annum.
Maharaja Sayajirao University of Baroda,Facilities,Does Maharaja Sayajirao University of Baroda have a hostel and what is the fee?,"Yes, Maharaja Sayajirao University of Baroda has a hostel for both boys and girls. The fee is 61841 and the mess fee is 41076."
Maharaja Sayajirao University of Baroda,Facilities,What are the library timings for Maharaja Sayajirao University of Baroda?,The library timings for Maharaja Sayajirao University of Baroda are 8:00 AM to 8:00 PM.
Maharaja Sayajirao University of Baroda,Academics,What is the attendance rule at Maharaja Sayajirao University of Baroda?,The attendance rule at Maharaja Sayajirao University of Baroda is Minimum 75% attendance mandatory.
University of Mumbai,Fees,What is the tuition fee for University of Mumbai?,The tuition fee for University of Mumbai is 117572 per semester.
University of Mumbai,Placements,What is the highest placement package at University of Mumbai?,The highest placement package at University of Mumbai is 41.4 Lakh Per Annum.
University of Mumbai,Facilities,Does University of Mumbai have a hostel and what is the fee?,"Yes, University of Mumbai has a hostel for both boys and girls. The fee is 63457 and the mess fee is 39121."
University of Mumbai,Facilities,What are the library timings for University of Mumbai?,The library timings for University of Mumbai are 8:00 AM to 8:00 PM.
University of Mumbai,Academics,What is the attendance rule at University of Mumbai?,The attendance rule at University of Mumbai is Minimum 75% attendance mandatory.
Acharya Nagarjuna University,Fees,What is the tuition fee for Acharya Nagarjuna University?,The tuition fee for Acharya Nagarjuna University is 72815 per semester.
Acharya Nagarjuna University,Placements,What is the highest placement package at Acharya Nagarjuna University?,The highest placement package at Acharya Nagarjuna University is 28.2 Lakh Per Annum.
Acharya Nagarjuna University,Facilities,Does Acharya Nagarjuna University have a hostel and what is the fee?,"Yes, Acharya Nagarjuna University has a hostel for both boys and girls. The fee is 79764 and the mess fee is 34451."
Acharya Nagarjuna University,Facilities,What are the library timings for Acharya Nagarjuna University?,The library timings for Acharya Nagarjuna University are 8:00 AM to 8:00 PM.
Acharya Nagarjuna University,Academics,What is the attendance rule at Acharya Nagarjuna University?,The attendance rule at Acharya Nagarjuna University is Minimum 75% attendance mandatory.
Nagaland University,Fees,What is the tuition fee for Nagaland University?,The tuition fee for Nagaland University is 128323 per semester.
Nagaland University,Placements,What is the highest placement package at Nagaland University?,The highest placement package at Nagaland University is 15.3 Lakh Per Annum.
Nagaland University,Facilities,Does Nagaland University have a hostel and what is the fee?,"Yes, Nagaland University has a hostel for both boys and girls. The fee is 54640 and the mess fee is 43392."
Nagaland University,Facilities,What are the library timings for Nagaland University?,The library timings for Nagaland University are 8:00 AM to 8:00 PM.
Nagaland University,Academics,What is the attendance rule at Nagaland University?,The attendance rule at Nagaland University is Minimum 75% attendance mandatory.
Nagpur University,Fees,What is the tuition fee for Nagpur University?,The tuition fee for Nagpur University is 56997 per semester.
Nagpur University,Placements,What is the highest placement package at Nagpur University?,The highest placement package at Nagpur University is 44.0 Lakh Per Annum.
Nagpur University,Facilities,Does Nagpur University have a hostel and what is the fee?,"Yes, Nagpur University has a hostel for both boys and girls. The fee is 65561 and the mess fee is 37676."
Nagpur University,Facilities,What are the library timings for Nagpur University?,The library timings for Nagpur University are 8:00 AM to 8:00 PM.
Nagpur University,Academics,What is the attendance rule at Nagpur University?,The attendance rule at Nagpur University is Minimum 75% attendance mandatory.
Nalanda Open University,Fees,What is the tuition fee for Nalanda Open University?,The tuition fee for Nalanda Open University is 133434 per semester.
Nalanda Open University,Placements,What is the highest placement package at Nalanda Open University?,The highest placement package at Nalanda Open University is 18.9 Lakh Per Annum.
Nalanda Open University,Facilities,Does Nalanda Open University have a hostel and what is the fee?,"Yes, Nalanda Open University has a hostel for both boys and girls. The fee is 80610 and the mess fee is 40695."
Nalanda Open University,Facilities,What are the library timings for Nalanda Open University?,The library timings for Nalanda Open University are 8:00 AM to 8:00 PM.
Nalanda Open University,Academics,What is the attendance rule at Nalanda Open University?,The attendance rule at Nalanda Open University is Minimum 75% attendance mandatory.
University of North Bengal,Fees,What is the tuition fee for University of North Bengal?,The tuition fee for University of North Bengal is 130194 per semester.
University of North Bengal,Placements,What is the highest placement package at University of North Bengal?,The highest placement package at University of North Bengal is 32.0 Lakh Per Annum.
University of North Bengal,Facilities,Does University of North Bengal have a hostel and what is the fee?,"Yes, University of North Bengal has a hostel for both boys and girls. The fee is 46917 and the mess fee is 41640."
University of North Bengal,Facilities,What are the library timings for University of North Bengal?,The library timings for University of North Bengal are 8:00 AM to 8:00 PM.
University of North Bengal,Academics,What is the attendance rule at University of North Bengal?,The attendance rule at University of North Bengal is Minimum 75% attendance mandatory.
National Dairy Research Institute,Fees,What is the tuition fee for National Dairy Research Institute?,The tuition fee for National Dairy Research Institute is 89613 per semester.
National Dairy Research Institute,Placements,What is the highest placement package at National Dairy Research Institute?,The highest placement package at National Dairy Research Institute is 31.5 Lakh Per Annum.
National Dairy Research Institute,Facilities,Does National Dairy Research Institute have a hostel and what is the fee?,"Yes, National Dairy Research Institute has a hostel for both boys and girls. The fee is 47670 and the mess fee is 41103."
National Dairy Research Institute,Facilities,What are the library timings for National Dairy Research Institute?,The library timings for National Dairy Research Institute are 8:00 AM to 8:00 PM.
National Dairy Research Institute,Academics,What is the attendance rule at National Dairy Research Institute?,The attendance rule at National Dairy Research Institute is Minimum 75% attendance mandatory.
Narendra Deva University of Agriculture and Technology,Fees,What is the tuition fee for Narendra Deva University of Agriculture and Technology?,The tuition fee for Narendra Deva University of Agriculture and Technology is 112658 per semester.
Narendra Deva University of Agriculture and Technology,Placements,What is the highest placement package at Narendra Deva University of Agriculture and Technology?,The highest placement package at Narendra Deva University of Agriculture and Technology is 17.3 Lakh Per Annum.
Narendra Deva University of Agriculture and Technology,Facilities,Does Narendra Deva University of Agriculture and Technology have a hostel and what is the fee?,"Yes, Narendra Deva University of Agriculture and Technology has a hostel for both boys and girls. The fee is 51000 and the mess fee is 44256."
Narendra Deva University of Agriculture and Technology,Facilities,What are the library timings for Narendra Deva University of Agriculture and Technology?,The library timings for Narendra Deva University of Agriculture and Technology are 8:00 AM to 8:00 PM.
Narendra Deva University of Agriculture and Technology,Academics,What is the attendance rule at Narendra Deva University of Agriculture and Technology?,The attendance rule at Narendra Deva University of Agriculture and Technology is Minimum 75% attendance mandatory.
North Eastern Hill University,Fees,What is the tuition fee for North Eastern Hill University?,The tuition fee for North Eastern Hill University is 140792 per semester.
North Eastern Hill University,Placements,What is the highest placement package at North Eastern Hill University?,The highest placement package at North Eastern Hill University is 36.4 Lakh Per Annum.
North Eastern Hill University,Facilities,Does North Eastern Hill University have a hostel and what is the fee?,"Yes, North Eastern Hill University has a hostel for both boys and girls. The fee is 79841 and the mess fee is 31133."
North Eastern Hill University,Facilities,What are the library timings for North Eastern Hill University?,The library timings for North Eastern Hill University are 8:00 AM to 8:00 PM.
North Eastern Hill University,Academics,What is the attendance rule at North Eastern Hill University?,The attendance rule at North Eastern Hill University is Minimum 75% attendance mandatory.
Hemchandracharay North Gujarat University,Fees,What is the tuition fee for Hemchandracharay North Gujarat University?,The tuition fee for Hemchandracharay North Gujarat University is 45243 per semester.
Hemchandracharay North Gujarat University,Placements,What is the highest placement package at Hemchandracharay North Gujarat University?,The highest placement package at Hemchandracharay North Gujarat University is 20.3 Lakh Per Annum.
Hemchandracharay North Gujarat University,Facilities,Does Hemchandracharay North Gujarat University have a hostel and what is the fee?,"Yes, Hemchandracharay North Gujarat University has a hostel for both boys and girls. The fee is 83046 and the mess fee is 42130."
Hemchandracharay North Gujarat University,Facilities,What are the library timings for Hemchandracharay North Gujarat University?,The library timings for Hemchandracharay North Gujarat University are 8:00 AM to 8:00 PM.
Hemchandracharay North Gujarat University,Academics,What is the attendance rule at Hemchandracharay North Gujarat University?,The attendance rule at Hemchandracharay North Gujarat University is Minimum 75% attendance mandatory.
National Institute of Mental Health and Neuro Sciences,Fees,What is the tuition fee for National Institute of Mental Health and Neuro Sciences?,The tuition fee for National Institute of Mental Health and Neuro Sciences is 83121 per semester.
National Institute of Mental Health and Neuro Sciences,Placements,What is the highest placement package at National Institute of Mental Health and Neuro Sciences?,The highest placement package at National Institute of Mental Health and Neuro Sciences is 30.5 Lakh Per Annum.
National Institute of Mental Health and Neuro Sciences,Facilities,Does National Institute of Mental Health and Neuro Sciences have a hostel and what is the fee?,"Yes, National Institute of Mental Health and Neuro Sciences has a hostel for both boys and girls. The fee is 68077 and the mess fee is 43556."
National Institute of Mental Health and Neuro Sciences,Facilities,What are the library timings for National Institute of Mental Health and Neuro Sciences?,The library timings for National Institute of Mental Health and Neuro Sciences are 8:00 AM to 8:00 PM.
National Institute of Mental Health and Neuro Sciences,Academics,What is the attendance rule at National Institute of Mental Health and Neuro Sciences?,The attendance rule at National Institute of Mental Health and Neuro Sciences is Minimum 75% attendance mandatory.
Nizam's Institute of Medical Sciences,Fees,What is the tuition fee for Nizam's Institute of Medical Sciences?,The tuition fee for Nizam's Institute of Medical Sciences is 76238 per semester.
Nizam's Institute of Medical Sciences,Placements,What is the highest placement package at Nizam's Institute of Medical Sciences?,The highest placement package at Nizam's Institute of Medical Sciences is 20.7 Lakh Per Annum.
Nizam's Institute of Medical Sciences,Facilities,Does Nizam's Institute of Medical Sciences have a hostel and what is the fee?,"Yes, Nizam's Institute of Medical Sciences has a hostel for both boys and girls. The fee is 52677 and the mess fee is 35332."
Nizam's Institute of Medical Sciences,Facilities,What are the library timings for Nizam's Institute of Medical Sciences?,The library timings for Nizam's Institute of Medical Sciences are 8:00 AM to 8:00 PM.
Nizam's Institute of Medical Sciences,Academics,What is the attendance rule at Nizam's Institute of Medical Sciences?,The attendance rule at Nizam's Institute of Medical Sciences is Minimum 75% attendance mandatory.
Institute of Management Studies,Fees,What is the tuition fee for Institute of Management Studies?,The tuition fee for Institute of Management Studies is 144510 per semester.
Institute of Management Studies,Placements,What is the highest placement package at Institute of Management Studies?,The highest placement package at Institute of Management Studies is 25.7 Lakh Per Annum.
Institute of Management Studies,Facilities,Does Institute of Management Studies have a hostel and what is the fee?,"Yes, Institute of Management Studies has a hostel for both boys and girls. The fee is 77037 and the mess fee is 29158."
Institute of Management Studies,Facilities,What are the library timings for Institute of Management Studies?,The library timings for Institute of Management Studies are 8:00 AM to 8:00 PM.
Institute of Management Studies,Academics,What is the attendance rule at Institute of Management Studies?,The attendance rule at Institute of Management Studies is Minimum 75% attendance mandatory.
Nirma University,Fees,What is the tuition fee for Nirma University?,The tuition fee for Nirma University is 79574 per semester.
Nirma University,Placements,What is the highest placement package at Nirma University?,The highest placement package at Nirma University is 37.6 Lakh Per Annum.
Nirma University,Facilities,Does Nirma University have a hostel and what is the fee?,"Yes, Nirma University has a hostel for both boys and girls. The fee is 80891 and the mess fee is 41497."
Nirma University,Facilities,What are the library timings for Nirma University?,The library timings for Nirma University are 8:00 AM to 8:00 PM.
Nirma University,Academics,What is the attendance rule at Nirma University?,The attendance rule at Nirma University is Minimum 75% attendance mandatory.
National Institute of Industrial Engineering,Fees,What is the tuition fee for National Institute of Industrial Engineering?,The tuition fee for National Institute of Industrial Engineering is 137140 per semester.
National Institute of Industrial Engineering,Placements,What is the highest placement package at National Institute of Industrial Engineering?,The highest placement package at National Institute of Industrial Engineering is 30.6 Lakh Per Annum.
National Institute of Industrial Engineering,Facilities,Does National Institute of Industrial Engineering have a hostel and what is the fee?,"Yes, National Institute of Industrial Engineering has a hostel for both boys and girls. The fee is 48335 and the mess fee is 42401."
National Institute of Industrial Engineering,Facilities,What are the library timings for National Institute of Industrial Engineering?,The library timings for National Institute of Industrial Engineering are 8:00 AM to 8:00 PM.
National Institute of Industrial Engineering,Academics,What is the attendance rule at National Institute of Industrial Engineering?,The attendance rule at National Institute of Industrial Engineering is Minimum 75% attendance mandatory.
National Institute of Technology Agartala,Fees,What is the tuition fee for National Institute of Technology Agartala?,The tuition fee for National Institute of Technology Agartala is 124231 per semester.
National Institute of Technology Agartala,Placements,What is the highest placement package at National Institute of Technology Agartala?,The highest placement package at National Institute of Technology Agartala is 39.3 Lakh Per Annum.
National Institute of Technology Agartala,Facilities,Does National Institute of Technology Agartala have a hostel and what is the fee?,"Yes, National Institute of Technology Agartala has a hostel for both boys and girls. The fee is 45743 and the mess fee is 37165."
National Institute of Technology Agartala,Facilities,What are the library timings for National Institute of Technology Agartala?,The library timings for National Institute of Technology Agartala are 8:00 AM to 8:00 PM.
National Institute of Technology Agartala,Academics,What is the attendance rule at National Institute of Technology Agartala?,The attendance rule at National Institute of Technology Agartala is Minimum 75% attendance mandatory.
National Institute of Technology Andhra Pradesh,Fees,What is the tuition fee for National Institute of Technology Andhra Pradesh?,The tuition fee for National Institute of Technology Andhra Pradesh is 89071 per semester.
National Institute of Technology Andhra Pradesh,Placements,What is the highest placement package at National Institute of Technology Andhra Pradesh?,The highest placement package at National Institute of Technology Andhra Pradesh is 34.4 Lakh Per Annum.
National Institute of Technology Andhra Pradesh,Facilities,Does National Institute of Technology Andhra Pradesh have a hostel and what is the fee?,"Yes, National Institute of Technology Andhra Pradesh has a hostel for both boys and girls. The fee is 59040 and the mess fee is 38786."
National Institute of Technology Andhra Pradesh,Facilities,What are the library timings for National Institute of Technology Andhra Pradesh?,The library timings for National Institute of Technology Andhra Pradesh are 8:00 AM to 8:00 PM.
National Institute of Technology Andhra Pradesh,Academics,What is the attendance rule at National Institute of Technology Andhra Pradesh?,The attendance rule at National Institute of Technology Andhra Pradesh is Minimum 75% attendance mandatory.
National Institute of Technology Arunachal Pradesh,Fees,What is the tuition fee for National Institute of Technology Arunachal Pradesh?,The tuition fee for National Institute of Technology Arunachal Pradesh is 140851 per semester.
National Institute of Technology Arunachal Pradesh,Placements,What is the highest placement package at National Institute of Technology Arunachal Pradesh?,The highest placement package at National Institute of Technology Arunachal Pradesh is 23.3 Lakh Per Annum.
National Institute of Technology Arunachal Pradesh,Facilities,Does National Institute of Technology Arunachal Pradesh have a hostel and what is the fee?,"Yes, National Institute of Technology Arunachal Pradesh has a hostel for both boys and girls. The fee is 46689 and the mess fee is 28003."
National Institute of Technology Arunachal Pradesh,Facilities,What are the library timings for National Institute of Technology Arunachal Pradesh?,The library timings for National Institute of Technology Arunachal Pradesh are 8:00 AM to 8:00 PM.
National Institute of Technology Arunachal Pradesh,Academics,What is the attendance rule at National Institute of Technology Arunachal Pradesh?,The attendance rule at National Institute of Technology Arunachal Pradesh is Minimum 75% attendance mandatory.
National Institute of Technology Calicut,Fees,What is the tuition fee for National Institute of Technology Calicut?,The tuition fee for National Institute of Technology Calicut is 48051 per semester.
National Institute of Technology Calicut,Placements,What is the highest placement package at National Institute of Technology Calicut?,The highest placement package at National Institute of Technology Calicut is 27.5 Lakh Per Annum.
National Institute of Technology Calicut,Facilities,Does National Institute of Technology Calicut have a hostel and what is the fee?,"Yes, National Institute of Technology Calicut has a hostel for both boys and girls. The fee is 51658 and the mess fee is 30576."
National Institute of Technology Calicut,Facilities,What are the library timings for National Institute of Technology Calicut?,The library timings for National Institute of Technology Calicut are 8:00 AM to 8:00 PM.
National Institute of Technology Calicut,Academics,What is the attendance rule at National Institute of Technology Calicut?,The attendance rule at National Institute of Technology Calicut is Minimum 75% attendance mandatory.
National Institute of Technology Delhi,Fees,What is the tuition fee for National Institute of Technology Delhi?,The tuition fee for National Institute of Technology Delhi is 107070 per semester.
National Institute of Technology Delhi,Placements,What is the highest placement package at National Institute of Technology Delhi?,The highest placement package at National Institute of Technology Delhi is 0 Lakh Per Annum.
National Institute of Technology Delhi,Facilities,Does National Institute of Technology Delhi have a hostel and what is the fee?,"Yes, National Institute of Technology Delhi has a hostel for both boys and girls. The fee is 63419 and the mess fee is 40869."
National Institute of Technology Delhi,Facilities,What are the library timings for National Institute of Technology Delhi?,The library timings for National Institute of Technology Delhi are 8:00 AM to 8:00 PM.
National Institute of Technology Delhi,Academics,What is the attendance rule at National Institute of Technology Delhi?,The attendance rule at National Institute of Technology Delhi is Minimum 75% attendance mandatory.
National Institute of Technology Durgapur,Fees,What is the tuition fee for National Institute of Technology Durgapur?,The tuition fee for National Institute of Technology Durgapur is 125608 per semester.
National Institute of Technology Durgapur,Placements,What is the highest placement package at National Institute of Technology Durgapur?,The highest placement package at National Institute of Technology Durgapur is 24.4 Lakh Per Annum.
National Institute of Technology Durgapur,Facilities,Does National Institute of Technology Durgapur have a hostel and what is the fee?,"Yes, National Institute of Technology Durgapur has a hostel for both boys and girls. The fee is 48809 and the mess fee is 31390."
National Institute of Technology Durgapur,Facilities,What are the library timings for National Institute of Technology Durgapur?,The library timings for National Institute of Technology Durgapur are 8:00 AM to 8:00 PM.
National Institute of Technology Durgapur,Academics,What is the attendance rule at National Institute of Technology Durgapur?,The attendance rule at National Institute of Technology Durgapur is Minimum 75% attendance mandatory.
National Institute of Technology Goa,Fees,What is the tuition fee for National Institute of Technology Goa?,The tuition fee for National Institute of Technology Goa is 123183 per semester.
National Institute of Technology Goa,Placements,What is the highest placement package at National Institute of Technology Goa?,The highest placement package at National Institute of Technology Goa is 38.0 Lakh Per Annum.
National Institute of Technology Goa,Facilities,Does National Institute of Technology Goa have a hostel and what is the fee?,"Yes, National Institute of Technology Goa has a hostel for both boys and girls. The fee is 62225 and the mess fee is 31778."
National Institute of Technology Goa,Facilities,What are the library timings for National Institute of Technology Goa?,The library timings for National Institute of Technology Goa are 8:00 AM to 8:00 PM.
National Institute of Technology Goa,Academics,What is the attendance rule at National Institute of Technology Goa?,The attendance rule at National Institute of Technology Goa is Minimum 75% attendance mandatory.
National Institute of Technology Hamirpur,Fees,What is the tuition fee for National Institute of Technology Hamirpur?,The tuition fee for National Institute of Technology Hamirpur is 2026 per semester.
National Institute of Technology Hamirpur,Placements,What is the highest placement package at National Institute of Technology Hamirpur?,The highest placement package at National Institute of Technology Hamirpur is 16.1 Lakh Per Annum.
National Institute of Technology Hamirpur,Facilities,Does National Institute of Technology Hamirpur have a hostel and what is the fee?,"Yes, National Institute of Technology Hamirpur has a hostel for both boys and girls. The fee is 2025 and the mess fee is 2026."
National Institute of Technology Hamirpur,Facilities,What are the library timings for National Institute of Technology Hamirpur?,The library timings for National Institute of Technology Hamirpur are 8:00 AM to 8:00 PM.
National Institute of Technology Hamirpur,Academics,What is the attendance rule at National Institute of Technology Hamirpur?,The attendance rule at National Institute of Technology Hamirpur is Minimum 75% attendance mandatory.
National Institute of Technology Jamshedpur,Fees,What is the tuition fee for National Institute of Technology Jamshedpur?,The tuition fee for National Institute of Technology Jamshedpur is 57733 per semester.
National Institute of Technology Jamshedpur,Placements,What is the highest placement package at National Institute of Technology Jamshedpur?,The highest placement package at National Institute of Technology Jamshedpur is 31.6 Lakh Per Annum.
National Institute of Technology Jamshedpur,Facilities,Does National Institute of Technology Jamshedpur have a hostel and what is the fee?,"Yes, National Institute of Technology Jamshedpur has a hostel for both boys and girls. The fee is 62361 and the mess fee is 39237."
National Institute of Technology Jamshedpur,Facilities,What are the library timings for National Institute of Technology Jamshedpur?,The library timings for National Institute of Technology Jamshedpur are 8:00 AM to 8:00 PM.
National Institute of Technology Jamshedpur,Academics,What is the attendance rule at National Institute of Technology Jamshedpur?,The attendance rule at National Institute of Technology Jamshedpur is Minimum 75% attendance mandatory.
National Institute of Technology Kurukshetra,Fees,What is the tuition fee for National Institute of Technology Kurukshetra?,The tuition fee for National Institute of Technology Kurukshetra is 147048 per semester.
National Institute of Technology Kurukshetra,Placements,What is the highest placement package at National Institute of Technology Kurukshetra?,The highest placement package at National Institute of Technology Kurukshetra is 37.6 Lakh Per Annum.
National Institute of Technology Kurukshetra,Facilities,Does National Institute of Technology Kurukshetra have a hostel and what is the fee?,"Yes, National Institute of Technology Kurukshetra has a hostel for both boys and girls. The fee is 83693 and the mess fee is 36901."
National Institute of Technology Kurukshetra,Facilities,What are the library timings for National Institute of Technology Kurukshetra?,The library timings for National Institute of Technology Kurukshetra are 8:00 AM to 8:00 PM.
National Institute of Technology Kurukshetra,Academics,What is the attendance rule at National Institute of Technology Kurukshetra?,The attendance rule at National Institute of Technology Kurukshetra is Minimum 75% attendance mandatory.
National Institute of Technology Manipur,Fees,What is the tuition fee for National Institute of Technology Manipur?,The tuition fee for National Institute of Technology Manipur is 141877 per semester.
National Institute of Technology Manipur,Placements,What is the highest placement package at National Institute of Technology Manipur?,The highest placement package at National Institute of Technology Manipur is 43.6 Lakh Per Annum.
National Institute of Technology Manipur,Facilities,Does National Institute of Technology Manipur have a hostel and what is the fee?,"Yes, National Institute of Technology Manipur has a hostel for both boys and girls. The fee is 75261 and the mess fee is 40897."
National Institute of Technology Manipur,Facilities,What are the library timings for National Institute of Technology Manipur?,The library timings for National Institute of Technology Manipur are 8:00 AM to 8:00 PM.
National Institute of Technology Manipur,Academics,What is the attendance rule at National Institute of Technology Manipur?,The attendance rule at National Institute of Technology Manipur is Minimum 75% attendance mandatory.
National Institute of Technology Meghalaya,Fees,What is the tuition fee for National Institute of Technology Meghalaya?,The tuition fee for National Institute of Technology Meghalaya is 120882 per semester.
National Institute of Technology Meghalaya,Placements,What is the highest placement package at National Institute of Technology Meghalaya?,The highest placement package at National Institute of Technology Meghalaya is 36.4 Lakh Per Annum.
National Institute of Technology Meghalaya,Facilities,Does National Institute of Technology Meghalaya have a hostel and what is the fee?,"Yes, National Institute of Technology Meghalaya has a hostel for both boys and girls. The fee is 84022 and the mess fee is 31188."
National Institute of Technology Meghalaya,Facilities,What are the library timings for National Institute of Technology Meghalaya?,The library timings for National Institute of Technology Meghalaya are 8:00 AM to 8:00 PM.
National Institute of Technology Meghalaya,Academics,What is the attendance rule at National Institute of Technology Meghalaya?,The attendance rule at National Institute of Technology Meghalaya is Minimum 75% attendance mandatory.
National Institute of Technology Mizoram,Fees,What is the tuition fee for National Institute of Technology Mizoram?,The tuition fee for National Institute of Technology Mizoram is 51311 per semester.
National Institute of Technology Mizoram,Placements,What is the highest placement package at National Institute of Technology Mizoram?,The highest placement package at National Institute of Technology Mizoram is 44.4 Lakh Per Annum.
National Institute of Technology Mizoram,Facilities,Does National Institute of Technology Mizoram have a hostel and what is the fee?,"Yes, National Institute of Technology Mizoram has a hostel for both boys and girls. The fee is 81559 and the mess fee is 44064."
National Institute of Technology Mizoram,Facilities,What are the library timings for National Institute of Technology Mizoram?,The library timings for National Institute of Technology Mizoram are 8:00 AM to 8:00 PM.
National Institute of Technology Mizoram,Academics,What is the attendance rule at National Institute of Technology Mizoram?,The attendance rule at National Institute of Technology Mizoram is Minimum 75% attendance mandatory.
National Institute of Technology Nagaland,Fees,What is the tuition fee for National Institute of Technology Nagaland?,The tuition fee for National Institute of Technology Nagaland is 147504 per semester.
National Institute of Technology Nagaland,Placements,What is the highest placement package at National Institute of Technology Nagaland?,The highest placement package at National Institute of Technology Nagaland is 16.7 Lakh Per Annum.
National Institute of Technology Nagaland,Facilities,Does National Institute of Technology Nagaland have a hostel and what is the fee?,"Yes, National Institute of Technology Nagaland has a hostel for both boys and girls. The fee is 57037 and the mess fee is 38756."
National Institute of Technology Nagaland,Facilities,What are the library timings for National Institute of Technology Nagaland?,The library timings for National Institute of Technology Nagaland are 8:00 AM to 8:00 PM.
National Institute of Technology Nagaland,Academics,What is the attendance rule at National Institute of Technology Nagaland?,The attendance rule at National Institute of Technology Nagaland is Minimum 75% attendance mandatory.
National Institute of Technology Patna,Fees,What is the tuition fee for National Institute of Technology Patna?,The tuition fee for National Institute of Technology Patna is 137620 per semester.
National Institute of Technology Patna,Placements,What is the highest placement package at National Institute of Technology Patna?,The highest placement package at National Institute of Technology Patna is 44.9 Lakh Per Annum.
National Institute of Technology Patna,Facilities,Does National Institute of Technology Patna have a hostel and what is the fee?,"Yes, National Institute of Technology Patna has a hostel for both boys and girls. The fee is 78104 and the mess fee is 25024."
National Institute of Technology Patna,Facilities,What are the library timings for National Institute of Technology Patna?,The library timings for National Institute of Technology Patna are 8:00 AM to 8:00 PM.
National Institute of Technology Patna,Academics,What is the attendance rule at National Institute of Technology Patna?,The attendance rule at National Institute of Technology Patna is Minimum 75% attendance mandatory.
National Institute of Technology Puducherry,Fees,What is the tuition fee for National Institute of Technology Puducherry?,The tuition fee for National Institute of Technology Puducherry is 132248 per semester.
National Institute of Technology Puducherry,Placements,What is the highest placement package at National Institute of Technology Puducherry?,The highest placement package at National Institute of Technology Puducherry is 26.3 Lakh Per Annum.
National Institute of Technology Puducherry,Facilities,Does National Institute of Technology Puducherry have a hostel and what is the fee?,"Yes, National Institute of Technology Puducherry has a hostel for both boys and girls. The fee is 51081 and the mess fee is 27971."
National Institute of Technology Puducherry,Facilities,What are the library timings for National Institute of Technology Puducherry?,The library timings for National Institute of Technology Puducherry are 8:00 AM to 8:00 PM.
National Institute of Technology Puducherry,Academics,What is the attendance rule at National Institute of Technology Puducherry?,The attendance rule at National Institute of Technology Puducherry is Minimum 75% attendance mandatory.
National Institute of Technology Raipur,Fees,What is the tuition fee for National Institute of Technology Raipur?,The tuition fee for National Institute of Technology Raipur is 118383 per semester.
National Institute of Technology Raipur,Placements,What is the highest placement package at National Institute of Technology Raipur?,The highest placement package at National Institute of Technology Raipur is 35.8 Lakh Per Annum.
National Institute of Technology Raipur,Facilities,Does National Institute of Technology Raipur have a hostel and what is the fee?,"Yes, National Institute of Technology Raipur has a hostel for both boys and girls. The fee is 50918 and the mess fee is 30476."
National Institute of Technology Raipur,Facilities,What are the library timings for National Institute of Technology Raipur?,The library timings for National Institute of Technology Raipur are 8:00 AM to 8:00 PM.
National Institute of Technology Raipur,Academics,What is the attendance rule at National Institute of Technology Raipur?,The attendance rule at National Institute of Technology Raipur is Minimum 75% attendance mandatory.
National Institute of Technology Rourkela,Fees,What is the tuition fee for National Institute of Technology Rourkela?,The tuition fee for National Institute of Technology Rourkela is 75439 per semester.
National Institute of Technology Rourkela,Placements,What is the highest placement package at National Institute of Technology Rourkela?,The highest placement package at National Institute of Technology Rourkela is 28.4 Lakh Per Annum.
National Institute of Technology Rourkela,Facilities,Does National Institute of Technology Rourkela have a hostel and what is the fee?,"Yes, National Institute of Technology Rourkela has a hostel for both boys and girls. The fee is 70982 and the mess fee is 25965."
National Institute of Technology Rourkela,Facilities,What are the library timings for National Institute of Technology Rourkela?,The library timings for National Institute of Technology Rourkela are 8:00 AM to 8:00 PM.
National Institute of Technology Rourkela,Academics,What is the attendance rule at National Institute of Technology Rourkela?,The attendance rule at National Institute of Technology Rourkela is Minimum 75% attendance mandatory.
National Institute of Technology Sikkim,Fees,What is the tuition fee for National Institute of Technology Sikkim?,The tuition fee for National Institute of Technology Sikkim is 81183 per semester.
National Institute of Technology Sikkim,Placements,What is the highest placement package at National Institute of Technology Sikkim?,The highest placement package at National Institute of Technology Sikkim is 28.5 Lakh Per Annum.
National Institute of Technology Sikkim,Facilities,Does National Institute of Technology Sikkim have a hostel and what is the fee?,"Yes, National Institute of Technology Sikkim has a hostel for both boys and girls. The fee is 73021 and the mess fee is 41163."
National Institute of Technology Sikkim,Facilities,What are the library timings for National Institute of Technology Sikkim?,The library timings for National Institute of Technology Sikkim are 8:00 AM to 8:00 PM.
National Institute of Technology Sikkim,Academics,What is the attendance rule at National Institute of Technology Sikkim?,The attendance rule at National Institute of Technology Sikkim is Minimum 75% attendance mandatory.
National Institute of Technology Silchar,Fees,What is the tuition fee for National Institute of Technology Silchar?,The tuition fee for National Institute of Technology Silchar is 2026 per semester.
National Institute of Technology Silchar,Placements,What is the highest placement package at National Institute of Technology Silchar?,The highest placement package at National Institute of Technology Silchar is 23.3 Lakh Per Annum.
National Institute of Technology Silchar,Facilities,Does National Institute of Technology Silchar have a hostel and what is the fee?,"Yes, National Institute of Technology Silchar has a hostel for both boys and girls. The fee is 2026 and the mess fee is 2026."
National Institute of Technology Silchar,Facilities,What are the library timings for National Institute of Technology Silchar?,The library timings for National Institute of Technology Silchar are 8:00 AM to 8:00 PM.
National Institute of Technology Silchar,Academics,What is the attendance rule at National Institute of Technology Silchar?,The attendance rule at National Institute of Technology Silchar is Minimum 75% attendance mandatory.
National Institute of Technology Srinagar,Fees,What is the tuition fee for National Institute of Technology Srinagar?,The tuition fee for National Institute of Technology Srinagar is 116611 per semester.
National Institute of Technology Srinagar,Placements,What is the highest placement package at National Institute of Technology Srinagar?,The highest placement package at National Institute of Technology Srinagar is 25.7 Lakh Per Annum.
National Institute of Technology Srinagar,Facilities,Does National Institute of Technology Srinagar have a hostel and what is the fee?,"Yes, National Institute of Technology Srinagar has a hostel for both boys and girls. The fee is 80795 and the mess fee is 32715."
National Institute of Technology Srinagar,Facilities,What are the library timings for National Institute of Technology Srinagar?,The library timings for National Institute of Technology Srinagar are 8:00 AM to 8:00 PM.
National Institute of Technology Srinagar,Academics,What is the attendance rule at National Institute of Technology Srinagar?,The attendance rule at National Institute of Technology Srinagar is Minimum 75% attendance mandatory.
National Institute of Technology Surathkal,Fees,What is the tuition fee for National Institute of Technology Surathkal?,The tuition fee for National Institute of Technology Surathkal is 120474 per semester.
National Institute of Technology Surathkal,Placements,What is the highest placement package at National Institute of Technology Surathkal?,The highest placement package at National Institute of Technology Surathkal is 33.5 Lakh Per Annum.
National Institute of Technology Surathkal,Facilities,Does National Institute of Technology Surathkal have a hostel and what is the fee?,"Yes, National Institute of Technology Surathkal has a hostel for both boys and girls. The fee is 2020 and the mess fee is 32370."
National Institute of Technology Surathkal,Facilities,What are the library timings for National Institute of Technology Surathkal?,The library timings for National Institute of Technology Surathkal are 8:00 AM to 8:00 PM.
National Institute of Technology Surathkal,Academics,What is the attendance rule at National Institute of Technology Surathkal?,The attendance rule at National Institute of Technology Surathkal is Minimum 75% attendance mandatory.
National Institute of Technology Trichy,Fees,What is the tuition fee for National Institute of Technology Trichy?,The tuition fee for National Institute of Technology Trichy is 108026 per semester.
National Institute of Technology Trichy,Placements,What is the highest placement package at National Institute of Technology Trichy?,The highest placement package at National Institute of Technology Trichy is 20.9 Lakh Per Annum.
National Institute of Technology Trichy,Facilities,Does National Institute of Technology Trichy have a hostel and what is the fee?,"Yes, National Institute of Technology Trichy has a hostel for both boys and girls. The fee is 2026 and the mess fee is 43398."
National Institute of Technology Trichy,Facilities,What are the library timings for National Institute of Technology Trichy?,The library timings for National Institute of Technology Trichy are 8:00 AM to 8:00 PM.
National Institute of Technology Trichy,Academics,What is the attendance rule at National Institute of Technology Trichy?,The attendance rule at National Institute of Technology Trichy is Minimum 75% attendance mandatory.
National Institute of Technology Uttarakhand,Fees,What is the tuition fee for National Institute of Technology Uttarakhand?,The tuition fee for National Institute of Technology Uttarakhand is 98469 per semester.
National Institute of Technology Uttarakhand,Placements,What is the highest placement package at National Institute of Technology Uttarakhand?,The highest placement package at National Institute of Technology Uttarakhand is 32 Lakh Per Annum.
National Institute of Technology Uttarakhand,Facilities,Does National Institute of Technology Uttarakhand have a hostel and what is the fee?,"Yes, National Institute of Technology Uttarakhand has a hostel for both boys and girls. The fee is 67497 and the mess fee is 35361."
National Institute of Technology Uttarakhand,Facilities,What are the library timings for National Institute of Technology Uttarakhand?,The library timings for National Institute of Technology Uttarakhand are 8:00 AM to 8:00 PM.
National Institute of Technology Uttarakhand,Academics,What is the attendance rule at National Institute of Technology Uttarakhand?,The attendance rule at National Institute of Technology Uttarakhand is Minimum 75% attendance mandatory.
National Institute of Technology Warangal,Fees,What is the tuition fee for National Institute of Technology Warangal?,The tuition fee for National Institute of Technology Warangal is 46342 per semester.
National Institute of Technology Warangal,Placements,What is the highest placement package at National Institute of Technology Warangal?,The highest placement package at National Institute of Technology Warangal is 25.5 Lakh Per Annum.
National Institute of Technology Warangal,Facilities,Does National Institute of Technology Warangal have a hostel and what is the fee?,"Yes, National Institute of Technology Warangal has a hostel for both boys and girls. The fee is 54610 and the mess fee is 30848."
National Institute of Technology Warangal,Facilities,What are the library timings for National Institute of Technology Warangal?,The library timings for National Institute of Technology Warangal are 8:00 AM to 8:00 PM.
National Institute of Technology Warangal,Academics,What is the attendance rule at National Institute of Technology Warangal?,The attendance rule at National Institute of Technology Warangal is Minimum 75% attendance mandatory.
National Law School of India University,Fees,What is the tuition fee for National Law School of India University?,The tuition fee for National Law School of India University is 87449 per semester.
National Law School of India University,Placements,What is the highest placement package at National Law School of India University?,The highest placement package at National Law School of India University is 39.9 Lakh Per Annum.
National Law School of India University,Facilities,Does National Law School of India University have a hostel and what is the fee?,"Yes, National Law School of India University has a hostel for both boys and girls. The fee is 72442 and the mess fee is 26766."
National Law School of India University,Facilities,What are the library timings for National Law School of India University?,The library timings for National Law School of India University are 8:00 AM to 8:00 PM.
National Law School of India University,Academics,What is the attendance rule at National Law School of India University?,The attendance rule at National Law School of India University is Minimum 75% attendance mandatory.
Narsee Monjee Institute of Management Studies,Fees,What is the tuition fee for Narsee Monjee Institute of Management Studies?,The tuition fee for Narsee Monjee Institute of Management Studies is 125818 per semester.
Narsee Monjee Institute of Management Studies,Placements,What is the highest placement package at Narsee Monjee Institute of Management Studies?,The highest placement package at Narsee Monjee Institute of Management Studies is 31.0 Lakh Per Annum.
Narsee Monjee Institute of Management Studies,Facilities,Does Narsee Monjee Institute of Management Studies have a hostel and what is the fee?,"Yes, Narsee Monjee Institute of Management Studies has a hostel for both boys and girls. The fee is 45763 and the mess fee is 39724."
Narsee Monjee Institute of Management Studies,Facilities,What are the library timings for Narsee Monjee Institute of Management Studies?,The library timings for Narsee Monjee Institute of Management Studies are 8:00 AM to 8:00 PM.
Narsee Monjee Institute of Management Studies,Academics,What is the attendance rule at Narsee Monjee Institute of Management Studies?,The attendance rule at Narsee Monjee Institute of Management Studies is Minimum 75% attendance mandatory.
North Maharashtra University,Fees,What is the tuition fee for North Maharashtra University?,The tuition fee for North Maharashtra University is 115663 per semester.
North Maharashtra University,Placements,What is the highest placement package at North Maharashtra University?,The highest placement package at North Maharashtra University is 26.2 Lakh Per Annum.
North Maharashtra University,Facilities,Does North Maharashtra University have a hostel and what is the fee?,"Yes, North Maharashtra University has a hostel for both boys and girls. The fee is 58907 and the mess fee is 36404."
North Maharashtra University,Facilities,What are the library timings for North Maharashtra University?,The library timings for North Maharashtra University are 8:00 AM to 8:00 PM.
North Maharashtra University,Academics,What is the attendance rule at North Maharashtra University?,The attendance rule at North Maharashtra University is Minimum 75% attendance mandatory.
Netaji Subhas University of Technology,Fees,What is the tuition fee for Netaji Subhas University of Technology?,The tuition fee for Netaji Subhas University of Technology is 123587 per semester.
Netaji Subhas University of Technology,Placements,What is the highest placement package at Netaji Subhas University of Technology?,The highest placement package at Netaji Subhas University of Technology is 29.5 Lakh Per Annum.
Netaji Subhas University of Technology,Facilities,Does Netaji Subhas University of Technology have a hostel and what is the fee?,"Yes, Netaji Subhas University of Technology has a hostel for both boys and girls. The fee is 51013 and the mess fee is 35830."
Netaji Subhas University of Technology,Facilities,What are the library timings for Netaji Subhas University of Technology?,The library timings for Netaji Subhas University of Technology are 8:00 AM to 8:00 PM.
Netaji Subhas University of Technology,Academics,What is the attendance rule at Netaji Subhas University of Technology?,The attendance rule at Netaji Subhas University of Technology is Minimum 75% attendance mandatory.
Osmania University,Fees,What is the tuition fee for Osmania University?,The tuition fee for Osmania University is 41713 per semester.
Osmania University,Placements,What is the highest placement package at Osmania University?,The highest placement package at Osmania University is 42.9 Lakh Per Annum.
Osmania University,Facilities,Does Osmania University have a hostel and what is the fee?,"Yes, Osmania University has a hostel for both boys and girls. The fee is 48747 and the mess fee is 26994."
Osmania University,Facilities,What are the library timings for Osmania University?,The library timings for Osmania University are 8:00 AM to 8:00 PM.
Osmania University,Academics,What is the attendance rule at Osmania University?,The attendance rule at Osmania University is Minimum 75% attendance mandatory.
Sri Padmavati Women's University,Fees,What is the tuition fee for Sri Padmavati Women's University?,The tuition fee for Sri Padmavati Women's University is 124578 per semester.
Sri Padmavati Women's University,Placements,What is the highest placement package at Sri Padmavati Women's University?,The highest placement package at Sri Padmavati Women's University is 22.3 Lakh Per Annum.
Sri Padmavati Women's University,Facilities,Does Sri Padmavati Women's University have a hostel and what is the fee?,"Yes, Sri Padmavati Women's University has a hostel for both boys and girls. The fee is 55121 and the mess fee is 34356."
Sri Padmavati Women's University,Facilities,What are the library timings for Sri Padmavati Women's University?,The library timings for Sri Padmavati Women's University are 8:00 AM to 8:00 PM.
Sri Padmavati Women's University,Academics,What is the attendance rule at Sri Padmavati Women's University?,The attendance rule at Sri Padmavati Women's University is Minimum 75% attendance mandatory.
Pandit Deendayal Energy University,Fees,What is the tuition fee for Pandit Deendayal Energy University?,The tuition fee for Pandit Deendayal Energy University is 107933 per semester.
Pandit Deendayal Energy University,Placements,What is the highest placement package at Pandit Deendayal Energy University?,The highest placement package at Pandit Deendayal Energy University is 24.2 Lakh Per Annum.
Pandit Deendayal Energy University,Facilities,Does Pandit Deendayal Energy University have a hostel and what is the fee?,"Yes, Pandit Deendayal Energy University has a hostel for both boys and girls. The fee is 55632 and the mess fee is 34316."
Pandit Deendayal Energy University,Facilities,What are the library timings for Pandit Deendayal Energy University?,The library timings for Pandit Deendayal Energy University are 8:00 AM to 8:00 PM.
Pandit Deendayal Energy University,Academics,What is the attendance rule at Pandit Deendayal Energy University?,The attendance rule at Pandit Deendayal Energy University is Minimum 75% attendance mandatory.
Punjab Agricultural University,Fees,What is the tuition fee for Punjab Agricultural University?,The tuition fee for Punjab Agricultural University is 83847 per semester.
Punjab Agricultural University,Placements,What is the highest placement package at Punjab Agricultural University?,The highest placement package at Punjab Agricultural University is 28.9 Lakh Per Annum.
Punjab Agricultural University,Facilities,Does Punjab Agricultural University have a hostel and what is the fee?,"Yes, Punjab Agricultural University has a hostel for both boys and girls. The fee is 81299 and the mess fee is 30134."
Punjab Agricultural University,Facilities,What are the library timings for Punjab Agricultural University?,The library timings for Punjab Agricultural University are 8:00 AM to 8:00 PM.
Punjab Agricultural University,Academics,What is the attendance rule at Punjab Agricultural University?,The attendance rule at Punjab Agricultural University is Minimum 75% attendance mandatory.
Dr. Panjabrao Deshmukh Krishi Vidyapeeth,Fees,What is the tuition fee for Dr. Panjabrao Deshmukh Krishi Vidyapeeth?,The tuition fee for Dr. Panjabrao Deshmukh Krishi Vidyapeeth is 76067 per semester.
Dr. Panjabrao Deshmukh Krishi Vidyapeeth,Placements,What is the highest placement package at Dr. Panjabrao Deshmukh Krishi Vidyapeeth?,The highest placement package at Dr. Panjabrao Deshmukh Krishi Vidyapeeth is 15.4 Lakh Per Annum.
Dr. Panjabrao Deshmukh Krishi Vidyapeeth,Facilities,Does Dr. Panjabrao Deshmukh Krishi Vidyapeeth have a hostel and what is the fee?,"Yes, Dr. Panjabrao Deshmukh Krishi Vidyapeeth has a hostel for both boys and girls. The fee is 63087 and the mess fee is 27949."
Dr. Panjabrao Deshmukh Krishi Vidyapeeth,Facilities,What are the library timings for Dr. Panjabrao Deshmukh Krishi Vidyapeeth?,The library timings for Dr. Panjabrao Deshmukh Krishi Vidyapeeth are 8:00 AM to 8:00 PM.
Dr. Panjabrao Deshmukh Krishi Vidyapeeth,Academics,What is the attendance rule at Dr. Panjabrao Deshmukh Krishi Vidyapeeth?,The attendance rule at Dr. Panjabrao Deshmukh Krishi Vidyapeeth is Minimum 75% attendance mandatory.
Parul University,Fees,What is the tuition fee for Parul University?,The tuition fee for Parul University is 84791 per semester.
Parul University,Placements,What is the highest placement package at Parul University?,The highest placement package at Parul University is 6 Lakh Per Annum.
Parul University,Facilities,Does Parul University have a hostel and what is the fee?,"Yes, Parul University has a hostel for both boys and girls. The fee is 66022 and the mess fee is 30919."
Parul University,Facilities,What are the library timings for Parul University?,The library timings for Parul University are 8:00 AM to 8:00 PM.
Parul University,Academics,What is the attendance rule at Parul University?,The attendance rule at Parul University is Minimum 75% attendance mandatory.
Punjab Engineering College,Fees,What is the tuition fee for Punjab Engineering College?,The tuition fee for Punjab Engineering College is 63026 per semester.
Punjab Engineering College,Placements,What is the highest placement package at Punjab Engineering College?,The highest placement package at Punjab Engineering College is 17.8 Lakh Per Annum.
Punjab Engineering College,Facilities,Does Punjab Engineering College have a hostel and what is the fee?,"Yes, Punjab Engineering College has a hostel for both boys and girls. The fee is 74736 and the mess fee is 33658."
Punjab Engineering College,Facilities,What are the library timings for Punjab Engineering College?,The library timings for Punjab Engineering College are 8:00 AM to 8:00 PM.
Punjab Engineering College,Academics,What is the attendance rule at Punjab Engineering College?,The attendance rule at Punjab Engineering College is Minimum 75% attendance mandatory.
PES University,Fees,What is the tuition fee for PES University?,The tuition fee for PES University is 72202 per semester.
PES University,Placements,What is the highest placement package at PES University?,The highest placement package at PES University is 26.5 Lakh Per Annum.
PES University,Facilities,Does PES University have a hostel and what is the fee?,"Yes, PES University has a hostel for both boys and girls. The fee is 71531 and the mess fee is 42027."
PES University,Facilities,What are the library timings for PES University?,The library timings for PES University are 8:00 AM to 8:00 PM.
PES University,Academics,What is the attendance rule at PES University?,The attendance rule at PES University is Minimum 75% attendance mandatory.
Postgraduate lnstitute of Medical Education and Research,Fees,What is the tuition fee for Postgraduate lnstitute of Medical Education and Research?,The tuition fee for Postgraduate lnstitute of Medical Education and Research is 146559 per semester.
Postgraduate lnstitute of Medical Education and Research,Placements,What is the highest placement package at Postgraduate lnstitute of Medical Education and Research?,The highest placement package at Postgraduate lnstitute of Medical Education and Research is 36.6 Lakh Per Annum.
Postgraduate lnstitute of Medical Education and Research,Facilities,Does Postgraduate lnstitute of Medical Education and Research have a hostel and what is the fee?,"Yes, Postgraduate lnstitute of Medical Education and Research has a hostel for both boys and girls. The fee is 56708 and the mess fee is 38319."
Postgraduate lnstitute of Medical Education and Research,Facilities,What are the library timings for Postgraduate lnstitute of Medical Education and Research?,The library timings for Postgraduate lnstitute of Medical Education and Research are 8:00 AM to 8:00 PM.
Postgraduate lnstitute of Medical Education and Research,Academics,What is the attendance rule at Postgraduate lnstitute of Medical Education and Research?,The attendance rule at Postgraduate lnstitute of Medical Education and Research is Minimum 75% attendance mandatory.
Pondicherry University,Fees,What is the tuition fee for Pondicherry University?,The tuition fee for Pondicherry University is 52640 per semester.
Pondicherry University,Placements,What is the highest placement package at Pondicherry University?,The highest placement package at Pondicherry University is 42.2 Lakh Per Annum.
Pondicherry University,Facilities,Does Pondicherry University have a hostel and what is the fee?,"Yes, Pondicherry University has a hostel for both boys and girls. The fee is 62474 and the mess fee is 29889."
Pondicherry University,Facilities,What are the library timings for Pondicherry University?,The library timings for Pondicherry University are 8:00 AM to 8:00 PM.
Pondicherry University,Academics,What is the attendance rule at Pondicherry University?,The attendance rule at Pondicherry University is Minimum 75% attendance mandatory.
PSG College of Technology,Fees,What is the tuition fee for PSG College of Technology?,The tuition fee for PSG College of Technology is 144132 per semester.
PSG College of Technology,Placements,What is the highest placement package at PSG College of Technology?,The highest placement package at PSG College of Technology is 18.0 Lakh Per Annum.
PSG College of Technology,Facilities,Does PSG College of Technology have a hostel and what is the fee?,"Yes, PSG College of Technology has a hostel for both boys and girls. The fee is 76511 and the mess fee is 42859."
PSG College of Technology,Facilities,What are the library timings for PSG College of Technology?,The library timings for PSG College of Technology are 8:00 AM to 8:00 PM.
PSG College of Technology,Academics,What is the attendance rule at PSG College of Technology?,The attendance rule at PSG College of Technology is Minimum 75% attendance mandatory.
Jai Narain Vyas University,Fees,What is the tuition fee for Jai Narain Vyas University?,The tuition fee for Jai Narain Vyas University is 115602 per semester.
Jai Narain Vyas University,Placements,What is the highest placement package at Jai Narain Vyas University?,The highest placement package at Jai Narain Vyas University is 19.0 Lakh Per Annum.
Jai Narain Vyas University,Facilities,Does Jai Narain Vyas University have a hostel and what is the fee?,"Yes, Jai Narain Vyas University has a hostel for both boys and girls. The fee is 46946 and the mess fee is 41902."
Jai Narain Vyas University,Facilities,What are the library timings for Jai Narain Vyas University?,The library timings for Jai Narain Vyas University are 8:00 AM to 8:00 PM.
Jai Narain Vyas University,Academics,What is the attendance rule at Jai Narain Vyas University?,The attendance rule at Jai Narain Vyas University is Minimum 75% attendance mandatory.
Punjab Technical University,Fees,What is the tuition fee for Punjab Technical University?,The tuition fee for Punjab Technical University is 107088 per semester.
Punjab Technical University,Placements,What is the highest placement package at Punjab Technical University?,The highest placement package at Punjab Technical University is 26.7 Lakh Per Annum.
Punjab Technical University,Facilities,Does Punjab Technical University have a hostel and what is the fee?,"Yes, Punjab Technical University has a hostel for both boys and girls. The fee is 65691 and the mess fee is 40823."
Punjab Technical University,Facilities,What are the library timings for Punjab Technical University?,The library timings for Punjab Technical University are 8:00 AM to 8:00 PM.
Punjab Technical University,Academics,What is the attendance rule at Punjab Technical University?,The attendance rule at Punjab Technical University is Minimum 75% attendance mandatory.
Panjab University,Fees,What is the tuition fee for Panjab University?,The tuition fee for Panjab University is 114336 per semester.
Panjab University,Placements,What is the highest placement package at Panjab University?,The highest placement package at Panjab University is 33.5 Lakh Per Annum.
Panjab University,Facilities,Does Panjab University have a hostel and what is the fee?,"Yes, Panjab University has a hostel for both boys and girls. The fee is 83646 and the mess fee is 43844."
Panjab University,Facilities,What are the library timings for Panjab University?,The library timings for Panjab University are 8:00 AM to 8:00 PM.
Panjab University,Academics,What is the attendance rule at Panjab University?,The attendance rule at Panjab University is Minimum 75% attendance mandatory.
Punjabi University Patiala,Fees,What is the tuition fee for Punjabi University Patiala?,The tuition fee for Punjabi University Patiala is 131965 per semester.
Punjabi University Patiala,Placements,What is the highest placement package at Punjabi University Patiala?,The highest placement package at Punjabi University Patiala is 30.4 Lakh Per Annum.
Punjabi University Patiala,Facilities,Does Punjabi University Patiala have a hostel and what is the fee?,"Yes, Punjabi University Patiala has a hostel for both boys and girls. The fee is 56988 and the mess fee is 28139."
Punjabi University Patiala,Facilities,What are the library timings for Punjabi University Patiala?,The library timings for Punjabi University Patiala are 8:00 AM to 8:00 PM.
Punjabi University Patiala,Academics,What is the attendance rule at Punjabi University Patiala?,The attendance rule at Punjabi University Patiala is Minimum 75% attendance mandatory.
Patna University,Fees,What is the tuition fee for Patna University?,The tuition fee for Patna University is 111036 per semester.
Patna University,Placements,What is the highest placement package at Patna University?,The highest placement package at Patna University is 40.4 Lakh Per Annum.
Patna University,Facilities,Does Patna University have a hostel and what is the fee?,"Yes, Patna University has a hostel for both boys and girls. The fee is 52252 and the mess fee is 28146."
Patna University,Facilities,What are the library timings for Patna University?,The library timings for Patna University are 8:00 AM to 8:00 PM.
Patna University,Academics,What is the attendance rule at Patna University?,The attendance rule at Patna University is Minimum 75% attendance mandatory.
Rajendra Agricultural University,Fees,What is the tuition fee for Rajendra Agricultural University?,The tuition fee for Rajendra Agricultural University is 125386 per semester.
Rajendra Agricultural University,Placements,What is the highest placement package at Rajendra Agricultural University?,The highest placement package at Rajendra Agricultural University is 22.9 Lakh Per Annum.
Rajendra Agricultural University,Facilities,Does Rajendra Agricultural University have a hostel and what is the fee?,"Yes, Rajendra Agricultural University has a hostel for both boys and girls. The fee is 84445 and the mess fee is 39610."
Rajendra Agricultural University,Facilities,What are the library timings for Rajendra Agricultural University?,The library timings for Rajendra Agricultural University are 8:00 AM to 8:00 PM.
Rajendra Agricultural University,Academics,What is the attendance rule at Rajendra Agricultural University?,The attendance rule at Rajendra Agricultural University is Minimum 75% attendance mandatory.
Rabindra Bharati University,Fees,What is the tuition fee for Rabindra Bharati University?,The tuition fee for Rabindra Bharati University is 121207 per semester.
Rabindra Bharati University,Placements,What is the highest placement package at Rabindra Bharati University?,The highest placement package at Rabindra Bharati University is 32.3 Lakh Per Annum.
Rabindra Bharati University,Facilities,Does Rabindra Bharati University have a hostel and what is the fee?,"Yes, Rabindra Bharati University has a hostel for both boys and girls. The fee is 80902 and the mess fee is 40782."
Rabindra Bharati University,Facilities,What are the library timings for Rabindra Bharati University?,The library timings for Rabindra Bharati University are 8:00 AM to 8:00 PM.
Rabindra Bharati University,Academics,What is the attendance rule at Rabindra Bharati University?,The attendance rule at Rabindra Bharati University is Minimum 75% attendance mandatory.
Ranchi University,Fees,What is the tuition fee for Ranchi University?,The tuition fee for Ranchi University is 86938 per semester.
Ranchi University,Placements,What is the highest placement package at Ranchi University?,The highest placement package at Ranchi University is 25.9 Lakh Per Annum.
Ranchi University,Facilities,Does Ranchi University have a hostel and what is the fee?,"Yes, Ranchi University has a hostel for both boys and girls. The fee is 65984 and the mess fee is 43080."
Ranchi University,Facilities,What are the library timings for Ranchi University?,The library timings for Ranchi University are 8:00 AM to 8:00 PM.
Ranchi University,Academics,What is the attendance rule at Ranchi University?,The attendance rule at Ranchi University is Minimum 75% attendance mandatory.
"Rajasthan Agricultural University, Bikaner",Fees,"What is the tuition fee for Rajasthan Agricultural University, Bikaner?","The tuition fee for Rajasthan Agricultural University, Bikaner is 74704 per semester."
"Rajasthan Agricultural University, Bikaner",Placements,"What is the highest placement package at Rajasthan Agricultural University, Bikaner?","The highest placement package at Rajasthan Agricultural University, Bikaner is 27.1 Lakh Per Annum."
"Rajasthan Agricultural University, Bikaner",Facilities,"Does Rajasthan Agricultural University, Bikaner have a hostel and what is the fee?","Yes, Rajasthan Agricultural University, Bikaner has a hostel for both boys and girls. The fee is 79630 and the mess fee is 43613."
"Rajasthan Agricultural University, Bikaner",Facilities,"What are the library timings for Rajasthan Agricultural University, Bikaner?","The library timings for Rajasthan Agricultural University, Bikaner are 8:00 AM to 8:00 PM."
"Rajasthan Agricultural University, Bikaner",Academics,"What is the attendance rule at Rajasthan Agricultural University, Bikaner?","The attendance rule at Rajasthan Agricultural University, Bikaner is Minimum 75% attendance mandatory."
Rani Durgavati University,Fees,What is the tuition fee for Rani Durgavati University?,The tuition fee for Rani Durgavati University is 139676 per semester.
Rani Durgavati University,Placements,What is the highest placement package at Rani Durgavati University?,The highest placement package at Rani Durgavati University is 40.2 Lakh Per Annum.
Rani Durgavati University,Facilities,Does Rani Durgavati University have a hostel and what is the fee?,"Yes, Rani Durgavati University has a hostel for both boys and girls. The fee is 58883 and the mess fee is 33886."
Rani Durgavati University,Facilities,What are the library timings for Rani Durgavati University?,The library timings for Rani Durgavati University are 8:00 AM to 8:00 PM.
Rani Durgavati University,Academics,What is the attendance rule at Rani Durgavati University?,The attendance rule at Rani Durgavati University is Minimum 75% attendance mandatory.
Rajiv Gandhi Technical University (University of Technology of Madhya Pradesh),Fees,What is the tuition fee for Rajiv Gandhi Technical University (University of Technology of Madhya Pradesh)?,The tuition fee for Rajiv Gandhi Technical University (University of Technology of Madhya Pradesh) is 97544 per semester.
Rajiv Gandhi Technical University (University of Technology of Madhya Pradesh),Placements,What is the highest placement package at Rajiv Gandhi Technical University (University of Technology of Madhya Pradesh)?,The highest placement package at Rajiv Gandhi Technical University (University of Technology of Madhya Pradesh) is 22.2 Lakh Per Annum.
Rajiv Gandhi Technical University (University of Technology of Madhya Pradesh),Facilities,Does Rajiv Gandhi Technical University (University of Technology of Madhya Pradesh) have a hostel and what is the fee?,"Yes, Rajiv Gandhi Technical University (University of Technology of Madhya Pradesh) has a hostel for both boys and girls. The fee is 55557 and the mess fee is 31967."
Rajiv Gandhi Technical University (University of Technology of Madhya Pradesh),Facilities,What are the library timings for Rajiv Gandhi Technical University (University of Technology of Madhya Pradesh)?,The library timings for Rajiv Gandhi Technical University (University of Technology of Madhya Pradesh) are 8:00 AM to 8:00 PM.
Rajiv Gandhi Technical University (University of Technology of Madhya Pradesh),Academics,What is the attendance rule at Rajiv Gandhi Technical University (University of Technology of Madhya Pradesh)?,The attendance rule at Rajiv Gandhi Technical University (University of Technology of Madhya Pradesh) is Minimum 75% attendance mandatory.
Rajiv Gandhi University,Fees,What is the tuition fee for Rajiv Gandhi University?,The tuition fee for Rajiv Gandhi University is 73049 per semester.
Rajiv Gandhi University,Placements,What is the highest placement package at Rajiv Gandhi University?,The highest placement package at Rajiv Gandhi University is 34.1 Lakh Per Annum.
Rajiv Gandhi University,Facilities,Does Rajiv Gandhi University have a hostel and what is the fee?,"Yes, Rajiv Gandhi University has a hostel for both boys and girls. The fee is 80803 and the mess fee is 29749."
Rajiv Gandhi University,Facilities,What are the library timings for Rajiv Gandhi University?,The library timings for Rajiv Gandhi University are 8:00 AM to 8:00 PM.
Rajiv Gandhi University,Academics,What is the attendance rule at Rajiv Gandhi University?,The attendance rule at Rajiv Gandhi University is Minimum 75% attendance mandatory.
