University_ID,University_Name,State,Official_Website,Established_Year,Recognition,Accreditation,NIRF_Rank,Courses,Popular_Courses,Departments,Eligibility,Tuition_Fee,Admission_Fee,Examination_Fee,Other_Fees,Placement_Cell,Placement_Policy,Placement_Rate,Average_Package,Highest_Package,Lowest_Package,Recruiters,Placement_Eligibility,Internship,Internship_Policy,Transport_Available,Transport_Fee,Transport_Routes,Transport_Timing,Library_Available,Library_Facilities,Library_Books,Digital_Library,E_Resources,Library_Timing,Hostel_Available,Boys_Hostel,Girls_Hostel,Hostel_Fee,Mess_Fee,Hostel_Timing,Hostel_Leave_Rules,Hostel_Discipline_Rules,Sports_Available,Sports_Facilities,Indoor_Sports,Outdoor_Sports,Gym,Exam_System,Attendance_Rule,Internal_Marks,External_Marks,Passing_Criteria,Re_Exam_Rule,Supplementary_Exam,Backlog_Rule,Scholarship,Counselling,Student_Clubs,Student_Support,Student_Feedback,Teaching_Rating,Placement_Rating,Hostel_Rating,Transport_Rating,Library_Rating,Sports_Rating,Overall_Rating
UNI001,Thakur College of Engineering and Technology,Mahārāshtra,https://www.tcetmumbai.in/,2024,UGC Recognized,NAAC 'A' Grade,94,"Engineering: Computer Science (CSE), Civil, Mechanical, ICT","B.Tech CSE, MBA Finance, B.Sc","Computer Science, Mechanical Engineering, Civil Engineering, Management Studies, Applied Sciences","Minimum 60% aggregate in 10+2 (Physics, Chemistry, Mathematics/Biology)",2025 per semester,8942,3216,5009,Active Training and Placement Cell,Strictly for registered final-year students,79% in 2023,7.8 Lakh Per Annum,37.3 Lakh Per Annum,3.6 Lakh Per Annum,"TCS, Infosys, Wipro, Cognizant, Amazon, Microsoft",Minimum 6.0 CGPA with no active backlogs,Mandatory 6-week summer internship,Stipend based on company selection,"Yes, across major city routes",25664,Over 15 designated routes,7:30 AM to 5:30 PM,Central Air-Conditioned Library,"Reading Room, Reference Section, Digital Access",212896,Available with remote access,"IEEE, Springer, ScienceDirect",8:00 AM to 8:00 PM,"Yes, for Boys and Girls",Available with 500+ capacity,Available with 300+ capacity,57039,37185,9:30 PM,Prior permission from Warden required,Strict anti-ragging policies enforced,"Yes, indoor and outdoor facilities","Football ground, Cricket pitch, Basketball courts","Table Tennis, Badminton, Chess","Football, Cricket, Volleyball, Athletics",Well-equipped modern gymnasium,Semester System (CBCS),Minimum 75% attendance mandatory,25% weightage,75% weightage,Minimum 40% aggregate required to pass,Conducted within 1 month of result declaration,Available for a maximum of 3 subjects,Maximum 4 backlogs allowed to promote to next year,Merit-based and Category-based scholarships available,Dedicated Student Counselling Centre,"Technical, Cultural, and Sports Clubs",Anti-Ragging Squad and Grievance Cell,End-semester anonymous feedback system,4.1/5,3.9/5,3.7/5,4.3/5,4.5/5,4.2/5,4.6/5
UNI002,Atharva College of Engineering,Mumbai,https://atharvacoe.ac.in/,1962,UGC Recognized,NAAC 'A' Grade,66,"Engineering: Computer Science (CSE), Civil, Mechanical, ICT","B.Tech CSE, MBA Finance, B.Sc","Computer Science, Mechanical Engineering, Civil Engineering, Management Studies, Applied Sciences","Minimum 60% aggregate in 10+2 (Physics, Chemistry, Mathematics/Biology)",124458 per semester,20772,4811,2354,Active Training and Placement Cell,Strictly for registered final-year students,91% in 2023,8.7 Lakh Per Annum,43.2 Lakh Per Annum,3.7 Lakh Per Annum,"TCS, Infosys, Wipro, Cognizant, Amazon, Microsoft",Minimum 6.0 CGPA with no active backlogs,Mandatory 6-week summer internship,Stipend based on company selection,"Yes, across major city routes",19237,Over 15 designated routes,7:30 AM to 5:30 PM,Central Air-Conditioned Library,"Reading Room, Reference Section, Digital Access",190852,Available with remote access,"IEEE, Springer, ScienceDirect",8:00 AM to 8:00 PM,"Yes, for Boys and Girls",Available with 500+ capacity,Available with 300+ capacity,54140,27026,9:30 PM,Prior permission from Warden required,Strict anti-ragging policies enforced,"Yes, indoor and outdoor facilities","Football ground, Cricket pitch, Basketball courts","Table Tennis, Badminton, Chess","Football, Cricket, Volleyball, Athletics",Well-equipped modern gymnasium,Semester System (CBCS),Minimum 75% attendance mandatory,25% weightage,75% weightage,Minimum 40% aggregate required to pass,Conducted within 1 month of result declaration,Available for a maximum of 3 subjects,Maximum 4 backlogs allowed to promote to next year,Merit-based and Category-based scholarships available,Dedicated Student Counselling Centre,"Technical, Cultural, and Sports Clubs",Anti-Ragging Squad and Grievance Cell,End-semester anonymous feedback system,4.2/5,3.8/5,3.8/5,4.1/5,4.6/5,4.7/5,4.4/5
UNI003,Bhagwan Parshuram Institute of Technology,Delhi,http://bpitindia.ac.in/,1986,UGC Recognized,NAAC 'A' Grade,102,"Engineering: Computer Science (CSE), Civil, Mechanical, ICT","B.Tech CSE, MBA Finance, B.Sc","Computer Science, Mechanical Engineering, Civil Engineering, Management Studies, Applied Sciences","Minimum 60% aggregate in 10+2 (Physics, Chemistry, Mathematics/Biology)",2026 per semester,17575,3796,9094,Active Training and Placement Cell,Strictly for registered final-year students,83% in 2023,11.9 Lakh Per Annum,34.5 Lakh Per Annum,3.2 Lakh Per Annum,"TCS, Infosys, Wipro, Cognizant, Amazon, Microsoft",Minimum 6.0 CGPA with no active backlogs,Mandatory 6-week summer internship,Stipend based on company selection,"Yes, across major city routes",26420,Over 15 designated routes,7:30 AM to 5:30 PM,Central Air-Conditioned Library,"Reading Room, Reference Section, Digital Access",147205,Available with remote access,"IEEE, Springer, ScienceDirect",8:00 AM to 8:00 PM,"Yes, for Boys and Girls",Available with 500+ capacity,Available with 300+ capacity,72801,37638,9:30 PM,Prior permission from Warden required,Strict anti-ragging policies enforced,"Yes, indoor and outdoor facilities","Football ground, Cricket pitch, Basketball courts","Table Tennis, Badminton, Chess","Football, Cricket, Volleyball, Athletics",Well-equipped modern gymnasium,Semester System (CBCS),Minimum 75% attendance mandatory,25% weightage,75% weightage,Minimum 40% aggregate required to pass,Conducted within 1 month of result declaration,Available for a maximum of 3 subjects,Maximum 4 backlogs allowed to promote to next year,Merit-based and Category-based scholarships available,Dedicated Student Counselling Centre,"Technical, Cultural, and Sports Clubs",Anti-Ragging Squad and Grievance Cell,End-semester anonymous feedback system,4.3/5,4.1/5,4.4/5,4.0/5,4.5/5,4.0/5,4.0/5
UNI004,University of Petroleum and Energy Studies,Dehradun,https://www.upes.ac.in/,1941,UGC Recognized,NAAC 'A' Grade,21,"Engineering: CSE, Mechanical | Management: MBA, BBA | Science: B.Sc, M.Sc","B.Tech CSE, MBA Finance, B.Sc","Computer Science, Mechanical Engineering, Civil Engineering, Management Studies, Applied Sciences","Minimum 60% aggregate in 10+2 (Physics, Chemistry, Mathematics/Biology)",101337 per semester,20462,4980,8917,Active Training and Placement Cell,Strictly for registered final-year students,75% in 2023,9.8 Lakh Per Annum,32.9 Lakh Per Annum,2.8 Lakh Per Annum,"TCS, Infosys, Wipro, Cognizant, Amazon, Microsoft",Minimum 6.0 CGPA with no active backlogs,Mandatory 6-week summer internship,Stipend based on company selection,"Yes, across major city routes",31388,Over 15 designated routes,7:30 AM to 5:30 PM,Central Air-Conditioned Library,"Reading Room, Reference Section, Digital Access",246301,Available with remote access,"IEEE, Springer, ScienceDirect",8:00 AM to 8:00 PM,"Yes, for Boys and Girls",Available with 500+ capacity,Available with 300+ capacity,74855,28246,9:30 PM,Prior permission from Warden required,Strict anti-ragging policies enforced,"Yes, indoor and outdoor facilities","Football ground, Cricket pitch, Basketball courts","Table Tennis, Badminton, Chess","Football, Cricket, Volleyball, Athletics",Well-equipped modern gymnasium,Semester System (CBCS),Minimum 75% attendance mandatory,25% weightage,75% weightage,Minimum 40% aggregate required to pass,Conducted within 1 month of result declaration,Available for a maximum of 3 subjects,Maximum 4 backlogs allowed to promote to next year,Merit-based and Category-based scholarships available,Dedicated Student Counselling Centre,"Technical, Cultural, and Sports Clubs",Anti-Ragging Squad and Grievance Cell,End-semester anonymous feedback system,4.6/5,4.4/5,4.3/5,4.6/5,4.4/5,4.4/5,4.1/5
UNI005,Ashoka University,Haryana,https://www.ashoka.edu.in/,2020,UGC Recognized,NAAC 'A' Grade,50,"Engineering: CSE, Mechanical | Management: MBA, BBA | Science: B.Sc, M.Sc","B.Tech CSE, MBA Finance, B.Sc","Computer Science, Mechanical Engineering, Civil Engineering, Management Studies, Applied Sciences","Minimum 60% aggregate in 10+2 (Physics, Chemistry, Mathematics/Biology)",77382 per semester,22109,4613,8813,Active Training and Placement Cell,Strictly for registered final-year students,95% in 2023,12.3 Lakh Per Annum,43.2 Lakh Per Annum,3.4 Lakh Per Annum,"TCS, Infosys, Wipro, Cognizant, Amazon, Microsoft",Minimum 6.0 CGPA with no active backlogs,Mandatory 6-week summer internship,Stipend based on company selection,"Yes, across major city routes",19925,Over 15 designated routes,7:30 AM to 5:30 PM,Central Air-Conditioned Library,"Reading Room, Reference Section, Digital Access",229445,Available with remote access,"IEEE, Springer, ScienceDirect",8:00 AM to 8:00 PM,"Yes, for Boys and Girls",Available with 500+ capacity,Available with 300+ capacity,54550,27990,9:30 PM,Prior permission from Warden required,Strict anti-ragging policies enforced,"Yes, indoor and outdoor facilities","Football ground, Cricket pitch, Basketball courts","Table Tennis, Badminton, Chess","Football, Cricket, Volleyball, Athletics",Well-equipped modern gymnasium,Semester System (CBCS),Minimum 75% attendance mandatory,25% weightage,75% weightage,Minimum 40% aggregate required to pass,Conducted within 1 month of result declaration,Available for a maximum of 3 subjects,Maximum 4 backlogs allowed to promote to next year,Merit-based and Category-based scholarships available,Dedicated Student Counselling Centre,"Technical, Cultural, and Sports Clubs",Anti-Ragging Squad and Grievance Cell,End-semester anonymous feedback system,4.1/5,4.0/5,3.6/5,4.5/5,4.9/5,4.6/5,4.8/5
UNI006,Indian Institute of Information Technology Sri City,Chittoor,https://www.iiits.ac.in/,1955,UGC Recognized,NAAC 'A' Grade,117,"Engineering: Computer Science (CSE), Civil, Mechanical, ICT","B.Tech CSE, MBA Finance, B.Sc","Computer Science, Mechanical Engineering, Civil Engineering, Management Studies, Applied Sciences","Minimum 60% aggregate in 10+2 (Physics, Chemistry, Mathematics/Biology)",91407 per semester,17502,2598,6448,Active Training and Placement Cell,Strictly for registered final-year students,83% in 2023,9.4 Lakh Per Annum,37.4 Lakh Per Annum,2.8 Lakh Per Annum,"TCS, Infosys, Wipro, Cognizant, Amazon, Microsoft",Minimum 6.0 CGPA with no active backlogs,Mandatory 6-week summer internship,Stipend based on company selection,"Yes, across major city routes",24324,Over 15 designated routes,7:30 AM to 5:30 PM,Central Air-Conditioned Library,"Reading Room, Reference Section, Digital Access",223632,Available with remote access,"IEEE, Springer, ScienceDirect",8:00 AM to 8:00 PM,"Yes, for Boys and Girls",Available with 500+ capacity,Available with 300+ capacity,81534,27143,9:30 PM,Prior permission from Warden required,Strict anti-ragging policies enforced,"Yes, indoor and outdoor facilities","Football ground, Cricket pitch, Basketball courts","Table Tennis, Badminton, Chess","Football, Cricket, Volleyball, Athletics",Well-equipped modern gymnasium,Semester System (CBCS),Minimum 75% attendance mandatory,25% weightage,75% weightage,Minimum 40% aggregate required to pass,Conducted within 1 month of result declaration,Available for a maximum of 3 subjects,Maximum 4 backlogs allowed to promote to next year,Merit-based and Category-based scholarships available,Dedicated Student Counselling Centre,"Technical, Cultural, and Sports Clubs",Anti-Ragging Squad and Grievance Cell,End-semester anonymous feedback system,4.4/5,4.3/5,3.6/5,4.5/5,4.8/5,4.6/5,4.8/5
UNI007,DAV Institute of Engineering & Technology,Punjab,http://www.davietjal.org/,2001,UGC Recognized,NAAC 'A' Grade,64,"Engineering: Computer Science (CSE), Civil, Mechanical, ICT","B.Tech CSE, MBA Finance, B.Sc","Computer Science, Mechanical Engineering, Civil Engineering, Management Studies, Applied Sciences","Minimum 60% aggregate in 10+2 (Physics, Chemistry, Mathematics/Biology)",56639 per semester,8019,4285,3258,Active Training and Placement Cell,Strictly for registered final-year students,94% in 2023,8.3 Lakh Per Annum,0 Lakh Per Annum,3.7 Lakh Per Annum,"TCS, Infosys, Wipro, Cognizant, Amazon, Microsoft",Minimum 6.0 CGPA with no active backlogs,Mandatory 6-week summer internship,Stipend based on company selection,"Yes, across major city routes",19099,Over 15 designated routes,7:30 AM to 5:30 PM,Central Air-Conditioned Library,"Reading Room, Reference Section, Digital Access",2020,Available with remote access,"IEEE, Springer, ScienceDirect",8:00 AM to 8:00 PM,"Yes, for Boys and Girls",Available with 500+ capacity,Available with 300+ capacity,2025,43057,9:30 PM,Prior permission from Warden required,Strict anti-ragging policies enforced,"Yes, indoor and outdoor facilities","Football ground, Cricket pitch, Basketball courts","Table Tennis, Badminton, Chess","Football, Cricket, Volleyball, Athletics",Well-equipped modern gymnasium,Semester System (CBCS),Minimum 75% attendance mandatory,25% weightage,75% weightage,Minimum 40% aggregate required to pass,Conducted within 1 month of result declaration,Available for a maximum of 3 subjects,Maximum 4 backlogs allowed to promote to next year,Merit-based and Category-based scholarships available,Dedicated Student Counselling Centre,"Technical, Cultural, and Sports Clubs",Anti-Ragging Squad and Grievance Cell,End-semester anonymous feedback system,4.2/5,3.9/5,3.6/5,4.1/5,4.2/5,4.3/5,4.4/5
UNI008,Lovely Professional University,Punjab,http://www.lpu.in/,1958,UGC Recognized,NAAC 'A' Grade,109,"Engineering: CSE, Mechanical | Management: MBA, BBA | Science: B.Sc, M.Sc","B.Tech CSE, MBA Finance, B.Sc","Computer Science, Mechanical Engineering, Civil Engineering, Management Studies, Applied Sciences","Minimum 60% aggregate in 10+2 (Physics, Chemistry, Mathematics/Biology)",59602 per semester,24250,1836,2273,Active Training and Placement Cell,Strictly for registered final-year students,79% in 2023,5.8 Lakh Per Annum,25.0 Lakh Per Annum,3.0 Lakh Per Annum,"TCS, Infosys, Wipro, Cognizant, Amazon, Microsoft",Minimum 6.0 CGPA with no active backlogs,Mandatory 6-week summer internship,Stipend based on company selection,"Yes, across major city routes",33538,Over 15 designated routes,7:30 AM to 5:30 PM,Central Air-Conditioned Library,"Reading Room, Reference Section, Digital Access",120899,Available with remote access,"IEEE, Springer, ScienceDirect",8:00 AM to 8:00 PM,"Yes, for Boys and Girls",Available with 500+ capacity,Available with 300+ capacity,55810,44886,9:30 PM,Prior permission from Warden required,Strict anti-ragging policies enforced,"Yes, indoor and outdoor facilities","Football ground, Cricket pitch, Basketball courts","Table Tennis, Badminton, Chess","Football, Cricket, Volleyball, Athletics",Well-equipped modern gymnasium,Semester System (CBCS),Minimum 75% attendance mandatory,25% weightage,75% weightage,Minimum 40% aggregate required to pass,Conducted within 1 month of result declaration,Available for a maximum of 3 subjects,Maximum 4 backlogs allowed to promote to next year,Merit-based and Category-based scholarships available,Dedicated Student Counselling Centre,"Technical, Cultural, and Sports Clubs",Anti-Ragging Squad and Grievance Cell,End-semester anonymous feedback system,4.6/5,4.4/5,3.7/5,3.8/5,4.3/5,4.1/5,4.2/5
UNI009,Somaiya Vidyavihar,nan,https://somaiya.edu/,1997,UGC Recognized,NAAC 'A' Grade,124,"Engineering: CSE, Mechanical | Management: MBA, BBA | Science: B.Sc, M.Sc","B.Tech CSE, MBA Finance, B.Sc","Computer Science, Mechanical Engineering, Civil Engineering, Management Studies, Applied Sciences","Minimum 60% aggregate in 10+2 (Physics, Chemistry, Mathematics/Biology)",42800 per semester,7077,4988,3796,Active Training and Placement Cell,Strictly for registered final-year students,97% in 2023,5.8 Lakh Per Annum,36.0 Lakh Per Annum,3.2 Lakh Per Annum,"TCS, Infosys, Wipro, Cognizant, Amazon, Microsoft",Minimum 6.0 CGPA with no active backlogs,Mandatory 6-week summer internship,Stipend based on company selection,"Yes, across major city routes",29313,Over 15 designated routes,7:30 AM to 5:30 PM,Central Air-Conditioned Library,"Reading Room, Reference Section, Digital Access",92192,Available with remote access,"IEEE, Springer, ScienceDirect",8:00 AM to 8:00 PM,"Yes, for Boys and Girls",Available with 500+ capacity,Available with 300+ capacity,68505,35444,9:30 PM,Prior permission from Warden required,Strict anti-ragging policies enforced,"Yes, indoor and outdoor facilities","Football ground, Cricket pitch, Basketball courts","Table Tennis, Badminton, Chess","Football, Cricket, Volleyball, Athletics",Well-equipped modern gymnasium,Semester System (CBCS),Minimum 75% attendance mandatory,25% weightage,75% weightage,Minimum 40% aggregate required to pass,Conducted within 1 month of result declaration,Available for a maximum of 3 subjects,Maximum 4 backlogs allowed to promote to next year,Merit-based and Category-based scholarships available,Dedicated Student Counselling Centre,"Technical, Cultural, and Sports Clubs",Anti-Ragging Squad and Grievance Cell,End-semester anonymous feedback system,4.8/5,4.2/5,4.4/5,3.9/5,4.2/5,4.5/5,4.3/5
UNI010,NorthCap University,Haryana,http://www.ncuindia.edu/,1991,UGC Recognized,NAAC 'A' Grade,69,"Engineering: CSE, Mechanical | Management: MBA, BBA | Science: B.Sc, M.Sc","B.Tech CSE, MBA Finance, B.Sc","Computer Science, Mechanical Engineering, Civil Engineering, Management Studies, Applied Sciences","Minimum 60% aggregate in 10+2 (Physics, Chemistry, Mathematics/Biology)",2026 per semester,5282,3013,5347,Active Training and Placement Cell,Strictly for registered final-year students,76% in 2023,8.5 Lakh Per Annum,24.9 Lakh Per Annum,3.3 Lakh Per Annum,"TCS, Infosys, Wipro, Cognizant, Amazon, Microsoft",Minimum 6.0 CGPA with no active backlogs,Mandatory 6-week summer internship,Stipend based on company selection,"Yes, across major city routes",34894,Over 15 designated routes,7:30 AM to 5:30 PM,Central Air-Conditioned Library,"Reading Room, Reference Section, Digital Access",75230,Available with remote access,"IEEE, Springer, ScienceDirect",8:00 AM to 8:00 PM,"Yes, for Boys and Girls",Available with 500+ capacity,Available with 300+ capacity,58557,25994,9:30 PM,Prior permission from Warden required,Strict anti-ragging policies enforced,"Yes, indoor and outdoor facilities","Football ground, Cricket pitch, Basketball courts","Table Tennis, Badminton, Chess","Football, Cricket, Volleyball, Athletics",Well-equipped modern gymnasium,Semester System (CBCS),Minimum 75% attendance mandatory,25% weightage,75% weightage,Minimum 40% aggregate required to pass,Conducted within 1 month of result declaration,Available for a maximum of 3 subjects,Maximum 4 backlogs allowed to promote to next year,Merit-based and Category-based scholarships available,Dedicated Student Counselling Centre,"Technical, Cultural, and Sports Clubs",Anti-Ragging Squad and Grievance Cell,End-semester anonymous feedback system,4.5/5,4.2/5,4.4/5,4.3/5,4.5/5,4.1/5,4.6/5
UNI011,Dharamsinh Desai University,Gujarat,http://www.ddu.ac.in/,1989,UGC Recognized,NAAC 'A' Grade,95,"Engineering: CSE, Mechanical | Management: MBA, BBA | Science: B.Sc, M.Sc","B.Tech CSE, MBA Finance, B.Sc","Computer Science, Mechanical Engineering, Civil Engineering, Management Studies, Applied Sciences","Minimum 60% aggregate in 10+2 (Physics, Chemistry, Mathematics/Biology)",117608 per semester,5676,3922,6702,Active Training and Placement Cell,Strictly for registered final-year students,93% in 2023,11.8 Lakh Per Annum,36.1 Lakh Per Annum,3.2 Lakh Per Annum,"TCS, Infosys, Wipro, Cognizant, Amazon, Microsoft",Minimum 6.0 CGPA with no active backlogs,Mandatory 6-week summer internship,Stipend based on company selection,"Yes, across major city routes",24384,Over 15 designated routes,7:30 AM to 5:30 PM,Central Air-Conditioned Library,"Reading Room, Reference Section, Digital Access",150931,Available with remote access,"IEEE, Springer, ScienceDirect",8:00 AM to 8:00 PM,"Yes, for Boys and Girls",Available with 500+ capacity,Available with 300+ capacity,82154,43652,9:30 PM,Prior permission from Warden required,Strict anti-ragging policies enforced,"Yes, indoor and outdoor facilities","Football ground, Cricket pitch, Basketball courts","Table Tennis, Badminton, Chess","Football, Cricket, Volleyball, Athletics",Well-equipped modern gymnasium,Semester System (CBCS),Minimum 75% attendance mandatory,25% weightage,75% weightage,Minimum 40% aggregate required to pass,Conducted within 1 month of result declaration,Available for a maximum of 3 subjects,Maximum 4 backlogs allowed to promote to next year,Merit-based and Category-based scholarships available,Dedicated Student Counselling Centre,"Technical, Cultural, and Sports Clubs",Anti-Ragging Squad and Grievance Cell,End-semester anonymous feedback system,4.1/5,4.5/5,3.6/5,4.0/5,4.3/5,4.7/5,4.7/5
UNI012,University of Health Sciences Andhra Pradesh,Andhra Pradesh,http://ntruhs.ap.nic.in/,1959,UGC Recognized,NAAC 'A' Grade,98,"Medical: MBBS, BDS, MD, B.Sc Nursing","B.Tech CSE, MBA Finance, B.Sc","Computer Science, Mechanical Engineering, Civil Engineering, Management Studies, Applied Sciences","Minimum 60% aggregate in 10+2 (Physics, Chemistry, Mathematics/Biology)",61577 per semester,5833,2937,8831,Active Training and Placement Cell,Strictly for registered final-year students,77% in 2023,10.5 Lakh Per Annum,32.6 Lakh Per Annum,3.9 Lakh Per Annum,"TCS, Infosys, Wipro, Cognizant, Amazon, Microsoft",Minimum 6.0 CGPA with no active backlogs,Mandatory 6-week summer internship,Stipend based on company selection,"Yes, across major city routes",34158,Over 15 designated routes,7:30 AM to 5:30 PM,Central Air-Conditioned Library,"Reading Room, Reference Section, Digital Access",198131,Available with remote access,"IEEE, Springer, ScienceDirect",8:00 AM to 8:00 PM,"Yes, for Boys and Girls",Available with 500+ capacity,Available with 300+ capacity,54976,25341,9:30 PM,Prior permission from Warden required,Strict anti-ragging policies enforced,"Yes, indoor and outdoor facilities","Football ground, Cricket pitch, Basketball courts","Table Tennis, Badminton, Chess","Football, Cricket, Volleyball, Athletics",Well-equipped modern gymnasium,Semester System (CBCS),Minimum 75% attendance mandatory,25% weightage,75% weightage,Minimum 40% aggregate required to pass,Conducted within 1 month of result declaration,Available for a maximum of 3 subjects,Maximum 4 backlogs allowed to promote to next year,Merit-based and Category-based scholarships available,Dedicated Student Counselling Centre,"Technical, Cultural, and Sports Clubs",Anti-Ragging Squad and Grievance Cell,End-semester anonymous feedback system,4.5/5,4.5/5,4.1/5,4.0/5,4.4/5,4.8/5,4.2/5
UNI013,"Allahabad Agricultural Institute, Deemed University",nan,http://www.aaidu.org/,1941,UGC Recognized,NAAC 'A' Grade,27,"Engineering: CSE, Mechanical | Management: MBA, BBA | Science: B.Sc, M.Sc","B.Tech CSE, MBA Finance, B.Sc","Computer Science, Mechanical Engineering, Civil Engineering, Management Studies, Applied Sciences","Minimum 60% aggregate in 10+2 (Physics, Chemistry, Mathematics/Biology)",144181 per semester,10818,3686,7797,Active Training and Placement Cell,Strictly for registered final-year students,81% in 2023,5.1 Lakh Per Annum,29.5 Lakh Per Annum,3.8 Lakh Per Annum,"TCS, Infosys, Wipro, Cognizant, Amazon, Microsoft",Minimum 6.0 CGPA with no active backlogs,Mandatory 6-week summer internship,Stipend based on company selection,"Yes, across major city routes",26601,Over 15 designated routes,7:30 AM to 5:30 PM,Central Air-Conditioned Library,"Reading Room, Reference Section, Digital Access",240317,Available with remote access,"IEEE, Springer, ScienceDirect",8:00 AM to 8:00 PM,"Yes, for Boys and Girls",Available with 500+ capacity,Available with 300+ capacity,46775,44897,9:30 PM,Prior permission from Warden required,Strict anti-ragging policies enforced,"Yes, indoor and outdoor facilities","Football ground, Cricket pitch, Basketball courts","Table Tennis, Badminton, Chess","Football, Cricket, Volleyball, Athletics",Well-equipped modern gymnasium,Semester System (CBCS),Minimum 75% attendance mandatory,25% weightage,75% weightage,Minimum 40% aggregate required to pass,Conducted within 1 month of result declaration,Available for a maximum of 3 subjects,Maximum 4 backlogs allowed to promote to next year,Merit-based and Category-based scholarships available,Dedicated Student Counselling Centre,"Technical, Cultural, and Sports Clubs",Anti-Ragging Squad and Grievance Cell,End-semester anonymous feedback system,4.2/5,4.2/5,3.8/5,4.2/5,4.2/5,4.7/5,4.4/5
UNI014,Assam Agricultural University,Assam,http://www.aau.ac.in/,2003,UGC Recognized,NAAC 'A' Grade,90,"Engineering: CSE, Mechanical | Management: MBA, BBA | Science: B.Sc, M.Sc","B.Tech CSE, MBA Finance, B.Sc","Computer Science, Mechanical Engineering, Civil Engineering, Management Studies, Applied Sciences","Minimum 60% aggregate in 10+2 (Physics, Chemistry, Mathematics/Biology)",142893 per semester,10873,1773,5970,Active Training and Placement Cell,Strictly for registered final-year students,75% in 2023,9.2 Lakh Per Annum,44.6 Lakh Per Annum,3.5 Lakh Per Annum,"TCS, Infosys, Wipro, Cognizant, Amazon, Microsoft",Minimum 6.0 CGPA with no active backlogs,Mandatory 6-week summer internship,Stipend based on company selection,"Yes, across major city routes",24040,Over 15 designated routes,7:30 AM to 5:30 PM,Central Air-Conditioned Library,"Reading Room, Reference Section, Digital Access",223693,Available with remote access,"IEEE, Springer, ScienceDirect",8:00 AM to 8:00 PM,"Yes, for Boys and Girls",Available with 500+ capacity,Available with 300+ capacity,80289,32788,9:30 PM,Prior permission from Warden required,Strict anti-ragging policies enforced,"Yes, indoor and outdoor facilities","Football ground, Cricket pitch, Basketball courts","Table Tennis, Badminton, Chess","Football, Cricket, Volleyball, Athletics",Well-equipped modern gymnasium,Semester System (CBCS),Minimum 75% attendance mandatory,25% weightage,75% weightage,Minimum 40% aggregate required to pass,Conducted within 1 month of result declaration,Available for a maximum of 3 subjects,Maximum 4 backlogs allowed to promote to next year,Merit-based and Category-based scholarships available,Dedicated Student Counselling Centre,"Technical, Cultural, and Sports Clubs",Anti-Ragging Squad and Grievance Cell,End-semester anonymous feedback system,4.8/5,4.5/5,3.5/5,4.6/5,4.7/5,4.8/5,4.2/5
UNI015,Ahmedabad University,Gujarat,http://www.ahduni.edu.in/,1987,UGC Recognized,NAAC 'A' Grade,91,"Engineering: CSE, Mechanical | Management: MBA, BBA | Science: B.Sc, M.Sc","B.Tech CSE, MBA Finance, B.Sc","Computer Science, Mechanical Engineering, Civil Engineering, Management Studies, Applied Sciences","Minimum 60% aggregate in 10+2 (Physics, Chemistry, Mathematics/Biology)",56545 per semester,8641,4141,3115,Active Training and Placement Cell,Strictly for registered final-year students,82% in 2023,8.1 Lakh Per Annum,28.1 Lakh Per Annum,3.5 Lakh Per Annum,"TCS, Infosys, Wipro, Cognizant, Amazon, Microsoft",Minimum 6.0 CGPA with no active backlogs,Mandatory 6-week summer internship,Stipend based on company selection,"Yes, across major city routes",22702,Over 15 designated routes,7:30 AM to 5:30 PM,Central Air-Conditioned Library,"Reading Room, Reference Section, Digital Access",194138,Available with remote access,"IEEE, Springer, ScienceDirect",8:00 AM to 8:00 PM,"Yes, for Boys and Girls",Available with 500+ capacity,Available with 300+ capacity,57524,29231,9:30 PM,Prior permission from Warden required,Strict anti-ragging policies enforced,"Yes, indoor and outdoor facilities","Football ground, Cricket pitch, Basketball courts","Table Tennis, Badminton, Chess","Football, Cricket, Volleyball, Athletics",Well-equipped modern gymnasium,Semester System (CBCS),Minimum 75% attendance mandatory,25% weightage,75% weightage,Minimum 40% aggregate required to pass,Conducted within 1 month of result declaration,Available for a maximum of 3 subjects,Maximum 4 backlogs allowed to promote to next year,Merit-based and Category-based scholarships available,Dedicated Student Counselling Centre,"Technical, Cultural, and Sports Clubs",Anti-Ragging Squad and Grievance Cell,End-semester anonymous feedback system,4.5/5,4.2/5,4.0/5,4.4/5,4.5/5,4.3/5,4.3/5
UNI016,All India Institute of Medical Sciences,nan,http://www.aiims.ac.in/,1995,UGC Recognized,NAAC 'A' Grade,70,"Medical: MBBS, BDS, MD, B.Sc Nursing","B.Tech CSE, MBA Finance, B.Sc","Computer Science, Mechanical Engineering, Civil Engineering, Management Studies, Applied Sciences","Minimum 60% aggregate in 10+2 (Physics, Chemistry, Mathematics/Biology)",149057 per semester,14022,2217,8862,Active Training and Placement Cell,Strictly for registered final-year students,89% in 2023,10.9 Lakh Per Annum,33.6 Lakh Per Annum,3.1 Lakh Per Annum,"TCS, Infosys, Wipro, Cognizant, Amazon, Microsoft",Minimum 6.0 CGPA with no active backlogs,Mandatory 6-week summer internship,Stipend based on company selection,"Yes, across major city routes",23867,Over 15 designated routes,7:30 AM to 5:30 PM,Central Air-Conditioned Library,"Reading Room, Reference Section, Digital Access",102625,Available with remote access,"IEEE, Springer, ScienceDirect",8:00 AM to 8:00 PM,"Yes, for Boys and Girls",Available with 500+ capacity,Available with 300+ capacity,70936,39856,9:30 PM,Prior permission from Warden required,Strict anti-ragging policies enforced,"Yes, indoor and outdoor facilities","Football ground, Cricket pitch, Basketball courts","Table Tennis, Badminton, Chess","Football, Cricket, Volleyball, Athletics",Well-equipped modern gymnasium,Semester System (CBCS),Minimum 75% attendance mandatory,25% weightage,75% weightage,Minimum 40% aggregate required to pass,Conducted within 1 month of result declaration,Available for a maximum of 3 subjects,Maximum 4 backlogs allowed to promote to next year,Merit-based and Category-based scholarships available,Dedicated Student Counselling Centre,"Technical, Cultural, and Sports Clubs",Anti-Ragging Squad and Grievance Cell,End-semester anonymous feedback system,4.0/5,4.2/5,4.2/5,4.4/5,4.4/5,4.7/5,4.8/5
UNI017,AISECT University,nan,http://www.aisectuniversity.ac.in/,1988,UGC Recognized,NAAC 'A' Grade,78,"Engineering: CSE, Mechanical | Management: MBA, BBA | Science: B.Sc, M.Sc","B.Tech CSE, MBA Finance, B.Sc","Computer Science, Mechanical Engineering, Civil Engineering, Management Studies, Applied Sciences","Minimum 60% aggregate in 10+2 (Physics, Chemistry, Mathematics/Biology)",55856 per semester,18864,3270,7456,Active Training and Placement Cell,Strictly for registered final-year students,78% in 2023,9.1 Lakh Per Annum,22.7 Lakh Per Annum,3.7 Lakh Per Annum,"TCS, Infosys, Wipro, Cognizant, Amazon, Microsoft",Minimum 6.0 CGPA with no active backlogs,Mandatory 6-week summer internship,Stipend based on company selection,"Yes, across major city routes",17049,Over 15 designated routes,7:30 AM to 5:30 PM,Central Air-Conditioned Library,"Reading Room, Reference Section, Digital Access",134865,Available with remote access,"IEEE, Springer, ScienceDirect",8:00 AM to 8:00 PM,"Yes, for Boys and Girls",Available with 500+ capacity,Available with 300+ capacity,68248,35883,9:30 PM,Prior permission from Warden required,Strict anti-ragging policies enforced,"Yes, indoor and outdoor facilities","Football ground, Cricket pitch, Basketball courts","Table Tennis, Badminton, Chess","Football, Cricket, Volleyball, Athletics",Well-equipped modern gymnasium,Semester System (CBCS),Minimum 75% attendance mandatory,25% weightage,75% weightage,Minimum 40% aggregate required to pass,Conducted within 1 month of result declaration,Available for a maximum of 3 subjects,Maximum 4 backlogs allowed to promote to next year,Merit-based and Category-based scholarships available,Dedicated Student Counselling Centre,"Technical, Cultural, and Sports Clubs",Anti-Ragging Squad and Grievance Cell,End-semester anonymous feedback system,4.6/5,3.9/5,4.2/5,4.0/5,4.4/5,4.8/5,4.5/5
UNI018,Alagappa University,Tamil Nadu,http://www.alagappauniversity.ac.in/,1972,UGC Recognized,NAAC 'A' Grade,65,"Engineering: CSE, Mechanical | Management: MBA, BBA | Science: B.Sc, M.Sc","B.Tech CSE, MBA Finance, B.Sc","Computer Science, Mechanical Engineering, Civil Engineering, Management Studies, Applied Sciences","Minimum 60% aggregate in 10+2 (Physics, Chemistry, Mathematics/Biology)",96926 per semester,5613,4731,2061,Active Training and Placement Cell,Strictly for registered final-year students,91% in 2023,9.2 Lakh Per Annum,37.6 Lakh Per Annum,2.7 Lakh Per Annum,"TCS, Infosys, Wipro, Cognizant, Amazon, Microsoft",Minimum 6.0 CGPA with no active backlogs,Mandatory 6-week summer internship,Stipend based on company selection,"Yes, across major city routes",18584,Over 15 designated routes,7:30 AM to 5:30 PM,Central Air-Conditioned Library,"Reading Room, Reference Section, Digital Access",146696,Available with remote access,"IEEE, Springer, ScienceDirect",8:00 AM to 8:00 PM,"Yes, for Boys and Girls",Available with 500+ capacity,Available with 300+ capacity,47086,44040,9:30 PM,Prior permission from Warden required,Strict anti-ragging policies enforced,"Yes, indoor and outdoor facilities","Football ground, Cricket pitch, Basketball courts","Table Tennis, Badminton, Chess","Football, Cricket, Volleyball, Athletics",Well-equipped modern gymnasium,Semester System (CBCS),Minimum 75% attendance mandatory,25% weightage,75% weightage,Minimum 40% aggregate required to pass,Conducted within 1 month of result declaration,Available for a maximum of 3 subjects,Maximum 4 backlogs allowed to promote to next year,Merit-based and Category-based scholarships available,Dedicated Student Counselling Centre,"Technical, Cultural, and Sports Clubs",Anti-Ragging Squad and Grievance Cell,End-semester anonymous feedback system,4.4/5,4.3/5,3.9/5,4.6/5,4.7/5,4.1/5,4.6/5
UNI019,Allahabad University,Uttar Pradesh,http://www.alldunivpio.org/,1950,UGC Recognized,NAAC 'A' Grade,74,"Engineering: CSE, Mechanical | Management: MBA, BBA | Science: B.Sc, M.Sc","B.Tech CSE, MBA Finance, B.Sc","Computer Science, Mechanical Engineering, Civil Engineering, Management Studies, Applied Sciences","Minimum 60% aggregate in 10+2 (Physics, Chemistry, Mathematics/Biology)",104469 per semester,11556,1836,7025,Active Training and Placement Cell,Strictly for registered final-year students,89% in 2023,9.5 Lakh Per Annum,22.4 Lakh Per Annum,3.6 Lakh Per Annum,"TCS, Infosys, Wipro, Cognizant, Amazon, Microsoft",Minimum 6.0 CGPA with no active backlogs,Mandatory 6-week summer internship,Stipend based on company selection,"Yes, across major city routes",34700,Over 15 designated routes,7:30 AM to 5:30 PM,Central Air-Conditioned Library,"Reading Room, Reference Section, Digital Access",205984,Available with remote access,"IEEE, Springer, ScienceDirect",8:00 AM to 8:00 PM,"Yes, for Boys and Girls",Available with 500+ capacity,Available with 300+ capacity,68031,32342,9:30 PM,Prior permission from Warden required,Strict anti-ragging policies enforced,"Yes, indoor and outdoor facilities","Football ground, Cricket pitch, Basketball courts","Table Tennis, Badminton, Chess","Football, Cricket, Volleyball, Athletics",Well-equipped modern gymnasium,Semester System (CBCS),Minimum 75% attendance mandatory,25% weightage,75% weightage,Minimum 40% aggregate required to pass,Conducted within 1 month of result declaration,Available for a maximum of 3 subjects,Maximum 4 backlogs allowed to promote to next year,Merit-based and Category-based scholarships available,Dedicated Student Counselling Centre,"Technical, Cultural, and Sports Clubs",Anti-Ragging Squad and Grievance Cell,End-semester anonymous feedback system,4.3/5,4.7/5,3.7/5,4.0/5,4.8/5,4.5/5,4.4/5
UNI020,Open International University for Alternative Medicines,nan,http://www.altmeduniversity.com/,1940,UGC Recognized,NAAC 'A' Grade,93,"Engineering: CSE, Mechanical | Management: MBA, BBA | Science: B.Sc, M.Sc","B.Tech CSE, MBA Finance, B.Sc","Computer Science, Mechanical Engineering, Civil Engineering, Management Studies, Applied Sciences","Minimum 60% aggregate in 10+2 (Physics, Chemistry, Mathematics/Biology)",55828 per semester,18691,4428,8738,Active Training and Placement Cell,Strictly for registered final-year students,85% in 2023,10.1 Lakh Per Annum,24.3 Lakh Per Annum,3.0 Lakh Per Annum,"TCS, Infosys, Wipro, Cognizant, Amazon, Microsoft",Minimum 6.0 CGPA with no active backlogs,Mandatory 6-week summer internship,Stipend based on company selection,"Yes, across major city routes",26972,Over 15 designated routes,7:30 AM to 5:30 PM,Central Air-Conditioned Library,"Reading Room, Reference Section, Digital Access",51671,Available with remote access,"IEEE, Springer, ScienceDirect",8:00 AM to 8:00 PM,"Yes, for Boys and Girls",Available with 500+ capacity,Available with 300+ capacity,82710,41982,9:30 PM,Prior permission from Warden required,Strict anti-ragging policies enforced,"Yes, indoor and outdoor facilities","Football ground, Cricket pitch, Basketball courts","Table Tennis, Badminton, Chess","Football, Cricket, Volleyball, Athletics",Well-equipped modern gymnasium,Semester System (CBCS),Minimum 75% attendance mandatory,25% weightage,75% weightage,Minimum 40% aggregate required to pass,Conducted within 1 month of result declaration,Available for a maximum of 3 subjects,Maximum 4 backlogs allowed to promote to next year,Merit-based and Category-based scholarships available,Dedicated Student Counselling Centre,"Technical, Cultural, and Sports Clubs",Anti-Ragging Squad and Grievance Cell,End-semester anonymous feedback system,4.4/5,4.4/5,3.7/5,3.9/5,4.3/5,4.7/5,4.3/5
UNI021,Indian Board of Alternative Medicine,West Bengal,http://www.altmedworld.net/,1960,UGC Recognized,NAAC 'A' Grade,143,"Engineering: CSE, Mechanical | Management: MBA, BBA | Science: B.Sc, M.Sc","B.Tech CSE, MBA Finance, B.Sc","Computer Science, Mechanical Engineering, Civil Engineering, Management Studies, Applied Sciences","Minimum 60% aggregate in 10+2 (Physics, Chemistry, Mathematics/Biology)",105830 per semester,9033,4375,7322,Active Training and Placement Cell,Strictly for registered final-year students,89% in 2023,5.0 Lakh Per Annum,33.1 Lakh Per Annum,3.4 Lakh Per Annum,"TCS, Infosys, Wipro, Cognizant, Amazon, Microsoft",Minimum 6.0 CGPA with no active backlogs,Mandatory 6-week summer internship,Stipend based on company selection,"Yes, across major city routes",27785,Over 15 designated routes,7:30 AM to 5:30 PM,Central Air-Conditioned Library,"Reading Room, Reference Section, Digital Access",80398,Available with remote access,"IEEE, Springer, ScienceDirect",8:00 AM to 8:00 PM,"Yes, for Boys and Girls",Available with 500+ capacity,Available with 300+ capacity,71504,40237,9:30 PM,Prior permission from Warden required,Strict anti-ragging policies enforced,"Yes, indoor and outdoor facilities","Football ground, Cricket pitch, Basketball courts","Table Tennis, Badminton, Chess","Football, Cricket, Volleyball, Athletics",Well-equipped modern gymnasium,Semester System (CBCS),Minimum 75% attendance mandatory,25% weightage,75% weightage,Minimum 40% aggregate required to pass,Conducted within 1 month of result declaration,Available for a maximum of 3 subjects,Maximum 4 backlogs allowed to promote to next year,Merit-based and Category-based scholarships available,Dedicated Student Counselling Centre,"Technical, Cultural, and Sports Clubs",Anti-Ragging Squad and Grievance Cell,End-semester anonymous feedback system,4.3/5,4.4/5,4.5/5,4.0/5,4.2/5,4.7/5,4.6/5
UNI022,Amity University,Uttar Pradesh,http://www.amity.edu/,1969,UGC Recognized,NAAC 'A' Grade,116,"Engineering: CSE, Mechanical | Management: MBA, BBA | Science: B.Sc, M.Sc","B.Tech CSE, MBA Finance, B.Sc","Computer Science, Mechanical Engineering, Civil Engineering, Management Studies, Applied Sciences","Minimum 60% aggregate in 10+2 (Physics, Chemistry, Mathematics/Biology)",88118 per semester,10975,3813,8375,Active Training and Placement Cell,Strictly for registered final-year students,85% in 2023,11.8 Lakh Per Annum,31.7 Lakh Per Annum,2.7 Lakh Per Annum,"TCS, Infosys, Wipro, Cognizant, Amazon, Microsoft",Minimum 6.0 CGPA with no active backlogs,Mandatory 6-week summer internship,Stipend based on company selection,"Yes, across major city routes",31272,Over 15 designated routes,7:30 AM to 5:30 PM,Central Air-Conditioned Library,"Reading Room, Reference Section, Digital Access",111794,Available with remote access,"IEEE, Springer, ScienceDirect",8:00 AM to 8:00 PM,"Yes, for Boys and Girls",Available with 500+ capacity,Available with 300+ capacity,53609,43547,9:30 PM,Prior permission from Warden required,Strict anti-ragging policies enforced,"Yes, indoor and outdoor facilities","Football ground, Cricket pitch, Basketball courts","Table Tennis, Badminton, Chess","Football, Cricket, Volleyball, Athletics",Well-equipped modern gymnasium,Semester System (CBCS),Minimum 75% attendance mandatory,25% weightage,75% weightage,Minimum 40% aggregate required to pass,Conducted within 1 month of result declaration,Available for a maximum of 3 subjects,Maximum 4 backlogs allowed to promote to next year,Merit-based and Category-based scholarships available,Dedicated Student Counselling Centre,"Technical, Cultural, and Sports Clubs",Anti-Ragging Squad and Grievance Cell,End-semester anonymous feedback system,4.5/5,4.2/5,4.4/5,4.0/5,4.4/5,4.4/5,4.5/5
UNI023,Amrita Vishwa Vidyapeetham,Tamil Nadu,http://www.amrita.edu/,1978,UGC Recognized,NAAC 'A' Grade,34,"Engineering: CSE, Mechanical | Management: MBA, BBA | Science: B.Sc, M.Sc","B.Tech CSE, MBA Finance, B.Sc","Computer Science, Mechanical Engineering, Civil Engineering, Management Studies, Applied Sciences","Minimum 60% aggregate in 10+2 (Physics, Chemistry, Mathematics/Biology)",113457 per semester,20371,4091,9125,Active Training and Placement Cell,Strictly for registered final-year students,75% in 2023,8.8 Lakh Per Annum,44.1 Lakh Per Annum,3.6 Lakh Per Annum,"TCS, Infosys, Wipro, Cognizant, Amazon, Microsoft",Minimum 6.0 CGPA with no active backlogs,Mandatory 6-week summer internship,Stipend based on company selection,"Yes, across major city routes",26370,Over 15 designated routes,7:30 AM to 5:30 PM,Central Air-Conditioned Library,"Reading Room, Reference Section, Digital Access",146505,Available with remote access,"IEEE, Springer, ScienceDirect",8:00 AM to 8:00 PM,"Yes, for Boys and Girls",Available with 500+ capacity,Available with 300+ capacity,79270,40936,9:30 PM,Prior permission from Warden required,Strict anti-ragging policies enforced,"Yes, indoor and outdoor facilities","Football ground, Cricket pitch, Basketball courts","Table Tennis, Badminton, Chess","Football, Cricket, Volleyball, Athletics",Well-equipped modern gymnasium,Semester System (CBCS),Minimum 75% attendance mandatory,25% weightage,75% weightage,Minimum 40% aggregate required to pass,Conducted within 1 month of result declaration,Available for a maximum of 3 subjects,Maximum 4 backlogs allowed to promote to next year,Merit-based and Category-based scholarships available,Dedicated Student Counselling Centre,"Technical, Cultural, and Sports Clubs",Anti-Ragging Squad and Grievance Cell,End-semester anonymous feedback system,4.7/5,3.9/5,3.7/5,4.2/5,4.3/5,4.5/5,4.7/5
UNI024,Amravati University,nan,http://www.amtuni.com/,1986,UGC Recognized,NAAC 'A' Grade,31,"Engineering: CSE, Mechanical | Management: MBA, BBA | Science: B.Sc, M.Sc","B.Tech CSE, MBA Finance, B.Sc","Computer Science, Mechanical Engineering, Civil Engineering, Management Studies, Applied Sciences","Minimum 60% aggregate in 10+2 (Physics, Chemistry, Mathematics/Biology)",112799 per semester,24199,3979,9869,Active Training and Placement Cell,Strictly for registered final-year students,89% in 2023,8.0 Lakh Per Annum,31.2 Lakh Per Annum,3.5 Lakh Per Annum,"TCS, Infosys, Wipro, Cognizant, Amazon, Microsoft",Minimum 6.0 CGPA with no active backlogs,Mandatory 6-week summer internship,Stipend based on company selection,"Yes, across major city routes",30220,Over 15 designated routes,7:30 AM to 5:30 PM,Central Air-Conditioned Library,"Reading Room, Reference Section, Digital Access",88622,Available with remote access,"IEEE, Springer, ScienceDirect",8:00 AM to 8:00 PM,"Yes, for Boys and Girls",Available with 500+ capacity,Available with 300+ capacity,59695,39281,9:30 PM,Prior permission from Warden required,Strict anti-ragging policies enforced,"Yes, indoor and outdoor facilities","Football ground, Cricket pitch, Basketball courts","Table Tennis, Badminton, Chess","Football, Cricket, Volleyball, Athletics",Well-equipped modern gymnasium,Semester System (CBCS),Minimum 75% attendance mandatory,25% weightage,75% weightage,Minimum 40% aggregate required to pass,Conducted within 1 month of result declaration,Available for a maximum of 3 subjects,Maximum 4 backlogs allowed to promote to next year,Merit-based and Category-based scholarships available,Dedicated Student Counselling Centre,"Technical, Cultural, and Sports Clubs",Anti-Ragging Squad and Grievance Cell,End-semester anonymous feedback system,4.5/5,4.6/5,3.8/5,3.9/5,4.6/5,4.0/5,4.5/5
UNI025,Aligarh Muslim University,Uttar Pradesh,http://www.amu.ac.in/,1957,UGC Recognized,NAAC 'A' Grade,26,"Engineering: CSE, Mechanical | Management: MBA, BBA | Science: B.Sc, M.Sc","B.Tech CSE, MBA Finance, B.Sc","Computer Science, Mechanical Engineering, Civil Engineering, Management Studies, Applied Sciences","Minimum 60% aggregate in 10+2 (Physics, Chemistry, Mathematics/Biology)",65983 per semester,19716,3882,3614,Active Training and Placement Cell,Strictly for registered final-year students,87% in 2023,11.5 Lakh Per Annum,30.7 Lakh Per Annum,2.8 Lakh Per Annum,"TCS, Infosys, Wipro, Cognizant, Amazon, Microsoft",Minimum 6.0 CGPA with no active backlogs,Mandatory 6-week summer internship,Stipend based on company selection,"Yes, across major city routes",29298,Over 15 designated routes,7:30 AM to 5:30 PM,Central Air-Conditioned Library,"Reading Room, Reference Section, Digital Access",126733,Available with remote access,"IEEE, Springer, ScienceDirect",8:00 AM to 8:00 PM,"Yes, for Boys and Girls",Available with 500+ capacity,Available with 300+ capacity,63255,38048,9:30 PM,Prior permission from Warden required,Strict anti-ragging policies enforced,"Yes, indoor and outdoor facilities","Football ground, Cricket pitch, Basketball courts","Table Tennis, Badminton, Chess","Football, Cricket, Volleyball, Athletics",Well-equipped modern gymnasium,Semester System (CBCS),Minimum 75% attendance mandatory,25% weightage,75% weightage,Minimum 40% aggregate required to pass,Conducted within 1 month of result declaration,Available for a maximum of 3 subjects,Maximum 4 backlogs allowed to promote to next year,Merit-based and Category-based scholarships available,Dedicated Student Counselling Centre,"Technical, Cultural, and Sports Clubs",Anti-Ragging Squad and Grievance Cell,End-semester anonymous feedback system,4.4/5,4.5/5,4.3/5,4.5/5,4.9/5,4.1/5,4.7/5
UNI026,Andhra University,Andhra Pradesh,http://www.andhrauniversity.info/,1949,UGC Recognized,NAAC 'A' Grade,92,"Engineering: CSE, Mechanical | Management: MBA, BBA | Science: B.Sc, M.Sc","B.Tech CSE, MBA Finance, B.Sc","Computer Science, Mechanical Engineering, Civil Engineering, Management Studies, Applied Sciences","Minimum 60% aggregate in 10+2 (Physics, Chemistry, Mathematics/Biology)",94084 per semester,23291,1767,6280,Active Training and Placement Cell,Strictly for registered final-year students,92% in 2023,11.8 Lakh Per Annum,24.3 Lakh Per Annum,3.6 Lakh Per Annum,"TCS, Infosys, Wipro, Cognizant, Amazon, Microsoft",Minimum 6.0 CGPA with no active backlogs,Mandatory 6-week summer internship,Stipend based on company selection,"Yes, across major city routes",18398,Over 15 designated routes,7:30 AM to 5:30 PM,Central Air-Conditioned Library,"Reading Room, Reference Section, Digital Access",240948,Available with remote access,"IEEE, Springer, ScienceDirect",8:00 AM to 8:00 PM,"Yes, for Boys and Girls",Available with 500+ capacity,Available with 300+ capacity,60447,42450,9:30 PM,Prior permission from Warden required,Strict anti-ragging policies enforced,"Yes, indoor and outdoor facilities","Football ground, Cricket pitch, Basketball courts","Table Tennis, Badminton, Chess","Football, Cricket, Volleyball, Athletics",Well-equipped modern gymnasium,Semester System (CBCS),Minimum 75% attendance mandatory,25% weightage,75% weightage,Minimum 40% aggregate required to pass,Conducted within 1 month of result declaration,Available for a maximum of 3 subjects,Maximum 4 backlogs allowed to promote to next year,Merit-based and Category-based scholarships available,Dedicated Student Counselling Centre,"Technical, Cultural, and Sports Clubs",Anti-Ragging Squad and Grievance Cell,End-semester anonymous feedback system,4.7/5,4.1/5,3.9/5,4.2/5,4.8/5,4.5/5,4.5/5
UNI027,Acharya Ranga Agricultural University,nan,http://www.angrau.net/,1972,UGC Recognized,NAAC 'A' Grade,38,"Engineering: CSE, Mechanical | Management: MBA, BBA | Science: B.Sc, M.Sc","B.Tech CSE, MBA Finance, B.Sc","Computer Science, Mechanical Engineering, Civil Engineering, Management Studies, Applied Sciences","Minimum 60% aggregate in 10+2 (Physics, Chemistry, Mathematics/Biology)",100292 per semester,8854,4926,7131,Active Training and Placement Cell,Strictly for registered final-year students,87% in 2023,4.6 Lakh Per Annum,38.4 Lakh Per Annum,3.6 Lakh Per Annum,"TCS, Infosys, Wipro, Cognizant, Amazon, Microsoft",Minimum 6.0 CGPA with no active backlogs,Mandatory 6-week summer internship,Stipend based on company selection,"Yes, across major city routes",21426,Over 15 designated routes,7:30 AM to 5:30 PM,Central Air-Conditioned Library,"Reading Room, Reference Section, Digital Access",132551,Available with remote access,"IEEE, Springer, ScienceDirect",8:00 AM to 8:00 PM,"Yes, for Boys and Girls",Available with 500+ capacity,Available with 300+ capacity,75863,43233,9:30 PM,Prior permission from Warden required,Strict anti-ragging policies enforced,"Yes, indoor and outdoor facilities","Football ground, Cricket pitch, Basketball courts","Table Tennis, Badminton, Chess","Football, Cricket, Volleyball, Athletics",Well-equipped modern gymnasium,Semester System (CBCS),Minimum 75% attendance mandatory,25% weightage,75% weightage,Minimum 40% aggregate required to pass,Conducted within 1 month of result declaration,Available for a maximum of 3 subjects,Maximum 4 backlogs allowed to promote to next year,Merit-based and Category-based scholarships available,Dedicated Student Counselling Centre,"Technical, Cultural, and Sports Clubs",Anti-Ragging Squad and Grievance Cell,End-semester anonymous feedback system,4.1/5,4.7/5,4.5/5,4.3/5,4.7/5,4.8/5,4.4/5
UNI028,Annamalai University,Tamil Nadu,http://www.annamalaiuniversity.ac.in/,1965,UGC Recognized,NAAC 'A' Grade,111,"Engineering: CSE, Mechanical | Management: MBA, BBA | Science: B.Sc, M.Sc","B.Tech CSE, MBA Finance, B.Sc","Computer Science, Mechanical Engineering, Civil Engineering, Management Studies, Applied Sciences","Minimum 60% aggregate in 10+2 (Physics, Chemistry, Mathematics/Biology)",82617 per semester,19726,4285,7677,Active Training and Placement Cell,Strictly for registered final-year students,83% in 2023,12.3 Lakh Per Annum,43.1 Lakh Per Annum,3.9 Lakh Per Annum,"TCS, Infosys, Wipro, Cognizant, Amazon, Microsoft",Minimum 6.0 CGPA with no active backlogs,Mandatory 6-week summer internship,Stipend based on company selection,"Yes, across major city routes",22550,Over 15 designated routes,7:30 AM to 5:30 PM,Central Air-Conditioned Library,"Reading Room, Reference Section, Digital Access",190352,Available with remote access,"IEEE, Springer, ScienceDirect",8:00 AM to 8:00 PM,"Yes, for Boys and Girls",Available with 500+ capacity,Available with 300+ capacity,62014,32561,9:30 PM,Prior permission from Warden required,Strict anti-ragging policies enforced,"Yes, indoor and outdoor facilities","Football ground, Cricket pitch, Basketball courts","Table Tennis, Badminton, Chess","Football, Cricket, Volleyball, Athletics",Well-equipped modern gymnasium,Semester System (CBCS),Minimum 75% attendance mandatory,25% weightage,75% weightage,Minimum 40% aggregate required to pass,Conducted within 1 month of result declaration,Available for a maximum of 3 subjects,Maximum 4 backlogs allowed to promote to next year,Merit-based and Category-based scholarships available,Dedicated Student Counselling Centre,"Technical, Cultural, and Sports Clubs",Anti-Ragging Squad and Grievance Cell,End-semester anonymous feedback system,4.5/5,4.6/5,3.8/5,4.2/5,4.6/5,4.7/5,4.4/5
UNI029,"Anna University of Technology, Tirunelveli",Tamil Nadu,http://www.annauniv.edu.in/,1997,UGC Recognized,NAAC 'A' Grade,74,"Engineering: Computer Science (CSE), Civil, Mechanical, ICT","B.Tech CSE, MBA Finance, B.Sc","Computer Science, Mechanical Engineering, Civil Engineering, Management Studies, Applied Sciences","Minimum 60% aggregate in 10+2 (Physics, Chemistry, Mathematics/Biology)",49895 per semester,22307,1625,9821,Active Training and Placement Cell,Strictly for registered final-year students,87% in 2023,10.8 Lakh Per Annum,40.4 Lakh Per Annum,3.9 Lakh Per Annum,"TCS, Infosys, Wipro, Cognizant, Amazon, Microsoft",Minimum 6.0 CGPA with no active backlogs,Mandatory 6-week summer internship,Stipend based on company selection,"Yes, across major city routes",19872,Over 15 designated routes,7:30 AM to 5:30 PM,Central Air-Conditioned Library,"Reading Room, Reference Section, Digital Access",59233,Available with remote access,"IEEE, Springer, ScienceDirect",8:00 AM to 8:00 PM,"Yes, for Boys and Girls",Available with 500+ capacity,Available with 300+ capacity,84286,40381,9:30 PM,Prior permission from Warden required,Strict anti-ragging policies enforced,"Yes, indoor and outdoor facilities","Football ground, Cricket pitch, Basketball courts","Table Tennis, Badminton, Chess","Football, Cricket, Volleyball, Athletics",Well-equipped modern gymnasium,Semester System (CBCS),Minimum 75% attendance mandatory,25% weightage,75% weightage,Minimum 40% aggregate required to pass,Conducted within 1 month of result declaration,Available for a maximum of 3 subjects,Maximum 4 backlogs allowed to promote to next year,Merit-based and Category-based scholarships available,Dedicated Student Counselling Centre,"Technical, Cultural, and Sports Clubs",Anti-Ragging Squad and Grievance Cell,End-semester anonymous feedback system,4.5/5,4.5/5,4.4/5,3.9/5,4.4/5,4.8/5,4.4/5
UNI030,Anna University,Tamil Nadu,http://www.annauniv.edu/,1944,UGC Recognized,NAAC 'A' Grade,44,"Engineering: CSE, Mechanical | Management: MBA, BBA | Science: B.Sc, M.Sc","B.Tech CSE, MBA Finance, B.Sc","Computer Science, Mechanical Engineering, Civil Engineering, Management Studies, Applied Sciences","Minimum 60% aggregate in 10+2 (Physics, Chemistry, Mathematics/Biology)",63910 per semester,5646,3303,9183,Active Training and Placement Cell,Strictly for registered final-year students,87% in 2023,11.5 Lakh Per Annum,16.2 Lakh Per Annum,2.6 Lakh Per Annum,"TCS, Infosys, Wipro, Cognizant, Amazon, Microsoft",Minimum 6.0 CGPA with no active backlogs,Mandatory 6-week summer internship,Stipend based on company selection,"Yes, across major city routes",31600,Over 15 designated routes,7:30 AM to 5:30 PM,Central Air-Conditioned Library,"Reading Room, Reference Section, Digital Access",1935,Available with remote access,"IEEE, Springer, ScienceDirect",8:00 AM to 8:00 PM,"Yes, for Boys and Girls",Available with 500+ capacity,Available with 300+ capacity,58031,43174,9:30 PM,Prior permission from Warden required,Strict anti-ragging policies enforced,"Yes, indoor and outdoor facilities","Football ground, Cricket pitch, Basketball courts","Table Tennis, Badminton, Chess","Football, Cricket, Volleyball, Athletics",Well-equipped modern gymnasium,Semester System (CBCS),Minimum 75% attendance mandatory,25% weightage,75% weightage,Minimum 40% aggregate required to pass,Conducted within 1 month of result declaration,Available for a maximum of 3 subjects,Maximum 4 backlogs allowed to promote to next year,Merit-based and Category-based scholarships available,Dedicated Student Counselling Centre,"Technical, Cultural, and Sports Clubs",Anti-Ragging Squad and Grievance Cell,End-semester anonymous feedback system,4.5/5,4.0/5,4.1/5,4.5/5,4.6/5,4.8/5,4.2/5
UNI031,Awadhesh Pratap Singh University,Madhya Pradesh,http://www.apsurewa.nic.in/,1967,UGC Recognized,NAAC 'A' Grade,105,"Engineering: CSE, Mechanical | Management: MBA, BBA | Science: B.Sc, M.Sc","B.Tech CSE, MBA Finance, B.Sc","Computer Science, Mechanical Engineering, Civil Engineering, Management Studies, Applied Sciences","Minimum 60% aggregate in 10+2 (Physics, Chemistry, Mathematics/Biology)",145388 per semester,11330,1794,5506,Active Training and Placement Cell,Strictly for registered final-year students,75% in 2023,12.2 Lakh Per Annum,26.8 Lakh Per Annum,3.4 Lakh Per Annum,"TCS, Infosys, Wipro, Cognizant, Amazon, Microsoft",Minimum 6.0 CGPA with no active backlogs,Mandatory 6-week summer internship,Stipend based on company selection,"Yes, across major city routes",33947,Over 15 designated routes,7:30 AM to 5:30 PM,Central Air-Conditioned Library,"Reading Room, Reference Section, Digital Access",152432,Available with remote access,"IEEE, Springer, ScienceDirect",8:00 AM to 8:00 PM,"Yes, for Boys and Girls",Available with 500+ capacity,Available with 300+ capacity,78074,26772,9:30 PM,Prior permission from Warden required,Strict anti-ragging policies enforced,"Yes, indoor and outdoor facilities","Football ground, Cricket pitch, Basketball courts","Table Tennis, Badminton, Chess","Football, Cricket, Volleyball, Athletics",Well-equipped modern gymnasium,Semester System (CBCS),Minimum 75% attendance mandatory,25% weightage,75% weightage,Minimum 40% aggregate required to pass,Conducted within 1 month of result declaration,Available for a maximum of 3 subjects,Maximum 4 backlogs allowed to promote to next year,Merit-based and Category-based scholarships available,Dedicated Student Counselling Centre,"Technical, Cultural, and Sports Clubs",Anti-Ragging Squad and Grievance Cell,End-semester anonymous feedback system,4.7/5,4.3/5,3.8/5,4.5/5,4.4/5,4.3/5,4.0/5
UNI032,ARYA Institute of Engineering & Technology,Rajasthan,http://www.aryainstitutejpr.com/,1962,UGC Recognized,NAAC 'A' Grade,36,"Engineering: Computer Science (CSE), Civil, Mechanical, ICT","B.Tech CSE, MBA Finance, B.Sc","Computer Science, Mechanical Engineering, Civil Engineering, Management Studies, Applied Sciences","Minimum 60% aggregate in 10+2 (Physics, Chemistry, Mathematics/Biology)",101983 per semester,7007,2826,7513,Active Training and Placement Cell,Strictly for registered final-year students,92% in 2023,5.4 Lakh Per Annum,18.6 Lakh Per Annum,2.6 Lakh Per Annum,"TCS, Infosys, Wipro, Cognizant, Amazon, Microsoft",Minimum 6.0 CGPA with no active backlogs,Mandatory 6-week summer internship,Stipend based on company selection,"Yes, across major city routes",16134,Over 15 designated routes,7:30 AM to 5:30 PM,Central Air-Conditioned Library,"Reading Room, Reference Section, Digital Access",77191,Available with remote access,"IEEE, Springer, ScienceDirect",8:00 AM to 8:00 PM,"Yes, for Boys and Girls",Available with 500+ capacity,Available with 300+ capacity,52392,34163,9:30 PM,Prior permission from Warden required,Strict anti-ragging policies enforced,"Yes, indoor and outdoor facilities","Football ground, Cricket pitch, Basketball courts","Table Tennis, Badminton, Chess","Football, Cricket, Volleyball, Athletics",Well-equipped modern gymnasium,Semester System (CBCS),Minimum 75% attendance mandatory,25% weightage,75% weightage,Minimum 40% aggregate required to pass,Conducted within 1 month of result declaration,Available for a maximum of 3 subjects,Maximum 4 backlogs allowed to promote to next year,Merit-based and Category-based scholarships available,Dedicated Student Counselling Centre,"Technical, Cultural, and Sports Clubs",Anti-Ragging Squad and Grievance Cell,End-semester anonymous feedback system,4.2/5,4.4/5,4.0/5,4.6/5,4.7/5,4.5/5,4.2/5
UNI033,Assam University,Assam,http://www.assamuniversity.nic.in/,1994,UGC Recognized,NAAC 'A' Grade,94,"Engineering: CSE, Mechanical | Management: MBA, BBA | Science: B.Sc, M.Sc","B.Tech CSE, MBA Finance, B.Sc","Computer Science, Mechanical Engineering, Civil Engineering, Management Studies, Applied Sciences","Minimum 60% aggregate in 10+2 (Physics, Chemistry, Mathematics/Biology)",69985 per semester,13376,4165,9559,Active Training and Placement Cell,Strictly for registered final-year students,99% in 2023,12.0 Lakh Per Annum,28.2 Lakh Per Annum,2.7 Lakh Per Annum,"TCS, Infosys, Wipro, Cognizant, Amazon, Microsoft",Minimum 6.0 CGPA with no active backlogs,Mandatory 6-week summer internship,Stipend based on company selection,"Yes, across major city routes",24419,Over 15 designated routes,7:30 AM to 5:30 PM,Central Air-Conditioned Library,"Reading Room, Reference Section, Digital Access",66331,Available with remote access,"IEEE, Springer, ScienceDirect",8:00 AM to 8:00 PM,"Yes, for Boys and Girls",Available with 500+ capacity,Available with 300+ capacity,75397,38154,9:30 PM,Prior permission from Warden required,Strict anti-ragging policies enforced,"Yes, indoor and outdoor facilities","Football ground, Cricket pitch, Basketball courts","Table Tennis, Badminton, Chess","Football, Cricket, Volleyball, Athletics",Well-equipped modern gymnasium,Semester System (CBCS),Minimum 75% attendance mandatory,25% weightage,75% weightage,Minimum 40% aggregate required to pass,Conducted within 1 month of result declaration,Available for a maximum of 3 subjects,Maximum 4 backlogs allowed to promote to next year,Merit-based and Category-based scholarships available,Dedicated Student Counselling Centre,"Technical, Cultural, and Sports Clubs",Anti-Ragging Squad and Grievance Cell,End-semester anonymous feedback system,4.4/5,4.6/5,3.9/5,3.9/5,4.4/5,4.4/5,4.5/5
UNI034,Gujarat Ayurved University,Gujarat,http://www.ayurveduniversity.com/,1965,UGC Recognized,NAAC 'A' Grade,19,"Engineering: CSE, Mechanical | Management: MBA, BBA | Science: B.Sc, M.Sc","B.Tech CSE, MBA Finance, B.Sc","Computer Science, Mechanical Engineering, Civil Engineering, Management Studies, Applied Sciences","Minimum 60% aggregate in 10+2 (Physics, Chemistry, Mathematics/Biology)",45019 per semester,21602,2106,7612,Active Training and Placement Cell,Strictly for registered final-year students,75% in 2023,8.9 Lakh Per Annum,38.4 Lakh Per Annum,3.5 Lakh Per Annum,"TCS, Infosys, Wipro, Cognizant, Amazon, Microsoft",Minimum 6.0 CGPA with no active backlogs,Mandatory 6-week summer internship,Stipend based on company selection,"Yes, across major city routes",21082,Over 15 designated routes,7:30 AM to 5:30 PM,Central Air-Conditioned Library,"Reading Room, Reference Section, Digital Access",71256,Available with remote access,"IEEE, Springer, ScienceDirect",8:00 AM to 8:00 PM,"Yes, for Boys and Girls",Available with 500+ capacity,Available with 300+ capacity,54294,36571,9:30 PM,Prior permission from Warden required,Strict anti-ragging policies enforced,"Yes, indoor and outdoor facilities","Football ground, Cricket pitch, Basketball courts","Table Tennis, Badminton, Chess","Football, Cricket, Volleyball, Athletics",Well-equipped modern gymnasium,Semester System (CBCS),Minimum 75% attendance mandatory,25% weightage,75% weightage,Minimum 40% aggregate required to pass,Conducted within 1 month of result declaration,Available for a maximum of 3 subjects,Maximum 4 backlogs allowed to promote to next year,Merit-based and Category-based scholarships available,Dedicated Student Counselling Centre,"Technical, Cultural, and Sports Clubs",Anti-Ragging Squad and Grievance Cell,End-semester anonymous feedback system,4.6/5,3.8/5,4.3/5,3.9/5,4.6/5,4.8/5,4.3/5
UNI035,Dr. Babasaheb Ambedkar Marathwada Universtiy,nan,http://www.bamu.net/,2010,UGC Recognized,NAAC 'A' Grade,89,"Engineering: CSE, Mechanical | Management: MBA, BBA | Science: B.Sc, M.Sc","B.Tech CSE, MBA Finance, B.Sc","Computer Science, Mechanical Engineering, Civil Engineering, Management Studies, Applied Sciences","Minimum 60% aggregate in 10+2 (Physics, Chemistry, Mathematics/Biology)",132626 per semester,7788,4157,9451,Active Training and Placement Cell,Strictly for registered final-year students,78% in 2023,7.9 Lakh Per Annum,36.0 Lakh Per Annum,3.0 Lakh Per Annum,"TCS, Infosys, Wipro, Cognizant, Amazon, Microsoft",Minimum 6.0 CGPA with no active backlogs,Mandatory 6-week summer internship,Stipend based on company selection,"Yes, across major city routes",20256,Over 15 designated routes,7:30 AM to 5:30 PM,Central Air-Conditioned Library,"Reading Room, Reference Section, Digital Access",158535,Available with remote access,"IEEE, Springer, ScienceDirect",8:00 AM to 8:00 PM,"Yes, for Boys and Girls",Available with 500+ capacity,Available with 300+ capacity,57189,38233,9:30 PM,Prior permission from Warden required,Strict anti-ragging policies enforced,"Yes, indoor and outdoor facilities","Football ground, Cricket pitch, Basketball courts","Table Tennis, Badminton, Chess","Football, Cricket, Volleyball, Athletics",Well-equipped modern gymnasium,Semester System (CBCS),Minimum 75% attendance mandatory,25% weightage,75% weightage,Minimum 40% aggregate required to pass,Conducted within 1 month of result declaration,Available for a maximum of 3 subjects,Maximum 4 backlogs allowed to promote to next year,Merit-based and Category-based scholarships available,Dedicated Student Counselling Centre,"Technical, Cultural, and Sports Clubs",Anti-Ragging Squad and Grievance Cell,End-semester anonymous feedback system,4.4/5,4.7/5,4.4/5,4.0/5,4.5/5,4.6/5,4.1/5
UNI036,Berhampur University,nan,http://www.bamu.nic.in/,1956,UGC Recognized,NAAC 'A' Grade,90,"Engineering: CSE, Mechanical | Management: MBA, BBA | Science: B.Sc, M.Sc","B.Tech CSE, MBA Finance, B.Sc","Computer Science, Mechanical Engineering, Civil Engineering, Management Studies, Applied Sciences","Minimum 60% aggregate in 10+2 (Physics, Chemistry, Mathematics/Biology)",133807 per semester,19206,2183,8811,Active Training and Placement Cell,Strictly for registered final-year students,87% in 2023,9.6 Lakh Per Annum,34.6 Lakh Per Annum,3.1 Lakh Per Annum,"TCS, Infosys, Wipro, Cognizant, Amazon, Microsoft",Minimum 6.0 CGPA with no active backlogs,Mandatory 6-week summer internship,Stipend based on company selection,"Yes, across major city routes",29069,Over 15 designated routes,7:30 AM to 5:30 PM,Central Air-Conditioned Library,"Reading Room, Reference Section, Digital Access",247362,Available with remote access,"IEEE, Springer, ScienceDirect",8:00 AM to 8:00 PM,"Yes, for Boys and Girls",Available with 500+ capacity,Available with 300+ capacity,70357,27250,9:30 PM,Prior permission from Warden required,Strict anti-ragging policies enforced,"Yes, indoor and outdoor facilities","Football ground, Cricket pitch, Basketball courts","Table Tennis, Badminton, Chess","Football, Cricket, Volleyball, Athletics",Well-equipped modern gymnasium,Semester System (CBCS),Minimum 75% attendance mandatory,25% weightage,75% weightage,Minimum 40% aggregate required to pass,Conducted within 1 month of result declaration,Available for a maximum of 3 subjects,Maximum 4 backlogs allowed to promote to next year,Merit-based and Category-based scholarships available,Dedicated Student Counselling Centre,"Technical, Cultural, and Sports Clubs",Anti-Ragging Squad and Grievance Cell,End-semester anonymous feedback system,4.4/5,4.0/5,3.7/5,3.8/5,4.9/5,4.8/5,4.1/5
UNI037,Banasthali University,nan,http://www.banasthali.org/,1972,UGC Recognized,NAAC 'A' Grade,111,"Engineering: CSE, Mechanical | Management: MBA, BBA | Science: B.Sc, M.Sc","B.Tech CSE, MBA Finance, B.Sc","Computer Science, Mechanical Engineering, Civil Engineering, Management Studies, Applied Sciences","Minimum 60% aggregate in 10+2 (Physics, Chemistry, Mathematics/Biology)",47430 per semester,15950,3164,4398,Active Training and Placement Cell,Strictly for registered final-year students,89% in 2023,8.1 Lakh Per Annum,24.2 Lakh Per Annum,3.4 Lakh Per Annum,"TCS, Infosys, Wipro, Cognizant, Amazon, Microsoft",Minimum 6.0 CGPA with no active backlogs,Mandatory 6-week summer internship,Stipend based on company selection,"Yes, across major city routes",34300,Over 15 designated routes,7:30 AM to 5:30 PM,Central Air-Conditioned Library,"Reading Room, Reference Section, Digital Access",115084,Available with remote access,"IEEE, Springer, ScienceDirect",8:00 AM to 8:00 PM,"Yes, for Boys and Girls",Available with 500+ capacity,Available with 300+ capacity,54775,25569,9:30 PM,Prior permission from Warden required,Strict anti-ragging policies enforced,"Yes, indoor and outdoor facilities","Football ground, Cricket pitch, Basketball courts","Table Tennis, Badminton, Chess","Football, Cricket, Volleyball, Athletics",Well-equipped modern gymnasium,Semester System (CBCS),Minimum 75% attendance mandatory,25% weightage,75% weightage,Minimum 40% aggregate required to pass,Conducted within 1 month of result declaration,Available for a maximum of 3 subjects,Maximum 4 backlogs allowed to promote to next year,Merit-based and Category-based scholarships available,Dedicated Student Counselling Centre,"Technical, Cultural, and Sports Clubs",Anti-Ragging Squad and Grievance Cell,End-semester anonymous feedback system,4.5/5,3.9/5,3.8/5,4.0/5,4.4/5,4.5/5,4.2/5
UNI038,Bankura University,nan,http://www.bankurauniv.com/,1960,UGC Recognized,NAAC 'A' Grade,68,"Engineering: CSE, Mechanical | Management: MBA, BBA | Science: B.Sc, M.Sc","B.Tech CSE, MBA Finance, B.Sc","Computer Science, Mechanical Engineering, Civil Engineering, Management Studies, Applied Sciences","Minimum 60% aggregate in 10+2 (Physics, Chemistry, Mathematics/Biology)",123120 per semester,21282,3490,3104,Active Training and Placement Cell,Strictly for registered final-year students,87% in 2023,7.5 Lakh Per Annum,15.9 Lakh Per Annum,3.5 Lakh Per Annum,"TCS, Infosys, Wipro, Cognizant, Amazon, Microsoft",Minimum 6.0 CGPA with no active backlogs,Mandatory 6-week summer internship,Stipend based on company selection,"Yes, across major city routes",23240,Over 15 designated routes,7:30 AM to 5:30 PM,Central Air-Conditioned Library,"Reading Room, Reference Section, Digital Access",131267,Available with remote access,"IEEE, Springer, ScienceDirect",8:00 AM to 8:00 PM,"Yes, for Boys and Girls",Available with 500+ capacity,Available with 300+ capacity,54269,36240,9:30 PM,Prior permission from Warden required,Strict anti-ragging policies enforced,"Yes, indoor and outdoor facilities","Football ground, Cricket pitch, Basketball courts","Table Tennis, Badminton, Chess","Football, Cricket, Volleyball, Athletics",Well-equipped modern gymnasium,Semester System (CBCS),Minimum 75% attendance mandatory,25% weightage,75% weightage,Minimum 40% aggregate required to pass,Conducted within 1 month of result declaration,Available for a maximum of 3 subjects,Maximum 4 backlogs allowed to promote to next year,Merit-based and Category-based scholarships available,Dedicated Student Counselling Centre,"Technical, Cultural, and Sports Clubs",Anti-Ragging Squad and Grievance Cell,End-semester anonymous feedback system,4.5/5,4.1/5,3.7/5,3.9/5,4.9/5,4.7/5,4.5/5
UNI039,Birsa Agricultural University,nan,http://www.bau.nic.in/,1980,UGC Recognized,NAAC 'A' Grade,76,"Engineering: CSE, Mechanical | Management: MBA, BBA | Science: B.Sc, M.Sc","B.Tech CSE, MBA Finance, B.Sc","Computer Science, Mechanical Engineering, Civil Engineering, Management Studies, Applied Sciences","Minimum 60% aggregate in 10+2 (Physics, Chemistry, Mathematics/Biology)",87385 per semester,20703,2232,6076,Active Training and Placement Cell,Strictly for registered final-year students,97% in 2023,10.3 Lakh Per Annum,23.8 Lakh Per Annum,3.7 Lakh Per Annum,"TCS, Infosys, Wipro, Cognizant, Amazon, Microsoft",Minimum 6.0 CGPA with no active backlogs,Mandatory 6-week summer internship,Stipend based on company selection,"Yes, across major city routes",31516,Over 15 designated routes,7:30 AM to 5:30 PM,Central Air-Conditioned Library,"Reading Room, Reference Section, Digital Access",194616,Available with remote access,"IEEE, Springer, ScienceDirect",8:00 AM to 8:00 PM,"Yes, for Boys and Girls",Available with 500+ capacity,Available with 300+ capacity,78133,25194,9:30 PM,Prior permission from Warden required,Strict anti-ragging policies enforced,"Yes, indoor and outdoor facilities","Football ground, Cricket pitch, Basketball courts","Table Tennis, Badminton, Chess","Football, Cricket, Volleyball, Athletics",Well-equipped modern gymnasium,Semester System (CBCS),Minimum 75% attendance mandatory,25% weightage,75% weightage,Minimum 40% aggregate required to pass,Conducted within 1 month of result declaration,Available for a maximum of 3 subjects,Maximum 4 backlogs allowed to promote to next year,Merit-based and Category-based scholarships available,Dedicated Student Counselling Centre,"Technical, Cultural, and Sports Clubs",Anti-Ragging Squad and Grievance Cell,End-semester anonymous feedback system,4.5/5,4.5/5,3.9/5,3.9/5,4.7/5,4.3/5,4.2/5
UNI040,Babasaheb Bhimrao Ambedkar University,nan,http://www.bbauindia.org/,2000,UGC Recognized,NAAC 'A' Grade,91,"Engineering: CSE, Mechanical | Management: MBA, BBA | Science: B.Sc, M.Sc","B.Tech CSE, MBA Finance, B.Sc","Computer Science, Mechanical Engineering, Civil Engineering, Management Studies, Applied Sciences","Minimum 60% aggregate in 10+2 (Physics, Chemistry, Mathematics/Biology)",120254 per semester,19926,2423,8921,Active Training and Placement Cell,Strictly for registered final-year students,76% in 2023,10.0 Lakh Per Annum,29.6 Lakh Per Annum,2.5 Lakh Per Annum,"TCS, Infosys, Wipro, Cognizant, Amazon, Microsoft",Minimum 6.0 CGPA with no active backlogs,Mandatory 6-week summer internship,Stipend based on company selection,"Yes, across major city routes",34621,Over 15 designated routes,7:30 AM to 5:30 PM,Central Air-Conditioned Library,"Reading Room, Reference Section, Digital Access",235508,Available with remote access,"IEEE, Springer, ScienceDirect",8:00 AM to 8:00 PM,"Yes, for Boys and Girls",Available with 500+ capacity,Available with 300+ capacity,79646,34239,9:30 PM,Prior permission from Warden required,Strict anti-ragging policies enforced,"Yes, indoor and outdoor facilities","Football ground, Cricket pitch, Basketball courts","Table Tennis, Badminton, Chess","Football, Cricket, Volleyball, Athletics",Well-equipped modern gymnasium,Semester System (CBCS),Minimum 75% attendance mandatory,25% weightage,75% weightage,Minimum 40% aggregate required to pass,Conducted within 1 month of result declaration,Available for a maximum of 3 subjects,Maximum 4 backlogs allowed to promote to next year,Merit-based and Category-based scholarships available,Dedicated Student Counselling Centre,"Technical, Cultural, and Sports Clubs",Anti-Ragging Squad and Grievance Cell,End-semester anonymous feedback system,4.1/5,4.6/5,4.4/5,4.1/5,4.5/5,4.8/5,4.1/5
UNI041,Bidhan Chandra Agricultural University,nan,http://www.bckv.edu.in/,1990,UGC Recognized,NAAC 'A' Grade,98,"Engineering: CSE, Mechanical | Management: MBA, BBA | Science: B.Sc, M.Sc","B.Tech CSE, MBA Finance, B.Sc","Computer Science, Mechanical Engineering, Civil Engineering, Management Studies, Applied Sciences","Minimum 60% aggregate in 10+2 (Physics, Chemistry, Mathematics/Biology)",64706 per semester,7135,2426,8944,Active Training and Placement Cell,Strictly for registered final-year students,97% in 2023,9.1 Lakh Per Annum,30.4 Lakh Per Annum,3.0 Lakh Per Annum,"TCS, Infosys, Wipro, Cognizant, Amazon, Microsoft",Minimum 6.0 CGPA with no active backlogs,Mandatory 6-week summer internship,Stipend based on company selection,"Yes, across major city routes",24558,Over 15 designated routes,7:30 AM to 5:30 PM,Central Air-Conditioned Library,"Reading Room, Reference Section, Digital Access",116782,Available with remote access,"IEEE, Springer, ScienceDirect",8:00 AM to 8:00 PM,"Yes, for Boys and Girls",Available with 500+ capacity,Available with 300+ capacity,52529,29673,9:30 PM,Prior permission from Warden required,Strict anti-ragging policies enforced,"Yes, indoor and outdoor facilities","Football ground, Cricket pitch, Basketball courts","Table Tennis, Badminton, Chess","Football, Cricket, Volleyball, Athletics",Well-equipped modern gymnasium,Semester System (CBCS),Minimum 75% attendance mandatory,25% weightage,75% weightage,Minimum 40% aggregate required to pass,Conducted within 1 month of result declaration,Available for a maximum of 3 subjects,Maximum 4 backlogs allowed to promote to next year,Merit-based and Category-based scholarships available,Dedicated Student Counselling Centre,"Technical, Cultural, and Sports Clubs",Anti-Ragging Squad and Grievance Cell,End-semester anonymous feedback system,4.2/5,4.4/5,4.3/5,4.6/5,4.3/5,4.0/5,4.6/5
UNI042,Bharathidasan University,nan,http://www.bdu.ernet.in/,1955,UGC Recognized,NAAC 'A' Grade,51,"Engineering: CSE, Mechanical | Management: MBA, BBA | Science: B.Sc, M.Sc","B.Tech CSE, MBA Finance, B.Sc","Computer Science, Mechanical Engineering, Civil Engineering, Management Studies, Applied Sciences","Minimum 60% aggregate in 10+2 (Physics, Chemistry, Mathematics/Biology)",89812 per semester,19505,1586,6473,Active Training and Placement Cell,Strictly for registered final-year students,98% in 2023,5.1 Lakh Per Annum,40.9 Lakh Per Annum,3.9 Lakh Per Annum,"TCS, Infosys, Wipro, Cognizant, Amazon, Microsoft",Minimum 6.0 CGPA with no active backlogs,Mandatory 6-week summer internship,Stipend based on company selection,"Yes, across major city routes",21240,Over 15 designated routes,7:30 AM to 5:30 PM,Central Air-Conditioned Library,"Reading Room, Reference Section, Digital Access",61334,Available with remote access,"IEEE, Springer, ScienceDirect",8:00 AM to 8:00 PM,"Yes, for Boys and Girls",Available with 500+ capacity,Available with 300+ capacity,69304,37879,9:30 PM,Prior permission from Warden required,Strict anti-ragging policies enforced,"Yes, indoor and outdoor facilities","Football ground, Cricket pitch, Basketball courts","Table Tennis, Badminton, Chess","Football, Cricket, Volleyball, Athletics",Well-equipped modern gymnasium,Semester System (CBCS),Minimum 75% attendance mandatory,25% weightage,75% weightage,Minimum 40% aggregate required to pass,Conducted within 1 month of result declaration,Available for a maximum of 3 subjects,Maximum 4 backlogs allowed to promote to next year,Merit-based and Category-based scholarships available,Dedicated Student Counselling Centre,"Technical, Cultural, and Sports Clubs",Anti-Ragging Squad and Grievance Cell,End-semester anonymous feedback system,4.4/5,4.4/5,4.3/5,4.4/5,4.4/5,4.4/5,4.6/5
UNI043,Bengal Engineering College,West Bengal,http://www.becs.ac.in/,1960,UGC Recognized,NAAC 'A' Grade,126,"Engineering: Computer Science (CSE), Civil, Mechanical, ICT","B.Tech CSE, MBA Finance, B.Sc","Computer Science, Mechanical Engineering, Civil Engineering, Management Studies, Applied Sciences","Minimum 60% aggregate in 10+2 (Physics, Chemistry, Mathematics/Biology)",118009 per semester,8867,2107,9647,Active Training and Placement Cell,Strictly for registered final-year students,75% in 2023,10.1 Lakh Per Annum,31.0 Lakh Per Annum,3.2 Lakh Per Annum,"TCS, Infosys, Wipro, Cognizant, Amazon, Microsoft",Minimum 6.0 CGPA with no active backlogs,Mandatory 6-week summer internship,Stipend based on company selection,"Yes, across major city routes",17327,Over 15 designated routes,7:30 AM to 5:30 PM,Central Air-Conditioned Library,"Reading Room, Reference Section, Digital Access",76770,Available with remote access,"IEEE, Springer, ScienceDirect",8:00 AM to 8:00 PM,"Yes, for Boys and Girls",Available with 500+ capacity,Available with 300+ capacity,70030,34692,9:30 PM,Prior permission from Warden required,Strict anti-ragging policies enforced,"Yes, indoor and outdoor facilities","Football ground, Cricket pitch, Basketball courts","Table Tennis, Badminton, Chess","Football, Cricket, Volleyball, Athletics",Well-equipped modern gymnasium,Semester System (CBCS),Minimum 75% attendance mandatory,25% weightage,75% weightage,Minimum 40% aggregate required to pass,Conducted within 1 month of result declaration,Available for a maximum of 3 subjects,Maximum 4 backlogs allowed to promote to next year,Merit-based and Category-based scholarships available,Dedicated Student Counselling Centre,"Technical, Cultural, and Sports Clubs",Anti-Ragging Squad and Grievance Cell,End-semester anonymous feedback system,4.6/5,4.0/5,3.5/5,4.3/5,4.5/5,4.1/5,4.5/5
UNI044,Bangalore University,Karnataka,http://bengaluruuniversity.com/,2005,UGC Recognized,NAAC 'A' Grade,71,"Engineering: CSE, Mechanical | Management: MBA, BBA | Science: B.Sc, M.Sc","B.Tech CSE, MBA Finance, B.Sc","Computer Science, Mechanical Engineering, Civil Engineering, Management Studies, Applied Sciences","Minimum 60% aggregate in 10+2 (Physics, Chemistry, Mathematics/Biology)",82090 per semester,24641,4961,2727,Active Training and Placement Cell,Strictly for registered final-year students,77% in 2023,10.5 Lakh Per Annum,21.5 Lakh Per Annum,3.9 Lakh Per Annum,"TCS, Infosys, Wipro, Cognizant, Amazon, Microsoft",Minimum 6.0 CGPA with no active backlogs,Mandatory 6-week summer internship,Stipend based on company selection,"Yes, across major city routes",19193,Over 15 designated routes,7:30 AM to 5:30 PM,Central Air-Conditioned Library,"Reading Room, Reference Section, Digital Access",79104,Available with remote access,"IEEE, Springer, ScienceDirect",8:00 AM to 8:00 PM,"Yes, for Boys and Girls",Available with 500+ capacity,Available with 300+ capacity,74052,30802,9:30 PM,Prior permission from Warden required,Strict anti-ragging policies enforced,"Yes, indoor and outdoor facilities","Football ground, Cricket pitch, Basketball courts","Table Tennis, Badminton, Chess","Football, Cricket, Volleyball, Athletics",Well-equipped modern gymnasium,Semester System (CBCS),Minimum 75% attendance mandatory,25% weightage,75% weightage,Minimum 40% aggregate required to pass,Conducted within 1 month of result declaration,Available for a maximum of 3 subjects,Maximum 4 backlogs allowed to promote to next year,Merit-based and Category-based scholarships available,Dedicated Student Counselling Centre,"Technical, Cultural, and Sports Clubs",Anti-Ragging Squad and Grievance Cell,End-semester anonymous feedback system,4.3/5,3.9/5,4.5/5,4.2/5,4.4/5,4.8/5,4.2/5
UNI045,Bhagwant University,nan,http://www.bhagwantuniversity.com/,2005,UGC Recognized,NAAC 'A' Grade,132,"Engineering: CSE, Mechanical | Management: MBA, BBA | Science: B.Sc, M.Sc","B.Tech CSE, MBA Finance, B.Sc","Computer Science, Mechanical Engineering, Civil Engineering, Management Studies, Applied Sciences","Minimum 60% aggregate in 10+2 (Physics, Chemistry, Mathematics/Biology)",74235 per semester,20206,2711,4103,Active Training and Placement Cell,Strictly for registered final-year students,79% in 2023,12.3 Lakh Per Annum,21.1 Lakh Per Annum,4.0 Lakh Per Annum,"TCS, Infosys, Wipro, Cognizant, Amazon, Microsoft",Minimum 6.0 CGPA with no active backlogs,Mandatory 6-week summer internship,Stipend based on company selection,"Yes, across major city routes",32790,Over 15 designated routes,7:30 AM to 5:30 PM,Central Air-Conditioned Library,"Reading Room, Reference Section, Digital Access",136091,Available with remote access,"IEEE, Springer, ScienceDirect",8:00 AM to 8:00 PM,"Yes, for Boys and Girls",Available with 500+ capacity,Available with 300+ capacity,53264,34865,9:30 PM,Prior permission from Warden required,Strict anti-ragging policies enforced,"Yes, indoor and outdoor facilities","Football ground, Cricket pitch, Basketball courts","Table Tennis, Badminton, Chess","Football, Cricket, Volleyball, Athletics",Well-equipped modern gymnasium,Semester System (CBCS),Minimum 75% attendance mandatory,25% weightage,75% weightage,Minimum 40% aggregate required to pass,Conducted within 1 month of result declaration,Available for a maximum of 3 subjects,Maximum 4 backlogs allowed to promote to next year,Merit-based and Category-based scholarships available,Dedicated Student Counselling Centre,"Technical, Cultural, and Sports Clubs",Anti-Ragging Squad and Grievance Cell,End-semester anonymous feedback system,4.7/5,4.6/5,3.9/5,4.2/5,4.9/5,4.3/5,4.7/5
UNI046,Bharathiar University,Tamil Nadu,http://www.bharathi.ernet.in/,1968,UGC Recognized,NAAC 'A' Grade,92,"Engineering: CSE, Mechanical | Management: MBA, BBA | Science: B.Sc, M.Sc","B.Tech CSE, MBA Finance, B.Sc","Computer Science, Mechanical Engineering, Civil Engineering, Management Studies, Applied Sciences","Minimum 60% aggregate in 10+2 (Physics, Chemistry, Mathematics/Biology)",69169 per semester,17641,2359,6573,Active Training and Placement Cell,Strictly for registered final-year students,99% in 2023,10.1 Lakh Per Annum,25.2 Lakh Per Annum,3.3 Lakh Per Annum,"TCS, Infosys, Wipro, Cognizant, Amazon, Microsoft",Minimum 6.0 CGPA with no active backlogs,Mandatory 6-week summer internship,Stipend based on company selection,"Yes, across major city routes",24818,Over 15 designated routes,7:30 AM to 5:30 PM,Central Air-Conditioned Library,"Reading Room, Reference Section, Digital Access",239516,Available with remote access,"IEEE, Springer, ScienceDirect",8:00 AM to 8:00 PM,"Yes, for Boys and Girls",Available with 500+ capacity,Available with 300+ capacity,49168,38665,9:30 PM,Prior permission from Warden required,Strict anti-ragging policies enforced,"Yes, indoor and outdoor facilities","Football ground, Cricket pitch, Basketball courts","Table Tennis, Badminton, Chess","Football, Cricket, Volleyball, Athletics",Well-equipped modern gymnasium,Semester System (CBCS),Minimum 75% attendance mandatory,25% weightage,75% weightage,Minimum 40% aggregate required to pass,Conducted within 1 month of result declaration,Available for a maximum of 3 subjects,Maximum 4 backlogs allowed to promote to next year,Merit-based and Category-based scholarships available,Dedicated Student Counselling Centre,"Technical, Cultural, and Sports Clubs",Anti-Ragging Squad and Grievance Cell,End-semester anonymous feedback system,4.5/5,4.0/5,4.2/5,4.2/5,4.4/5,4.3/5,4.3/5
UNI047,Bharath Institue Of Higher Education & Research,Tamil Nadu,http://www.bharathuniv.com/,1966,UGC Recognized,NAAC 'A' Grade,51,"Engineering: CSE, Mechanical | Management: MBA, BBA | Science: B.Sc, M.Sc","B.Tech CSE, MBA Finance, B.Sc","Computer Science, Mechanical Engineering, Civil Engineering, Management Studies, Applied Sciences","Minimum 60% aggregate in 10+2 (Physics, Chemistry, Mathematics/Biology)",70516 per semester,16800,4820,9104,Active Training and Placement Cell,Strictly for registered final-year students,86% in 2023,7.8 Lakh Per Annum,32.0 Lakh Per Annum,3.4 Lakh Per Annum,"TCS, Infosys, Wipro, Cognizant, Amazon, Microsoft",Minimum 6.0 CGPA with no active backlogs,Mandatory 6-week summer internship,Stipend based on company selection,"Yes, across major city routes",32532,Over 15 designated routes,7:30 AM to 5:30 PM,Central Air-Conditioned Library,"Reading Room, Reference Section, Digital Access",75227,Available with remote access,"IEEE, Springer, ScienceDirect",8:00 AM to 8:00 PM,"Yes, for Boys and Girls",Available with 500+ capacity,Available with 300+ capacity,57683,43982,9:30 PM,Prior permission from Warden required,Strict anti-ragging policies enforced,"Yes, indoor and outdoor facilities","Football ground, Cricket pitch, Basketball courts","Table Tennis, Badminton, Chess","Football, Cricket, Volleyball, Athletics",Well-equipped modern gymnasium,Semester System (CBCS),Minimum 75% attendance mandatory,25% weightage,75% weightage,Minimum 40% aggregate required to pass,Conducted within 1 month of result declaration,Available for a maximum of 3 subjects,Maximum 4 backlogs allowed to promote to next year,Merit-based and Category-based scholarships available,Dedicated Student Counselling Centre,"Technical, Cultural, and Sports Clubs",Anti-Ragging Squad and Grievance Cell,End-semester anonymous feedback system,4.5/5,4.3/5,3.8/5,4.2/5,4.6/5,4.7/5,4.6/5
UNI048,Bharati Vidyapeeth University,nan,http://www.bharatividyapeeth.edu/,2002,UGC Recognized,NAAC 'A' Grade,84,"Engineering: CSE, Mechanical | Management: MBA, BBA | Science: B.Sc, M.Sc","B.Tech CSE, MBA Finance, B.Sc","Computer Science, Mechanical Engineering, Civil Engineering, Management Studies, Applied Sciences","Minimum 60% aggregate in 10+2 (Physics, Chemistry, Mathematics/Biology)",121602 per semester,23315,3886,6427,Active Training and Placement Cell,Strictly for registered final-year students,96% in 2023,11.5 Lakh Per Annum,20.2 Lakh Per Annum,3.9 Lakh Per Annum,"TCS, Infosys, Wipro, Cognizant, Amazon, Microsoft",Minimum 6.0 CGPA with no active backlogs,Mandatory 6-week summer internship,Stipend based on company selection,"Yes, across major city routes",16977,Over 15 designated routes,7:30 AM to 5:30 PM,Central Air-Conditioned Library,"Reading Room, Reference Section, Digital Access",102357,Available with remote access,"IEEE, Springer, ScienceDirect",8:00 AM to 8:00 PM,"Yes, for Boys and Girls",Available with 500+ capacity,Available with 300+ capacity,56780,30534,9:30 PM,Prior permission from Warden required,Strict anti-ragging policies enforced,"Yes, indoor and outdoor facilities","Football ground, Cricket pitch, Basketball courts","Table Tennis, Badminton, Chess","Football, Cricket, Volleyball, Athletics",Well-equipped modern gymnasium,Semester System (CBCS),Minimum 75% attendance mandatory,25% weightage,75% weightage,Minimum 40% aggregate required to pass,Conducted within 1 month of result declaration,Available for a maximum of 3 subjects,Maximum 4 backlogs allowed to promote to next year,Merit-based and Category-based scholarships available,Dedicated Student Counselling Centre,"Technical, Cultural, and Sports Clubs",Anti-Ragging Squad and Grievance Cell,End-semester anonymous feedback system,4.4/5,4.2/5,3.5/5,4.1/5,4.5/5,4.2/5,4.6/5
UNI049,Bhavnagar University,nan,http://www.bhavuni.edu/,1992,UGC Recognized,NAAC 'A' Grade,90,"Engineering: CSE, Mechanical | Management: MBA, BBA | Science: B.Sc, M.Sc","B.Tech CSE, MBA Finance, B.Sc","Computer Science, Mechanical Engineering, Civil Engineering, Management Studies, Applied Sciences","Minimum 60% aggregate in 10+2 (Physics, Chemistry, Mathematics/Biology)",47547 per semester,17127,4329,3698,Active Training and Placement Cell,Strictly for registered final-year students,97% in 2023,5.4 Lakh Per Annum,27.2 Lakh Per Annum,3.4 Lakh Per Annum,"TCS, Infosys, Wipro, Cognizant, Amazon, Microsoft",Minimum 6.0 CGPA with no active backlogs,Mandatory 6-week summer internship,Stipend based on company selection,"Yes, across major city routes",16545,Over 15 designated routes,7:30 AM to 5:30 PM,Central Air-Conditioned Library,"Reading Room, Reference Section, Digital Access",122902,Available with remote access,"IEEE, Springer, ScienceDirect",8:00 AM to 8:00 PM,"Yes, for Boys and Girls",Available with 500+ capacity,Available with 300+ capacity,81344,42436,9:30 PM,Prior permission from Warden required,Strict anti-ragging policies enforced,"Yes, indoor and outdoor facilities","Football ground, Cricket pitch, Basketball courts","Table Tennis, Badminton, Chess","Football, Cricket, Volleyball, Athletics",Well-equipped modern gymnasium,Semester System (CBCS),Minimum 75% attendance mandatory,25% weightage,75% weightage,Minimum 40% aggregate required to pass,Conducted within 1 month of result declaration,Available for a maximum of 3 subjects,Maximum 4 backlogs allowed to promote to next year,Merit-based and Category-based scholarships available,Dedicated Student Counselling Centre,"Technical, Cultural, and Sports Clubs",Anti-Ragging Squad and Grievance Cell,End-semester anonymous feedback system,4.1/5,3.8/5,4.2/5,4.0/5,4.2/5,4.6/5,4.2/5
UNI050,Banaras Hindu University,Uttar Pradesh,http://www.bhu.ac.in/,1941,UGC Recognized,NAAC 'A' Grade,64,"Engineering: CSE, Mechanical | Management: MBA, BBA | Science: B.Sc, M.Sc","B.Tech CSE, MBA Finance, B.Sc","Computer Science, Mechanical Engineering, Civil Engineering, Management Studies, Applied Sciences","Minimum 60% aggregate in 10+2 (Physics, Chemistry, Mathematics/Biology)",146304 per semester,10800,3722,9456,Active Training and Placement Cell,Strictly for registered final-year students,99% in 2023,4.0 Lakh Per Annum,40.9 Lakh Per Annum,3.6 Lakh Per Annum,"TCS, Infosys, Wipro, Cognizant, Amazon, Microsoft",Minimum 6.0 CGPA with no active backlogs,Mandatory 6-week summer internship,Stipend based on company selection,"Yes, across major city routes",28526,Over 15 designated routes,7:30 AM to 5:30 PM,Central Air-Conditioned Library,"Reading Room, Reference Section, Digital Access",146650,Available with remote access,"IEEE, Springer, ScienceDirect",8:00 AM to 8:00 PM,"Yes, for Boys and Girls",Available with 500+ capacity,Available with 300+ capacity,48169,30341,9:30 PM,Prior permission from Warden required,Strict anti-ragging policies enforced,"Yes, indoor and outdoor facilities","Football ground, Cricket pitch, Basketball courts","Table Tennis, Badminton, Chess","Football, Cricket, Volleyball, Athletics",Well-equipped modern gymnasium,Semester System (CBCS),Minimum 75% attendance mandatory,25% weightage,75% weightage,Minimum 40% aggregate required to pass,Conducted within 1 month of result declaration,Available for a maximum of 3 subjects,Maximum 4 backlogs allowed to promote to next year,Merit-based and Category-based scholarships available,Dedicated Student Counselling Centre,"Technical, Cultural, and Sports Clubs",Anti-Ragging Squad and Grievance Cell,End-semester anonymous feedback system,4.2/5,3.8/5,3.7/5,4.3/5,4.8/5,4.4/5,4.5/5
UNI051,Orissa University of Agriculture and Technology,Odisha,https://ouat.ac.in/,1986,UGC Recognized,NAAC 'A' Grade,36,"Engineering: Computer Science (CSE), Civil, Mechanical, ICT","B.Tech CSE, MBA Finance, B.Sc","Computer Science, Mechanical Engineering, Civil Engineering, Management Studies, Applied Sciences","Minimum 60% aggregate in 10+2 (Physics, Chemistry, Mathematics/Biology)",148156 per semester,7560,1827,9117,Active Training and Placement Cell,Strictly for registered final-year students,83% in 2023,11.3 Lakh Per Annum,30.3 Lakh Per Annum,3.1 Lakh Per Annum,"TCS, Infosys, Wipro, Cognizant, Amazon, Microsoft",Minimum 6.0 CGPA with no active backlogs,Mandatory 6-week summer internship,Stipend based on company selection,"Yes, across major city routes",21481,Over 15 designated routes,7:30 AM to 5:30 PM,Central Air-Conditioned Library,"Reading Room, Reference Section, Digital Access",96053,Available with remote access,"IEEE, Springer, ScienceDirect",8:00 AM to 8:00 PM,"Yes, for Boys and Girls",Available with 500+ capacity,Available with 300+ capacity,70548,26165,9:30 PM,Prior permission from Warden required,Strict anti-ragging policies enforced,"Yes, indoor and outdoor facilities","Football ground, Cricket pitch, Basketball courts","Table Tennis, Badminton, Chess","Football, Cricket, Volleyball, Athletics",Well-equipped modern gymnasium,Semester System (CBCS),Minimum 75% attendance mandatory,25% weightage,75% weightage,Minimum 40% aggregate required to pass,Conducted within 1 month of result declaration,Available for a maximum of 3 subjects,Maximum 4 backlogs allowed to promote to next year,Merit-based and Category-based scholarships available,Dedicated Student Counselling Centre,"Technical, Cultural, and Sports Clubs",Anti-Ragging Squad and Grievance Cell,End-semester anonymous feedback system,4.4/5,4.2/5,4.5/5,4.0/5,4.3/5,4.1/5,4.1/5
UNI052,"Birla Institute of Technology, Ranchi",Jharkhand,http://bitmesraranchi.org/,1967,UGC Recognized,NAAC 'A' Grade,150,"Engineering: Computer Science (CSE), Civil, Mechanical, ICT","B.Tech CSE, MBA Finance, B.Sc","Computer Science, Mechanical Engineering, Civil Engineering, Management Studies, Applied Sciences","Minimum 60% aggregate in 10+2 (Physics, Chemistry, Mathematics/Biology)",99646 per semester,20466,3230,3609,Active Training and Placement Cell,Strictly for registered final-year students,94% in 2023,7.9 Lakh Per Annum,35.7 Lakh Per Annum,2.8 Lakh Per Annum,"TCS, Infosys, Wipro, Cognizant, Amazon, Microsoft",Minimum 6.0 CGPA with no active backlogs,Mandatory 6-week summer internship,Stipend based on company selection,"Yes, across major city routes",28540,Over 15 designated routes,7:30 AM to 5:30 PM,Central Air-Conditioned Library,"Reading Room, Reference Section, Digital Access",99585,Available with remote access,"IEEE, Springer, ScienceDirect",8:00 AM to 8:00 PM,"Yes, for Boys and Girls",Available with 500+ capacity,Available with 300+ capacity,64045,36352,9:30 PM,Prior permission from Warden required,Strict anti-ragging policies enforced,"Yes, indoor and outdoor facilities","Football ground, Cricket pitch, Basketball courts","Table Tennis, Badminton, Chess","Football, Cricket, Volleyball, Athletics",Well-equipped modern gymnasium,Semester System (CBCS),Minimum 75% attendance mandatory,25% weightage,75% weightage,Minimum 40% aggregate required to pass,Conducted within 1 month of result declaration,Available for a maximum of 3 subjects,Maximum 4 backlogs allowed to promote to next year,Merit-based and Category-based scholarships available,Dedicated Student Counselling Centre,"Technical, Cultural, and Sports Clubs",Anti-Ragging Squad and Grievance Cell,End-semester anonymous feedback system,4.0/5,4.4/5,3.6/5,3.9/5,4.6/5,4.6/5,4.0/5
UNI053,Birla Institute of Technology and Science,Rajasthan,http://www.bits-pilani.ac.in/,1948,UGC Recognized,NAAC 'A' Grade,49,"Engineering: Computer Science (CSE), Civil, Mechanical, ICT","B.Tech CSE, MBA Finance, B.Sc","Computer Science, Mechanical Engineering, Civil Engineering, Management Studies, Applied Sciences","Minimum 60% aggregate in 10+2 (Physics, Chemistry, Mathematics/Biology)",52447 per semester,5239,1982,2731,Active Training and Placement Cell,Strictly for registered final-year students,94% in 2023,9.9 Lakh Per Annum,30.3 Lakh Per Annum,2.8 Lakh Per Annum,"TCS, Infosys, Wipro, Cognizant, Amazon, Microsoft",Minimum 6.0 CGPA with no active backlogs,Mandatory 6-week summer internship,Stipend based on company selection,"Yes, across major city routes",19109,Over 15 designated routes,7:30 AM to 5:30 PM,Central Air-Conditioned Library,"Reading Room, Reference Section, Digital Access",161374,Available with remote access,"IEEE, Springer, ScienceDirect",8:00 AM to 8:00 PM,"Yes, for Boys and Girls",Available with 500+ capacity,Available with 300+ capacity,82228,33984,9:30 PM,Prior permission from Warden required,Strict anti-ragging policies enforced,"Yes, indoor and outdoor facilities","Football ground, Cricket pitch, Basketball courts","Table Tennis, Badminton, Chess","Football, Cricket, Volleyball, Athletics",Well-equipped modern gymnasium,Semester System (CBCS),Minimum 75% attendance mandatory,25% weightage,75% weightage,Minimum 40% aggregate required to pass,Conducted within 1 month of result declaration,Available for a maximum of 3 subjects,Maximum 4 backlogs allowed to promote to next year,Merit-based and Category-based scholarships available,Dedicated Student Counselling Centre,"Technical, Cultural, and Sports Clubs",Anti-Ragging Squad and Grievance Cell,End-semester anonymous feedback system,4.3/5,4.6/5,4.3/5,4.0/5,4.2/5,4.5/5,4.0/5
UNI054,Bhupendra Narayan Mandal University,nan,http://www.bnmu.in/,1960,UGC Recognized,NAAC 'A' Grade,82,"Engineering: CSE, Mechanical | Management: MBA, BBA | Science: B.Sc, M.Sc","B.Tech CSE, MBA Finance, B.Sc","Computer Science, Mechanical Engineering, Civil Engineering, Management Studies, Applied Sciences","Minimum 60% aggregate in 10+2 (Physics, Chemistry, Mathematics/Biology)",53036 per semester,19699,2625,4730,Active Training and Placement Cell,Strictly for registered final-year students,77% in 2023,7.7 Lakh Per Annum,42.6 Lakh Per Annum,2.9 Lakh Per Annum,"TCS, Infosys, Wipro, Cognizant, Amazon, Microsoft",Minimum 6.0 CGPA with no active backlogs,Mandatory 6-week summer internship,Stipend based on company selection,"Yes, across major city routes",23287,Over 15 designated routes,7:30 AM to 5:30 PM,Central Air-Conditioned Library,"Reading Room, Reference Section, Digital Access",163624,Available with remote access,"IEEE, Springer, ScienceDirect",8:00 AM to 8:00 PM,"Yes, for Boys and Girls",Available with 500+ capacity,Available with 300+ capacity,47049,37104,9:30 PM,Prior permission from Warden required,Strict anti-ragging policies enforced,"Yes, indoor and outdoor facilities","Football ground, Cricket pitch, Basketball courts","Table Tennis, Badminton, Chess","Football, Cricket, Volleyball, Athletics",Well-equipped modern gymnasium,Semester System (CBCS),Minimum 75% attendance mandatory,25% weightage,75% weightage,Minimum 40% aggregate required to pass,Conducted within 1 month of result declaration,Available for a maximum of 3 subjects,Maximum 4 backlogs allowed to promote to next year,Merit-based and Category-based scholarships available,Dedicated Student Counselling Centre,"Technical, Cultural, and Sports Clubs",Anti-Ragging Squad and Grievance Cell,End-semester anonymous feedback system,4.6/5,4.6/5,4.1/5,4.4/5,4.6/5,4.2/5,4.1/5
UNI055,Biju Pattnaik University of Technology,nan,http://www.bput.org/,1961,UGC Recognized,NAAC 'A' Grade,71,"Engineering: Computer Science (CSE), Civil, Mechanical, ICT","B.Tech CSE, MBA Finance, B.Sc","Computer Science, Mechanical Engineering, Civil Engineering, Management Studies, Applied Sciences","Minimum 60% aggregate in 10+2 (Physics, Chemistry, Mathematics/Biology)",147853 per semester,13922,2927,5996,Active Training and Placement Cell,Strictly for registered final-year students,89% in 2023,8.8 Lakh Per Annum,20.3 Lakh Per Annum,3.8 Lakh Per Annum,"TCS, Infosys, Wipro, Cognizant, Amazon, Microsoft",Minimum 6.0 CGPA with no active backlogs,Mandatory 6-week summer internship,Stipend based on company selection,"Yes, across major city routes",31664,Over 15 designated routes,7:30 AM to 5:30 PM,Central Air-Conditioned Library,"Reading Room, Reference Section, Digital Access",84363,Available with remote access,"IEEE, Springer, ScienceDirect",8:00 AM to 8:00 PM,"Yes, for Boys and Girls",Available with 500+ capacity,Available with 300+ capacity,46078,37333,9:30 PM,Prior permission from Warden required,Strict anti-ragging policies enforced,"Yes, indoor and outdoor facilities","Football ground, Cricket pitch, Basketball courts","Table Tennis, Badminton, Chess","Football, Cricket, Volleyball, Athletics",Well-equipped modern gymnasium,Semester System (CBCS),Minimum 75% attendance mandatory,25% weightage,75% weightage,Minimum 40% aggregate required to pass,Conducted within 1 month of result declaration,Available for a maximum of 3 subjects,Maximum 4 backlogs allowed to promote to next year,Merit-based and Category-based scholarships available,Dedicated Student Counselling Centre,"Technical, Cultural, and Sports Clubs",Anti-Ragging Squad and Grievance Cell,End-semester anonymous feedback system,4.7/5,3.9/5,4.1/5,4.3/5,4.3/5,4.0/5,4.8/5
UNI056,B. R. Ambedkar Bihar University,Bihar,http://www.brabu.net/,1968,UGC Recognized,NAAC 'A' Grade,141,"Engineering: CSE, Mechanical | Management: MBA, BBA | Science: B.Sc, M.Sc","B.Tech CSE, MBA Finance, B.Sc","Computer Science, Mechanical Engineering, Civil Engineering, Management Studies, Applied Sciences","Minimum 60% aggregate in 10+2 (Physics, Chemistry, Mathematics/Biology)",112239 per semester,12398,1830,4354,Active Training and Placement Cell,Strictly for registered final-year students,78% in 2023,5.9 Lakh Per Annum,24.1 Lakh Per Annum,3.0 Lakh Per Annum,"TCS, Infosys, Wipro, Cognizant, Amazon, Microsoft",Minimum 6.0 CGPA with no active backlogs,Mandatory 6-week summer internship,Stipend based on company selection,"Yes, across major city routes",22485,Over 15 designated routes,7:30 AM to 5:30 PM,Central Air-Conditioned Library,"Reading Room, Reference Section, Digital Access",94580,Available with remote access,"IEEE, Springer, ScienceDirect",8:00 AM to 8:00 PM,"Yes, for Boys and Girls",Available with 500+ capacity,Available with 300+ capacity,66848,44307,9:30 PM,Prior permission from Warden required,Strict anti-ragging policies enforced,"Yes, indoor and outdoor facilities","Football ground, Cricket pitch, Basketball courts","Table Tennis, Badminton, Chess","Football, Cricket, Volleyball, Athletics",Well-equipped modern gymnasium,Semester System (CBCS),Minimum 75% attendance mandatory,25% weightage,75% weightage,Minimum 40% aggregate required to pass,Conducted within 1 month of result declaration,Available for a maximum of 3 subjects,Maximum 4 backlogs allowed to promote to next year,Merit-based and Category-based scholarships available,Dedicated Student Counselling Centre,"Technical, Cultural, and Sports Clubs",Anti-Ragging Squad and Grievance Cell,End-semester anonymous feedback system,4.4/5,3.8/5,4.4/5,4.5/5,4.8/5,4.6/5,4.1/5
UNI057,Dr. B.R. Ambedkar Open University,nan,http://www.braou.ac.in/,1993,UGC Recognized,NAAC 'A' Grade,120,"Engineering: CSE, Mechanical | Management: MBA, BBA | Science: B.Sc, M.Sc","B.Tech CSE, MBA Finance, B.Sc","Computer Science, Mechanical Engineering, Civil Engineering, Management Studies, Applied Sciences","Minimum 60% aggregate in 10+2 (Physics, Chemistry, Mathematics/Biology)",147005 per semester,7873,3391,5719,Active Training and Placement Cell,Strictly for registered final-year students,77% in 2023,8.9 Lakh Per Annum,24.6 Lakh Per Annum,3.9 Lakh Per Annum,"TCS, Infosys, Wipro, Cognizant, Amazon, Microsoft",Minimum 6.0 CGPA with no active backlogs,Mandatory 6-week summer internship,Stipend based on company selection,"Yes, across major city routes",15284,Over 15 designated routes,7:30 AM to 5:30 PM,Central Air-Conditioned Library,"Reading Room, Reference Section, Digital Access",161675,Available with remote access,"IEEE, Springer, ScienceDirect",8:00 AM to 8:00 PM,"Yes, for Boys and Girls",Available with 500+ capacity,Available with 300+ capacity,50453,26629,9:30 PM,Prior permission from Warden required,Strict anti-ragging policies enforced,"Yes, indoor and outdoor facilities","Football ground, Cricket pitch, Basketball courts","Table Tennis, Badminton, Chess","Football, Cricket, Volleyball, Athletics",Well-equipped modern gymnasium,Semester System (CBCS),Minimum 75% attendance mandatory,25% weightage,75% weightage,Minimum 40% aggregate required to pass,Conducted within 1 month of result declaration,Available for a maximum of 3 subjects,Maximum 4 backlogs allowed to promote to next year,Merit-based and Category-based scholarships available,Dedicated Student Counselling Centre,"Technical, Cultural, and Sports Clubs",Anti-Ragging Squad and Grievance Cell,End-semester anonymous feedback system,4.7/5,4.4/5,4.2/5,3.9/5,4.8/5,4.3/5,4.3/5
UNI058,Dr. B. R. Ambedkar National Institute of Technology Jalandhar,nan,http://www.nitj.ac.in/,1982,UGC Recognized,NAAC 'A' Grade,83,"Engineering: Computer Science (CSE), Civil, Mechanical, ICT","B.Tech CSE, MBA Finance, B.Sc","Computer Science, Mechanical Engineering, Civil Engineering, Management Studies, Applied Sciences","Minimum 60% aggregate in 10+2 (Physics, Chemistry, Mathematics/Biology)",122646 per semester,5931,4591,2671,Active Training and Placement Cell,Strictly for registered final-year students,94% in 2023,7.8 Lakh Per Annum,26.9 Lakh Per Annum,3.8 Lakh Per Annum,"TCS, Infosys, Wipro, Cognizant, Amazon, Microsoft",Minimum 6.0 CGPA with no active backlogs,Mandatory 6-week summer internship,Stipend based on company selection,"Yes, across major city routes",18403,Over 15 designated routes,7:30 AM to 5:30 PM,Central Air-Conditioned Library,"Reading Room, Reference Section, Digital Access",212434,Available with remote access,"IEEE, Springer, ScienceDirect",8:00 AM to 8:00 PM,"Yes, for Boys and Girls",Available with 500+ capacity,Available with 300+ capacity,77613,29760,9:30 PM,Prior permission from Warden required,Strict anti-ragging policies enforced,"Yes, indoor and outdoor facilities","Football ground, Cricket pitch, Basketball courts","Table Tennis, Badminton, Chess","Football, Cricket, Volleyball, Athletics",Well-equipped modern gymnasium,Semester System (CBCS),Minimum 75% attendance mandatory,25% weightage,75% weightage,Minimum 40% aggregate required to pass,Conducted within 1 month of result declaration,Available for a maximum of 3 subjects,Maximum 4 backlogs allowed to promote to next year,Merit-based and Category-based scholarships available,Dedicated Student Counselling Centre,"Technical, Cultural, and Sports Clubs",Anti-Ragging Squad and Grievance Cell,End-semester anonymous feedback system,4.4/5,4.4/5,3.9/5,4.3/5,4.3/5,4.4/5,4.5/5
UNI059,Dr. Bhim Rao Abdekar University,nan,http://www.brauagra.com/,1981,UGC Recognized,NAAC 'A' Grade,137,"Engineering: CSE, Mechanical | Management: MBA, BBA | Science: B.Sc, M.Sc","B.Tech CSE, MBA Finance, B.Sc","Computer Science, Mechanical Engineering, Civil Engineering, Management Studies, Applied Sciences","Minimum 60% aggregate in 10+2 (Physics, Chemistry, Mathematics/Biology)",98425 per semester,9520,3676,5225,Active Training and Placement Cell,Strictly for registered final-year students,91% in 2023,11.5 Lakh Per Annum,18.1 Lakh Per Annum,3.6 Lakh Per Annum,"TCS, Infosys, Wipro, Cognizant, Amazon, Microsoft",Minimum 6.0 CGPA with no active backlogs,Mandatory 6-week summer internship,Stipend based on company selection,"Yes, across major city routes",34514,Over 15 designated routes,7:30 AM to 5:30 PM,Central Air-Conditioned Library,"Reading Room, Reference Section, Digital Access",216592,Available with remote access,"IEEE, Springer, ScienceDirect",8:00 AM to 8:00 PM,"Yes, for Boys and Girls",Available with 500+ capacity,Available with 300+ capacity,45896,31050,9:30 PM,Prior permission from Warden required,Strict anti-ragging policies enforced,"Yes, indoor and outdoor facilities","Football ground, Cricket pitch, Basketball courts","Table Tennis, Badminton, Chess","Football, Cricket, Volleyball, Athletics",Well-equipped modern gymnasium,Semester System (CBCS),Minimum 75% attendance mandatory,25% weightage,75% weightage,Minimum 40% aggregate required to pass,Conducted within 1 month of result declaration,Available for a maximum of 3 subjects,Maximum 4 backlogs allowed to promote to next year,Merit-based and Category-based scholarships available,Dedicated Student Counselling Centre,"Technical, Cultural, and Sports Clubs",Anti-Ragging Squad and Grievance Cell,End-semester anonymous feedback system,4.8/5,4.6/5,3.9/5,3.9/5,4.2/5,4.5/5,4.3/5
UNI060,B. S. Abdur Rahman University,nan,http://www.bsauniv.ac.in/,2008,UGC Recognized,NAAC 'A' Grade,93,"Engineering: CSE, Mechanical | Management: MBA, BBA | Science: B.Sc, M.Sc","B.Tech CSE, MBA Finance, B.Sc","Computer Science, Mechanical Engineering, Civil Engineering, Management Studies, Applied Sciences","Minimum 60% aggregate in 10+2 (Physics, Chemistry, Mathematics/Biology)",55674 per semester,6228,3621,8436,Active Training and Placement Cell,Strictly for registered final-year students,78% in 2023,10.3 Lakh Per Annum,16.2 Lakh Per Annum,3.6 Lakh Per Annum,"TCS, Infosys, Wipro, Cognizant, Amazon, Microsoft",Minimum 6.0 CGPA with no active backlogs,Mandatory 6-week summer internship,Stipend based on company selection,"Yes, across major city routes",33078,Over 15 designated routes,7:30 AM to 5:30 PM,Central Air-Conditioned Library,"Reading Room, Reference Section, Digital Access",115179,Available with remote access,"IEEE, Springer, ScienceDirect",8:00 AM to 8:00 PM,"Yes, for Boys and Girls",Available with 500+ capacity,Available with 300+ capacity,73014,36783,9:30 PM,Prior permission from Warden required,Strict anti-ragging policies enforced,"Yes, indoor and outdoor facilities","Football ground, Cricket pitch, Basketball courts","Table Tennis, Badminton, Chess","Football, Cricket, Volleyball, Athletics",Well-equipped modern gymnasium,Semester System (CBCS),Minimum 75% attendance mandatory,25% weightage,75% weightage,Minimum 40% aggregate required to pass,Conducted within 1 month of result declaration,Available for a maximum of 3 subjects,Maximum 4 backlogs allowed to promote to next year,Merit-based and Category-based scholarships available,Dedicated Student Counselling Centre,"Technical, Cultural, and Sports Clubs",Anti-Ragging Squad and Grievance Cell,End-semester anonymous feedback system,4.3/5,4.3/5,3.8/5,4.0/5,4.3/5,4.3/5,4.6/5
UNI061,Barkatullah University,nan,http://www.bubhopal.nic.in/,2000,UGC Recognized,NAAC 'A' Grade,87,"Engineering: CSE, Mechanical | Management: MBA, BBA | Science: B.Sc, M.Sc","B.Tech CSE, MBA Finance, B.Sc","Computer Science, Mechanical Engineering, Civil Engineering, Management Studies, Applied Sciences","Minimum 60% aggregate in 10+2 (Physics, Chemistry, Mathematics/Biology)",139308 per semester,15192,4435,6310,Active Training and Placement Cell,Strictly for registered final-year students,76% in 2023,8.8 Lakh Per Annum,30.6 Lakh Per Annum,2.6 Lakh Per Annum,"TCS, Infosys, Wipro, Cognizant, Amazon, Microsoft",Minimum 6.0 CGPA with no active backlogs,Mandatory 6-week summer internship,Stipend based on company selection,"Yes, across major city routes",29151,Over 15 designated routes,7:30 AM to 5:30 PM,Central Air-Conditioned Library,"Reading Room, Reference Section, Digital Access",226453,Available with remote access,"IEEE, Springer, ScienceDirect",8:00 AM to 8:00 PM,"Yes, for Boys and Girls",Available with 500+ capacity,Available with 300+ capacity,48460,25704,9:30 PM,Prior permission from Warden required,Strict anti-ragging policies enforced,"Yes, indoor and outdoor facilities","Football ground, Cricket pitch, Basketball courts","Table Tennis, Badminton, Chess","Football, Cricket, Volleyball, Athletics",Well-equipped modern gymnasium,Semester System (CBCS),Minimum 75% attendance mandatory,25% weightage,75% weightage,Minimum 40% aggregate required to pass,Conducted within 1 month of result declaration,Available for a maximum of 3 subjects,Maximum 4 backlogs allowed to promote to next year,Merit-based and Category-based scholarships available,Dedicated Student Counselling Centre,"Technical, Cultural, and Sports Clubs",Anti-Ragging Squad and Grievance Cell,End-semester anonymous feedback system,4.3/5,4.0/5,4.1/5,4.5/5,4.7/5,4.3/5,4.4/5
UNI062,VIT Bhopal,Madhya Pradesh,https://vitbhopal.ac.in/,1977,UGC Recognized,NAAC 'A' Grade,113,"Engineering: CSE, Mechanical | Management: MBA, BBA | Science: B.Sc, M.Sc","B.Tech CSE, MBA Finance, B.Sc","Computer Science, Mechanical Engineering, Civil Engineering, Management Studies, Applied Sciences","Minimum 60% aggregate in 10+2 (Physics, Chemistry, Mathematics/Biology)",83229 per semester,13617,2930,6316,Active Training and Placement Cell,Strictly for registered final-year students,79% in 2023,11.1 Lakh Per Annum,20.7 Lakh Per Annum,3.2 Lakh Per Annum,"TCS, Infosys, Wipro, Cognizant, Amazon, Microsoft",Minimum 6.0 CGPA with no active backlogs,Mandatory 6-week summer internship,Stipend based on company selection,"Yes, across major city routes",26317,Over 15 designated routes,7:30 AM to 5:30 PM,Central Air-Conditioned Library,"Reading Room, Reference Section, Digital Access",126575,Available with remote access,"IEEE, Springer, ScienceDirect",8:00 AM to 8:00 PM,"Yes, for Boys and Girls",Available with 500+ capacity,Available with 300+ capacity,65520,44837,9:30 PM,Prior permission from Warden required,Strict anti-ragging policies enforced,"Yes, indoor and outdoor facilities","Football ground, Cricket pitch, Basketball courts","Table Tennis, Badminton, Chess","Football, Cricket, Volleyball, Athletics",Well-equipped modern gymnasium,Semester System (CBCS),Minimum 75% attendance mandatory,25% weightage,75% weightage,Minimum 40% aggregate required to pass,Conducted within 1 month of result declaration,Available for a maximum of 3 subjects,Maximum 4 backlogs allowed to promote to next year,Merit-based and Category-based scholarships available,Dedicated Student Counselling Centre,"Technical, Cultural, and Sports Clubs",Anti-Ragging Squad and Grievance Cell,End-semester anonymous feedback system,4.5/5,3.9/5,3.7/5,4.0/5,4.6/5,4.2/5,4.3/5
UNI063,Bundelkhand University,nan,http://www.bundelkhanduniversity.org/,1963,UGC Recognized,NAAC 'A' Grade,61,"Engineering: CSE, Mechanical | Management: MBA, BBA | Science: B.Sc, M.Sc","B.Tech CSE, MBA Finance, B.Sc","Computer Science, Mechanical Engineering, Civil Engineering, Management Studies, Applied Sciences","Minimum 60% aggregate in 10+2 (Physics, Chemistry, Mathematics/Biology)",50042 per semester,6206,3243,5945,Active Training and Placement Cell,Strictly for registered final-year students,92% in 2023,4.2 Lakh Per Annum,15.5 Lakh Per Annum,3.1 Lakh Per Annum,"TCS, Infosys, Wipro, Cognizant, Amazon, Microsoft",Minimum 6.0 CGPA with no active backlogs,Mandatory 6-week summer internship,Stipend based on company selection,"Yes, across major city routes",27291,Over 15 designated routes,7:30 AM to 5:30 PM,Central Air-Conditioned Library,"Reading Room, Reference Section, Digital Access",84292,Available with remote access,"IEEE, Springer, ScienceDirect",8:00 AM to 8:00 PM,"Yes, for Boys and Girls",Available with 500+ capacity,Available with 300+ capacity,82416,25655,9:30 PM,Prior permission from Warden required,Strict anti-ragging policies enforced,"Yes, indoor and outdoor facilities","Football ground, Cricket pitch, Basketball courts","Table Tennis, Badminton, Chess","Football, Cricket, Volleyball, Athletics",Well-equipped modern gymnasium,Semester System (CBCS),Minimum 75% attendance mandatory,25% weightage,75% weightage,Minimum 40% aggregate required to pass,Conducted within 1 month of result declaration,Available for a maximum of 3 subjects,Maximum 4 backlogs allowed to promote to next year,Merit-based and Category-based scholarships available,Dedicated Student Counselling Centre,"Technical, Cultural, and Sports Clubs",Anti-Ragging Squad and Grievance Cell,End-semester anonymous feedback system,4.6/5,4.0/5,4.2/5,3.9/5,4.6/5,4.2/5,4.7/5
UNI064,University of Burdwan,nan,http://www.burdwanuniversity.ac.in/,1998,UGC Recognized,NAAC 'A' Grade,141,"Engineering: CSE, Mechanical | Management: MBA, BBA | Science: B.Sc, M.Sc","B.Tech CSE, MBA Finance, B.Sc","Computer Science, Mechanical Engineering, Civil Engineering, Management Studies, Applied Sciences","Minimum 60% aggregate in 10+2 (Physics, Chemistry, Mathematics/Biology)",94554 per semester,15899,3054,6817,Active Training and Placement Cell,Strictly for registered final-year students,84% in 2023,10.8 Lakh Per Annum,37.6 Lakh Per Annum,3.2 Lakh Per Annum,"TCS, Infosys, Wipro, Cognizant, Amazon, Microsoft",Minimum 6.0 CGPA with no active backlogs,Mandatory 6-week summer internship,Stipend based on company selection,"Yes, across major city routes",31516,Over 15 designated routes,7:30 AM to 5:30 PM,Central Air-Conditioned Library,"Reading Room, Reference Section, Digital Access",175996,Available with remote access,"IEEE, Springer, ScienceDirect",8:00 AM to 8:00 PM,"Yes, for Boys and Girls",Available with 500+ capacity,Available with 300+ capacity,66473,33047,9:30 PM,Prior permission from Warden required,Strict anti-ragging policies enforced,"Yes, indoor and outdoor facilities","Football ground, Cricket pitch, Basketball courts","Table Tennis, Badminton, Chess","Football, Cricket, Volleyball, Athletics",Well-equipped modern gymnasium,Semester System (CBCS),Minimum 75% attendance mandatory,25% weightage,75% weightage,Minimum 40% aggregate required to pass,Conducted within 1 month of result declaration,Available for a maximum of 3 subjects,Maximum 4 backlogs allowed to promote to next year,Merit-based and Category-based scholarships available,Dedicated Student Counselling Centre,"Technical, Cultural, and Sports Clubs",Anti-Ragging Squad and Grievance Cell,End-semester anonymous feedback system,4.3/5,4.0/5,4.2/5,3.9/5,4.6/5,4.7/5,4.6/5
UNI065,University of Calcutta,West Bengal,http://www.caluniv.ac.in/,2000,UGC Recognized,NAAC 'A' Grade,140,"Engineering: CSE, Mechanical | Management: MBA, BBA | Science: B.Sc, M.Sc","B.Tech CSE, MBA Finance, B.Sc","Computer Science, Mechanical Engineering, Civil Engineering, Management Studies, Applied Sciences","Minimum 60% aggregate in 10+2 (Physics, Chemistry, Mathematics/Biology)",122737 per semester,18046,2255,9105,Active Training and Placement Cell,Strictly for registered final-year students,92% in 2023,11.9 Lakh Per Annum,15.6 Lakh Per Annum,3.1 Lakh Per Annum,"TCS, Infosys, Wipro, Cognizant, Amazon, Microsoft",Minimum 6.0 CGPA with no active backlogs,Mandatory 6-week summer internship,Stipend based on company selection,"Yes, across major city routes",31582,Over 15 designated routes,7:30 AM to 5:30 PM,Central Air-Conditioned Library,"Reading Room, Reference Section, Digital Access",208926,Available with remote access,"IEEE, Springer, ScienceDirect",8:00 AM to 8:00 PM,"Yes, for Boys and Girls",Available with 500+ capacity,Available with 300+ capacity,58506,40816,9:30 PM,Prior permission from Warden required,Strict anti-ragging policies enforced,"Yes, indoor and outdoor facilities","Football ground, Cricket pitch, Basketball courts","Table Tennis, Badminton, Chess","Football, Cricket, Volleyball, Athletics",Well-equipped modern gymnasium,Semester System (CBCS),Minimum 75% attendance mandatory,25% weightage,75% weightage,Minimum 40% aggregate required to pass,Conducted within 1 month of result declaration,Available for a maximum of 3 subjects,Maximum 4 backlogs allowed to promote to next year,Merit-based and Category-based scholarships available,Dedicated Student Counselling Centre,"Technical, Cultural, and Sports Clubs",Anti-Ragging Squad and Grievance Cell,End-semester anonymous feedback system,4.1/5,4.6/5,3.7/5,4.3/5,4.8/5,4.0/5,4.0/5
UNI066,Central Agricultural University,nan,http://www.cau.org.in/,1992,UGC Recognized,NAAC 'A' Grade,27,"Engineering: CSE, Mechanical | Management: MBA, BBA | Science: B.Sc, M.Sc","B.Tech CSE, MBA Finance, B.Sc","Computer Science, Mechanical Engineering, Civil Engineering, Management Studies, Applied Sciences","Minimum 60% aggregate in 10+2 (Physics, Chemistry, Mathematics/Biology)",60519 per semester,14441,4658,3065,Active Training and Placement Cell,Strictly for registered final-year students,94% in 2023,9.5 Lakh Per Annum,18.0 Lakh Per Annum,3.7 Lakh Per Annum,"TCS, Infosys, Wipro, Cognizant, Amazon, Microsoft",Minimum 6.0 CGPA with no active backlogs,Mandatory 6-week summer internship,Stipend based on company selection,"Yes, across major city routes",18398,Over 15 designated routes,7:30 AM to 5:30 PM,Central Air-Conditioned Library,"Reading Room, Reference Section, Digital Access",175750,Available with remote access,"IEEE, Springer, ScienceDirect",8:00 AM to 8:00 PM,"Yes, for Boys and Girls",Available with 500+ capacity,Available with 300+ capacity,50056,40990,9:30 PM,Prior permission from Warden required,Strict anti-ragging policies enforced,"Yes, indoor and outdoor facilities","Football ground, Cricket pitch, Basketball courts","Table Tennis, Badminton, Chess","Football, Cricket, Volleyball, Athletics",Well-equipped modern gymnasium,Semester System (CBCS),Minimum 75% attendance mandatory,25% weightage,75% weightage,Minimum 40% aggregate required to pass,Conducted within 1 month of result declaration,Available for a maximum of 3 subjects,Maximum 4 backlogs allowed to promote to next year,Merit-based and Category-based scholarships available,Dedicated Student Counselling Centre,"Technical, Cultural, and Sports Clubs",Anti-Ragging Squad and Grievance Cell,End-semester anonymous feedback system,4.0/5,4.5/5,4.5/5,3.9/5,4.7/5,4.0/5,4.4/5
UNI067,Chaudhary Charan Singh University,nan,http://www.ccsuniversity.ac.in/,1941,UGC Recognized,NAAC 'A' Grade,56,"Engineering: CSE, Mechanical | Management: MBA, BBA | Science: B.Sc, M.Sc","B.Tech CSE, MBA Finance, B.Sc","Computer Science, Mechanical Engineering, Civil Engineering, Management Studies, Applied Sciences","Minimum 60% aggregate in 10+2 (Physics, Chemistry, Mathematics/Biology)",122913 per semester,10603,3891,2388,Active Training and Placement Cell,Strictly for registered final-year students,82% in 2023,5.3 Lakh Per Annum,41.4 Lakh Per Annum,3.2 Lakh Per Annum,"TCS, Infosys, Wipro, Cognizant, Amazon, Microsoft",Minimum 6.0 CGPA with no active backlogs,Mandatory 6-week summer internship,Stipend based on company selection,"Yes, across major city routes",18339,Over 15 designated routes,7:30 AM to 5:30 PM,Central Air-Conditioned Library,"Reading Room, Reference Section, Digital Access",134549,Available with remote access,"IEEE, Springer, ScienceDirect",8:00 AM to 8:00 PM,"Yes, for Boys and Girls",Available with 500+ capacity,Available with 300+ capacity,80051,26052,9:30 PM,Prior permission from Warden required,Strict anti-ragging policies enforced,"Yes, indoor and outdoor facilities","Football ground, Cricket pitch, Basketball courts","Table Tennis, Badminton, Chess","Football, Cricket, Volleyball, Athletics",Well-equipped modern gymnasium,Semester System (CBCS),Minimum 75% attendance mandatory,25% weightage,75% weightage,Minimum 40% aggregate required to pass,Conducted within 1 month of result declaration,Available for a maximum of 3 subjects,Maximum 4 backlogs allowed to promote to next year,Merit-based and Category-based scholarships available,Dedicated Student Counselling Centre,"Technical, Cultural, and Sports Clubs",Anti-Ragging Squad and Grievance Cell,End-semester anonymous feedback system,4.2/5,4.2/5,4.2/5,4.5/5,4.5/5,4.0/5,4.7/5
UNI068,Ch. Charan Singh University,nan,http://www.ccsuniversity.org/,1979,UGC Recognized,NAAC 'A' Grade,65,"Engineering: CSE, Mechanical | Management: MBA, BBA | Science: B.Sc, M.Sc","B.Tech CSE, MBA Finance, B.Sc","Computer Science, Mechanical Engineering, Civil Engineering, Management Studies, Applied Sciences","Minimum 60% aggregate in 10+2 (Physics, Chemistry, Mathematics/Biology)",126157 per semester,11037,2434,5264,Active Training and Placement Cell,Strictly for registered final-year students,90% in 2023,9.6 Lakh Per Annum,32.7 Lakh Per Annum,2.8 Lakh Per Annum,"TCS, Infosys, Wipro, Cognizant, Amazon, Microsoft",Minimum 6.0 CGPA with no active backlogs,Mandatory 6-week summer internship,Stipend based on company selection,"Yes, across major city routes",17765,Over 15 designated routes,7:30 AM to 5:30 PM,Central Air-Conditioned Library,"Reading Room, Reference Section, Digital Access",208352,Available with remote access,"IEEE, Springer, ScienceDirect",8:00 AM to 8:00 PM,"Yes, for Boys and Girls",Available with 500+ capacity,Available with 300+ capacity,62902,43538,9:30 PM,Prior permission from Warden required,Strict anti-ragging policies enforced,"Yes, indoor and outdoor facilities","Football ground, Cricket pitch, Basketball courts","Table Tennis, Badminton, Chess","Football, Cricket, Volleyball, Athletics",Well-equipped modern gymnasium,Semester System (CBCS),Minimum 75% attendance mandatory,25% weightage,75% weightage,Minimum 40% aggregate required to pass,Conducted within 1 month of result declaration,Available for a maximum of 3 subjects,Maximum 4 backlogs allowed to promote to next year,Merit-based and Category-based scholarships available,Dedicated Student Counselling Centre,"Technical, Cultural, and Sports Clubs",Anti-Ragging Squad and Grievance Cell,End-semester anonymous feedback system,4.0/5,4.0/5,4.3/5,4.2/5,4.6/5,4.5/5,4.0/5
UNI069,Center for Entrepreneurship and Small Business Management,nan,http://www.cesbm.ac.in/,1996,UGC Recognized,NAAC 'A' Grade,110,"Management: MBA (Finance, Marketing, HR), BBA","B.Tech CSE, MBA Finance, B.Sc","Computer Science, Mechanical Engineering, Civil Engineering, Management Studies, Applied Sciences","Minimum 60% aggregate in 10+2 (Physics, Chemistry, Mathematics/Biology)",117459 per semester,23012,4408,9067,Active Training and Placement Cell,Strictly for registered final-year students,96% in 2023,7.9 Lakh Per Annum,30.1 Lakh Per Annum,3.3 Lakh Per Annum,"TCS, Infosys, Wipro, Cognizant, Amazon, Microsoft",Minimum 6.0 CGPA with no active backlogs,Mandatory 6-week summer internship,Stipend based on company selection,"Yes, across major city routes",30427,Over 15 designated routes,7:30 AM to 5:30 PM,Central Air-Conditioned Library,"Reading Room, Reference Section, Digital Access",248897,Available with remote access,"IEEE, Springer, ScienceDirect",8:00 AM to 8:00 PM,"Yes, for Boys and Girls",Available with 500+ capacity,Available with 300+ capacity,77922,31873,9:30 PM,Prior permission from Warden required,Strict anti-ragging policies enforced,"Yes, indoor and outdoor facilities","Football ground, Cricket pitch, Basketball courts","Table Tennis, Badminton, Chess","Football, Cricket, Volleyball, Athletics",Well-equipped modern gymnasium,Semester System (CBCS),Minimum 75% attendance mandatory,25% weightage,75% weightage,Minimum 40% aggregate required to pass,Conducted within 1 month of result declaration,Available for a maximum of 3 subjects,Maximum 4 backlogs allowed to promote to next year,Merit-based and Category-based scholarships available,Dedicated Student Counselling Centre,"Technical, Cultural, and Sports Clubs",Anti-Ragging Squad and Grievance Cell,End-semester anonymous feedback system,4.5/5,3.9/5,4.2/5,4.0/5,4.6/5,4.3/5,4.8/5
UNI070,Christ University,Karnataka,http://www.christuniversity.in/,2010,UGC Recognized,NAAC 'A' Grade,141,"Engineering: CSE, Mechanical | Management: MBA, BBA | Science: B.Sc, M.Sc","B.Tech CSE, MBA Finance, B.Sc","Computer Science, Mechanical Engineering, Civil Engineering, Management Studies, Applied Sciences","Minimum 60% aggregate in 10+2 (Physics, Chemistry, Mathematics/Biology)",87928 per semester,15655,2084,6136,Active Training and Placement Cell,Strictly for registered final-year students,95% in 2023,7.7 Lakh Per Annum,19.0 Lakh Per Annum,2.8 Lakh Per Annum,"TCS, Infosys, Wipro, Cognizant, Amazon, Microsoft",Minimum 6.0 CGPA with no active backlogs,Mandatory 6-week summer internship,Stipend based on company selection,"Yes, across major city routes",16273,Over 15 designated routes,7:30 AM to 5:30 PM,Central Air-Conditioned Library,"Reading Room, Reference Section, Digital Access",92303,Available with remote access,"IEEE, Springer, ScienceDirect",8:00 AM to 8:00 PM,"Yes, for Boys and Girls",Available with 500+ capacity,Available with 300+ capacity,68590,27286,9:30 PM,Prior permission from Warden required,Strict anti-ragging policies enforced,"Yes, indoor and outdoor facilities","Football ground, Cricket pitch, Basketball courts","Table Tennis, Badminton, Chess","Football, Cricket, Volleyball, Athletics",Well-equipped modern gymnasium,Semester System (CBCS),Minimum 75% attendance mandatory,25% weightage,75% weightage,Minimum 40% aggregate required to pass,Conducted within 1 month of result declaration,Available for a maximum of 3 subjects,Maximum 4 backlogs allowed to promote to next year,Merit-based and Category-based scholarships available,Dedicated Student Counselling Centre,"Technical, Cultural, and Sports Clubs",Anti-Ragging Squad and Grievance Cell,End-semester anonymous feedback system,4.2/5,4.0/5,4.5/5,4.6/5,4.6/5,4.4/5,4.2/5
UNI071,Central Institute of English and Foreign Languages,nan,http://www.ciefl.org/,1969,UGC Recognized,NAAC 'A' Grade,58,"Engineering: CSE, Mechanical | Management: MBA, BBA | Science: B.Sc, M.Sc","B.Tech CSE, MBA Finance, B.Sc","Computer Science, Mechanical Engineering, Civil Engineering, Management Studies, Applied Sciences","Minimum 60% aggregate in 10+2 (Physics, Chemistry, Mathematics/Biology)",48852 per semester,16426,4263,7320,Active Training and Placement Cell,Strictly for registered final-year students,77% in 2023,5.8 Lakh Per Annum,31.0 Lakh Per Annum,3.2 Lakh Per Annum,"TCS, Infosys, Wipro, Cognizant, Amazon, Microsoft",Minimum 6.0 CGPA with no active backlogs,Mandatory 6-week summer internship,Stipend based on company selection,"Yes, across major city routes",20325,Over 15 designated routes,7:30 AM to 5:30 PM,Central Air-Conditioned Library,"Reading Room, Reference Section, Digital Access",183265,Available with remote access,"IEEE, Springer, ScienceDirect",8:00 AM to 8:00 PM,"Yes, for Boys and Girls",Available with 500+ capacity,Available with 300+ capacity,73454,39189,9:30 PM,Prior permission from Warden required,Strict anti-ragging policies enforced,"Yes, indoor and outdoor facilities","Football ground, Cricket pitch, Basketball courts","Table Tennis, Badminton, Chess","Football, Cricket, Volleyball, Athletics",Well-equipped modern gymnasium,Semester System (CBCS),Minimum 75% attendance mandatory,25% weightage,75% weightage,Minimum 40% aggregate required to pass,Conducted within 1 month of result declaration,Available for a maximum of 3 subjects,Maximum 4 backlogs allowed to promote to next year,Merit-based and Category-based scholarships available,Dedicated Student Counselling Centre,"Technical, Cultural, and Sports Clubs",Anti-Ragging Squad and Grievance Cell,End-semester anonymous feedback system,4.3/5,3.9/5,3.8/5,3.8/5,4.6/5,4.1/5,4.1/5
UNI072,Central Institute of Fisheries Education,nan,http://www.cife.edu.in/,1985,UGC Recognized,NAAC 'A' Grade,31,"Engineering: CSE, Mechanical | Management: MBA, BBA | Science: B.Sc, M.Sc","B.Tech CSE, MBA Finance, B.Sc","Computer Science, Mechanical Engineering, Civil Engineering, Management Studies, Applied Sciences","Minimum 60% aggregate in 10+2 (Physics, Chemistry, Mathematics/Biology)",55537 per semester,19090,4241,4413,Active Training and Placement Cell,Strictly for registered final-year students,89% in 2023,4.3 Lakh Per Annum,30.9 Lakh Per Annum,3.1 Lakh Per Annum,"TCS, Infosys, Wipro, Cognizant, Amazon, Microsoft",Minimum 6.0 CGPA with no active backlogs,Mandatory 6-week summer internship,Stipend based on company selection,"Yes, across major city routes",33415,Over 15 designated routes,7:30 AM to 5:30 PM,Central Air-Conditioned Library,"Reading Room, Reference Section, Digital Access",243880,Available with remote access,"IEEE, Springer, ScienceDirect",8:00 AM to 8:00 PM,"Yes, for Boys and Girls",Available with 500+ capacity,Available with 300+ capacity,74389,37825,9:30 PM,Prior permission from Warden required,Strict anti-ragging policies enforced,"Yes, indoor and outdoor facilities","Football ground, Cricket pitch, Basketball courts","Table Tennis, Badminton, Chess","Football, Cricket, Volleyball, Athletics",Well-equipped modern gymnasium,Semester System (CBCS),Minimum 75% attendance mandatory,25% weightage,75% weightage,Minimum 40% aggregate required to pass,Conducted within 1 month of result declaration,Available for a maximum of 3 subjects,Maximum 4 backlogs allowed to promote to next year,Merit-based and Category-based scholarships available,Dedicated Student Counselling Centre,"Technical, Cultural, and Sports Clubs",Anti-Ragging Squad and Grievance Cell,End-semester anonymous feedback system,4.6/5,4.4/5,3.6/5,4.5/5,4.8/5,4.7/5,4.6/5
UNI073,Central Institute of Higher Tibetan Studies,nan,http://www.cihts.ac.in/,1949,UGC Recognized,NAAC 'A' Grade,83,"Engineering: CSE, Mechanical | Management: MBA, BBA | Science: B.Sc, M.Sc","B.Tech CSE, MBA Finance, B.Sc","Computer Science, Mechanical Engineering, Civil Engineering, Management Studies, Applied Sciences","Minimum 60% aggregate in 10+2 (Physics, Chemistry, Mathematics/Biology)",142853 per semester,7845,4680,2067,Active Training and Placement Cell,Strictly for registered final-year students,88% in 2023,4.3 Lakh Per Annum,39.6 Lakh Per Annum,3.6 Lakh Per Annum,"TCS, Infosys, Wipro, Cognizant, Amazon, Microsoft",Minimum 6.0 CGPA with no active backlogs,Mandatory 6-week summer internship,Stipend based on company selection,"Yes, across major city routes",24924,Over 15 designated routes,7:30 AM to 5:30 PM,Central Air-Conditioned Library,"Reading Room, Reference Section, Digital Access",75967,Available with remote access,"IEEE, Springer, ScienceDirect",8:00 AM to 8:00 PM,"Yes, for Boys and Girls",Available with 500+ capacity,Available with 300+ capacity,67585,38233,9:30 PM,Prior permission from Warden required,Strict anti-ragging policies enforced,"Yes, indoor and outdoor facilities","Football ground, Cricket pitch, Basketball courts","Table Tennis, Badminton, Chess","Football, Cricket, Volleyball, Athletics",Well-equipped modern gymnasium,Semester System (CBCS),Minimum 75% attendance mandatory,25% weightage,75% weightage,Minimum 40% aggregate required to pass,Conducted within 1 month of result declaration,Available for a maximum of 3 subjects,Maximum 4 backlogs allowed to promote to next year,Merit-based and Category-based scholarships available,Dedicated Student Counselling Centre,"Technical, Cultural, and Sports Clubs",Anti-Ragging Squad and Grievance Cell,End-semester anonymous feedback system,4.6/5,4.1/5,4.0/5,4.0/5,4.8/5,4.0/5,4.2/5
UNI074,CMJ University,nan,http://www.cmjuniversity.edu.in/,1985,UGC Recognized,NAAC 'A' Grade,31,"Engineering: CSE, Mechanical | Management: MBA, BBA | Science: B.Sc, M.Sc","B.Tech CSE, MBA Finance, B.Sc","Computer Science, Mechanical Engineering, Civil Engineering, Management Studies, Applied Sciences","Minimum 60% aggregate in 10+2 (Physics, Chemistry, Mathematics/Biology)",106553 per semester,24630,2224,8334,Active Training and Placement Cell,Strictly for registered final-year students,92% in 2023,10.9 Lakh Per Annum,33.7 Lakh Per Annum,3.0 Lakh Per Annum,"TCS, Infosys, Wipro, Cognizant, Amazon, Microsoft",Minimum 6.0 CGPA with no active backlogs,Mandatory 6-week summer internship,Stipend based on company selection,"Yes, across major city routes",29651,Over 15 designated routes,7:30 AM to 5:30 PM,Central Air-Conditioned Library,"Reading Room, Reference Section, Digital Access",98938,Available with remote access,"IEEE, Springer, ScienceDirect",8:00 AM to 8:00 PM,"Yes, for Boys and Girls",Available with 500+ capacity,Available with 300+ capacity,79366,39896,9:30 PM,Prior permission from Warden required,Strict anti-ragging policies enforced,"Yes, indoor and outdoor facilities","Football ground, Cricket pitch, Basketball courts","Table Tennis, Badminton, Chess","Football, Cricket, Volleyball, Athletics",Well-equipped modern gymnasium,Semester System (CBCS),Minimum 75% attendance mandatory,25% weightage,75% weightage,Minimum 40% aggregate required to pass,Conducted within 1 month of result declaration,Available for a maximum of 3 subjects,Maximum 4 backlogs allowed to promote to next year,Merit-based and Category-based scholarships available,Dedicated Student Counselling Centre,"Technical, Cultural, and Sports Clubs",Anti-Ragging Squad and Grievance Cell,End-semester anonymous feedback system,4.1/5,4.4/5,3.7/5,4.0/5,4.8/5,4.4/5,4.0/5
UNI075,Chandra Shekhar Azad University of Agriculture and Technology,nan,http://www.csauk.ac.in/,1959,UGC Recognized,NAAC 'A' Grade,130,"Engineering: Computer Science (CSE), Civil, Mechanical, ICT","B.Tech CSE, MBA Finance, B.Sc","Computer Science, Mechanical Engineering, Civil Engineering, Management Studies, Applied Sciences","Minimum 60% aggregate in 10+2 (Physics, Chemistry, Mathematics/Biology)",40745 per semester,23952,2627,2155,Active Training and Placement Cell,Strictly for registered final-year students,98% in 2023,4.3 Lakh Per Annum,24.3 Lakh Per Annum,2.5 Lakh Per Annum,"TCS, Infosys, Wipro, Cognizant, Amazon, Microsoft",Minimum 6.0 CGPA with no active backlogs,Mandatory 6-week summer internship,Stipend based on company selection,"Yes, across major city routes",26994,Over 15 designated routes,7:30 AM to 5:30 PM,Central Air-Conditioned Library,"Reading Room, Reference Section, Digital Access",228887,Available with remote access,"IEEE, Springer, ScienceDirect",8:00 AM to 8:00 PM,"Yes, for Boys and Girls",Available with 500+ capacity,Available with 300+ capacity,49370,43856,9:30 PM,Prior permission from Warden required,Strict anti-ragging policies enforced,"Yes, indoor and outdoor facilities","Football ground, Cricket pitch, Basketball courts","Table Tennis, Badminton, Chess","Football, Cricket, Volleyball, Athletics",Well-equipped modern gymnasium,Semester System (CBCS),Minimum 75% attendance mandatory,25% weightage,75% weightage,Minimum 40% aggregate required to pass,Conducted within 1 month of result declaration,Available for a maximum of 3 subjects,Maximum 4 backlogs allowed to promote to next year,Merit-based and Category-based scholarships available,Dedicated Student Counselling Centre,"Technical, Cultural, and Sports Clubs",Anti-Ragging Squad and Grievance Cell,End-semester anonymous feedback system,4.7/5,4.7/5,3.9/5,4.1/5,4.4/5,4.5/5,4.3/5
UNI076,Cochin University of Science and Technology,Kerala,http://www.cusat.ac.in/,1967,UGC Recognized,NAAC 'A' Grade,117,"Engineering: Computer Science (CSE), Civil, Mechanical, ICT","B.Tech CSE, MBA Finance, B.Sc","Computer Science, Mechanical Engineering, Civil Engineering, Management Studies, Applied Sciences","Minimum 60% aggregate in 10+2 (Physics, Chemistry, Mathematics/Biology)",114880 per semester,21912,4355,3323,Active Training and Placement Cell,Strictly for registered final-year students,83% in 2023,4.7 Lakh Per Annum,27.8 Lakh Per Annum,2.5 Lakh Per Annum,"TCS, Infosys, Wipro, Cognizant, Amazon, Microsoft",Minimum 6.0 CGPA with no active backlogs,Mandatory 6-week summer internship,Stipend based on company selection,"Yes, across major city routes",34435,Over 15 designated routes,7:30 AM to 5:30 PM,Central Air-Conditioned Library,"Reading Room, Reference Section, Digital Access",83751,Available with remote access,"IEEE, Springer, ScienceDirect",8:00 AM to 8:00 PM,"Yes, for Boys and Girls",Available with 500+ capacity,Available with 300+ capacity,58330,39442,9:30 PM,Prior permission from Warden required,Strict anti-ragging policies enforced,"Yes, indoor and outdoor facilities","Football ground, Cricket pitch, Basketball courts","Table Tennis, Badminton, Chess","Football, Cricket, Volleyball, Athletics",Well-equipped modern gymnasium,Semester System (CBCS),Minimum 75% attendance mandatory,25% weightage,75% weightage,Minimum 40% aggregate required to pass,Conducted within 1 month of result declaration,Available for a maximum of 3 subjects,Maximum 4 backlogs allowed to promote to next year,Merit-based and Category-based scholarships available,Dedicated Student Counselling Centre,"Technical, Cultural, and Sports Clubs",Anti-Ragging Squad and Grievance Cell,End-semester anonymous feedback system,4.6/5,3.8/5,4.1/5,4.2/5,4.5/5,4.4/5,4.4/5
UNI077,Dr. C.V. Raman University,nan,http://www.cvru.ac.in/,1946,UGC Recognized,NAAC 'A' Grade,69,"Engineering: CSE, Mechanical | Management: MBA, BBA | Science: B.Sc, M.Sc","B.Tech CSE, MBA Finance, B.Sc","Computer Science, Mechanical Engineering, Civil Engineering, Management Studies, Applied Sciences","Minimum 60% aggregate in 10+2 (Physics, Chemistry, Mathematics/Biology)",72819 per semester,18671,4337,9967,Active Training and Placement Cell,Strictly for registered final-year students,91% in 2023,11.5 Lakh Per Annum,19.4 Lakh Per Annum,3.2 Lakh Per Annum,"TCS, Infosys, Wipro, Cognizant, Amazon, Microsoft",Minimum 6.0 CGPA with no active backlogs,Mandatory 6-week summer internship,Stipend based on company selection,"Yes, across major city routes",31611,Over 15 designated routes,7:30 AM to 5:30 PM,Central Air-Conditioned Library,"Reading Room, Reference Section, Digital Access",181246,Available with remote access,"IEEE, Springer, ScienceDirect",8:00 AM to 8:00 PM,"Yes, for Boys and Girls",Available with 500+ capacity,Available with 300+ capacity,50546,28144,9:30 PM,Prior permission from Warden required,Strict anti-ragging policies enforced,"Yes, indoor and outdoor facilities","Football ground, Cricket pitch, Basketball courts","Table Tennis, Badminton, Chess","Football, Cricket, Volleyball, Athletics",Well-equipped modern gymnasium,Semester System (CBCS),Minimum 75% attendance mandatory,25% weightage,75% weightage,Minimum 40% aggregate required to pass,Conducted within 1 month of result declaration,Available for a maximum of 3 subjects,Maximum 4 backlogs allowed to promote to next year,Merit-based and Category-based scholarships available,Dedicated Student Counselling Centre,"Technical, Cultural, and Sports Clubs",Anti-Ragging Squad and Grievance Cell,End-semester anonymous feedback system,4.4/5,4.1/5,3.9/5,3.9/5,4.9/5,4.7/5,4.4/5
UNI078,Dhirubhai Ambani Institute of Information and Communication Technology,nan,http://www.da-iict.org/,1942,UGC Recognized,NAAC 'A' Grade,31,"Engineering: Computer Science (CSE), Civil, Mechanical, ICT","B.Tech CSE, MBA Finance, B.Sc","Computer Science, Mechanical Engineering, Civil Engineering, Management Studies, Applied Sciences","Minimum 60% aggregate in 10+2 (Physics, Chemistry, Mathematics/Biology)",48551 per semester,11807,3573,7738,Active Training and Placement Cell,Strictly for registered final-year students,92% in 2023,5.4 Lakh Per Annum,41.5 Lakh Per Annum,2.9 Lakh Per Annum,"TCS, Infosys, Wipro, Cognizant, Amazon, Microsoft",Minimum 6.0 CGPA with no active backlogs,Mandatory 6-week summer internship,Stipend based on company selection,"Yes, across major city routes",18877,Over 15 designated routes,7:30 AM to 5:30 PM,Central Air-Conditioned Library,"Reading Room, Reference Section, Digital Access",145733,Available with remote access,"IEEE, Springer, ScienceDirect",8:00 AM to 8:00 PM,"Yes, for Boys and Girls",Available with 500+ capacity,Available with 300+ capacity,58718,44064,9:30 PM,Prior permission from Warden required,Strict anti-ragging policies enforced,"Yes, indoor and outdoor facilities","Football ground, Cricket pitch, Basketball courts","Table Tennis, Badminton, Chess","Football, Cricket, Volleyball, Athletics",Well-equipped modern gymnasium,Semester System (CBCS),Minimum 75% attendance mandatory,25% weightage,75% weightage,Minimum 40% aggregate required to pass,Conducted within 1 month of result declaration,Available for a maximum of 3 subjects,Maximum 4 backlogs allowed to promote to next year,Merit-based and Category-based scholarships available,Dedicated Student Counselling Centre,"Technical, Cultural, and Sports Clubs",Anti-Ragging Squad and Grievance Cell,End-semester anonymous feedback system,4.2/5,4.0/5,3.6/5,4.1/5,4.7/5,4.6/5,4.5/5
UNI079,Darul Huda Islamic University,nan,http://www.darulhuda.com/,1944,UGC Recognized,NAAC 'A' Grade,48,"Engineering: CSE, Mechanical | Management: MBA, BBA | Science: B.Sc, M.Sc","B.Tech CSE, MBA Finance, B.Sc","Computer Science, Mechanical Engineering, Civil Engineering, Management Studies, Applied Sciences","Minimum 60% aggregate in 10+2 (Physics, Chemistry, Mathematics/Biology)",140477 per semester,9811,4680,9544,Active Training and Placement Cell,Strictly for registered final-year students,75% in 2023,11.5 Lakh Per Annum,43.2 Lakh Per Annum,2.8 Lakh Per Annum,"TCS, Infosys, Wipro, Cognizant, Amazon, Microsoft",Minimum 6.0 CGPA with no active backlogs,Mandatory 6-week summer internship,Stipend based on company selection,"Yes, across major city routes",19176,Over 15 designated routes,7:30 AM to 5:30 PM,Central Air-Conditioned Library,"Reading Room, Reference Section, Digital Access",182892,Available with remote access,"IEEE, Springer, ScienceDirect",8:00 AM to 8:00 PM,"Yes, for Boys and Girls",Available with 500+ capacity,Available with 300+ capacity,58223,35850,9:30 PM,Prior permission from Warden required,Strict anti-ragging policies enforced,"Yes, indoor and outdoor facilities","Football ground, Cricket pitch, Basketball courts","Table Tennis, Badminton, Chess","Football, Cricket, Volleyball, Athletics",Well-equipped modern gymnasium,Semester System (CBCS),Minimum 75% attendance mandatory,25% weightage,75% weightage,Minimum 40% aggregate required to pass,Conducted within 1 month of result declaration,Available for a maximum of 3 subjects,Maximum 4 backlogs allowed to promote to next year,Merit-based and Category-based scholarships available,Dedicated Student Counselling Centre,"Technical, Cultural, and Sports Clubs",Anti-Ragging Squad and Grievance Cell,End-semester anonymous feedback system,4.3/5,4.0/5,4.2/5,4.0/5,4.9/5,4.4/5,4.1/5
UNI080,Dav University,nan,http://www.davuniversity.org/,2007,UGC Recognized,NAAC 'A' Grade,82,"Engineering: CSE, Mechanical | Management: MBA, BBA | Science: B.Sc, M.Sc","B.Tech CSE, MBA Finance, B.Sc","Computer Science, Mechanical Engineering, Civil Engineering, Management Studies, Applied Sciences","Minimum 60% aggregate in 10+2 (Physics, Chemistry, Mathematics/Biology)",2026 per semester,16439,4412,2502,Active Training and Placement Cell,Strictly for registered final-year students,97% in 2023,9.1 Lakh Per Annum,26.3 Lakh Per Annum,3.7 Lakh Per Annum,"TCS, Infosys, Wipro, Cognizant, Amazon, Microsoft",Minimum 6.0 CGPA with no active backlogs,Mandatory 6-week summer internship,Stipend based on company selection,"Yes, across major city routes",18331,Over 15 designated routes,7:30 AM to 5:30 PM,Central Air-Conditioned Library,"Reading Room, Reference Section, Digital Access",156287,Available with remote access,"IEEE, Springer, ScienceDirect",8:00 AM to 8:00 PM,"Yes, for Boys and Girls",Available with 500+ capacity,Available with 300+ capacity,2026,37324,9:30 PM,Prior permission from Warden required,Strict anti-ragging policies enforced,"Yes, indoor and outdoor facilities","Football ground, Cricket pitch, Basketball courts","Table Tennis, Badminton, Chess","Football, Cricket, Volleyball, Athletics",Well-equipped modern gymnasium,Semester System (CBCS),Minimum 75% attendance mandatory,25% weightage,75% weightage,Minimum 40% aggregate required to pass,Conducted within 1 month of result declaration,Available for a maximum of 3 subjects,Maximum 4 backlogs allowed to promote to next year,Merit-based and Category-based scholarships available,Dedicated Student Counselling Centre,"Technical, Cultural, and Sports Clubs",Anti-Ragging Squad and Grievance Cell,End-semester anonymous feedback system,4.1/5,4.4/5,4.1/5,4.5/5,4.9/5,4.7/5,4.4/5
UNI081,Devi Ahilya University of Indore,nan,http://www.davv.ac.in/,1951,UGC Recognized,NAAC 'A' Grade,61,"Engineering: CSE, Mechanical | Management: MBA, BBA | Science: B.Sc, M.Sc","B.Tech CSE, MBA Finance, B.Sc","Computer Science, Mechanical Engineering, Civil Engineering, Management Studies, Applied Sciences","Minimum 60% aggregate in 10+2 (Physics, Chemistry, Mathematics/Biology)",63455 per semester,8971,3379,3973,Active Training and Placement Cell,Strictly for registered final-year students,98% in 2023,5.0 Lakh Per Annum,20.2 Lakh Per Annum,3.9 Lakh Per Annum,"TCS, Infosys, Wipro, Cognizant, Amazon, Microsoft",Minimum 6.0 CGPA with no active backlogs,Mandatory 6-week summer internship,Stipend based on company selection,"Yes, across major city routes",34243,Over 15 designated routes,7:30 AM to 5:30 PM,Central Air-Conditioned Library,"Reading Room, Reference Section, Digital Access",142689,Available with remote access,"IEEE, Springer, ScienceDirect",8:00 AM to 8:00 PM,"Yes, for Boys and Girls",Available with 500+ capacity,Available with 300+ capacity,49255,37236,9:30 PM,Prior permission from Warden required,Strict anti-ragging policies enforced,"Yes, indoor and outdoor facilities","Football ground, Cricket pitch, Basketball courts","Table Tennis, Badminton, Chess","Football, Cricket, Volleyball, Athletics",Well-equipped modern gymnasium,Semester System (CBCS),Minimum 75% attendance mandatory,25% weightage,75% weightage,Minimum 40% aggregate required to pass,Conducted within 1 month of result declaration,Available for a maximum of 3 subjects,Maximum 4 backlogs allowed to promote to next year,Merit-based and Category-based scholarships available,Dedicated Student Counselling Centre,"Technical, Cultural, and Sports Clubs",Anti-Ragging Squad and Grievance Cell,End-semester anonymous feedback system,4.0/5,4.0/5,3.6/5,4.6/5,4.3/5,4.3/5,4.1/5
UNI082,Dr. Babasaheb Ambedkar Technological University,nan,http://www.dbatechuni.org/,2008,UGC Recognized,NAAC 'A' Grade,102,"Engineering: Computer Science (CSE), Civil, Mechanical, ICT","B.Tech CSE, MBA Finance, B.Sc","Computer Science, Mechanical Engineering, Civil Engineering, Management Studies, Applied Sciences","Minimum 60% aggregate in 10+2 (Physics, Chemistry, Mathematics/Biology)",91154 per semester,18958,4495,4169,Active Training and Placement Cell,Strictly for registered final-year students,97% in 2023,8.9 Lakh Per Annum,23.3 Lakh Per Annum,3.1 Lakh Per Annum,"TCS, Infosys, Wipro, Cognizant, Amazon, Microsoft",Minimum 6.0 CGPA with no active backlogs,Mandatory 6-week summer internship,Stipend based on company selection,"Yes, across major city routes",24817,Over 15 designated routes,7:30 AM to 5:30 PM,Central Air-Conditioned Library,"Reading Room, Reference Section, Digital Access",228946,Available with remote access,"IEEE, Springer, ScienceDirect",8:00 AM to 8:00 PM,"Yes, for Boys and Girls",Available with 500+ capacity,Available with 300+ capacity,83093,40912,9:30 PM,Prior permission from Warden required,Strict anti-ragging policies enforced,"Yes, indoor and outdoor facilities","Football ground, Cricket pitch, Basketball courts","Table Tennis, Badminton, Chess","Football, Cricket, Volleyball, Athletics",Well-equipped modern gymnasium,Semester System (CBCS),Minimum 75% attendance mandatory,25% weightage,75% weightage,Minimum 40% aggregate required to pass,Conducted within 1 month of result declaration,Available for a maximum of 3 subjects,Maximum 4 backlogs allowed to promote to next year,Merit-based and Category-based scholarships available,Dedicated Student Counselling Centre,"Technical, Cultural, and Sports Clubs",Anti-Ragging Squad and Grievance Cell,End-semester anonymous feedback system,4.4/5,4.6/5,3.8/5,3.9/5,4.9/5,4.6/5,4.6/5
UNI083,Konkan Agricultural University,nan,http://www.dbskkv.org/,1999,UGC Recognized,NAAC 'A' Grade,130,"Engineering: CSE, Mechanical | Management: MBA, BBA | Science: B.Sc, M.Sc","B.Tech CSE, MBA Finance, B.Sc","Computer Science, Mechanical Engineering, Civil Engineering, Management Studies, Applied Sciences","Minimum 60% aggregate in 10+2 (Physics, Chemistry, Mathematics/Biology)",57227 per semester,6520,2856,7936,Active Training and Placement Cell,Strictly for registered final-year students,86% in 2023,9.3 Lakh Per Annum,43.4 Lakh Per Annum,2.6 Lakh Per Annum,"TCS, Infosys, Wipro, Cognizant, Amazon, Microsoft",Minimum 6.0 CGPA with no active backlogs,Mandatory 6-week summer internship,Stipend based on company selection,"Yes, across major city routes",29829,Over 15 designated routes,7:30 AM to 5:30 PM,Central Air-Conditioned Library,"Reading Room, Reference Section, Digital Access",81661,Available with remote access,"IEEE, Springer, ScienceDirect",8:00 AM to 8:00 PM,"Yes, for Boys and Girls",Available with 500+ capacity,Available with 300+ capacity,79612,25775,9:30 PM,Prior permission from Warden required,Strict anti-ragging policies enforced,"Yes, indoor and outdoor facilities","Football ground, Cricket pitch, Basketball courts","Table Tennis, Badminton, Chess","Football, Cricket, Volleyball, Athletics",Well-equipped modern gymnasium,Semester System (CBCS),Minimum 75% attendance mandatory,25% weightage,75% weightage,Minimum 40% aggregate required to pass,Conducted within 1 month of result declaration,Available for a maximum of 3 subjects,Maximum 4 backlogs allowed to promote to next year,Merit-based and Category-based scholarships available,Dedicated Student Counselling Centre,"Technical, Cultural, and Sports Clubs",Anti-Ragging Squad and Grievance Cell,End-semester anonymous feedback system,4.3/5,4.4/5,3.6/5,4.2/5,4.5/5,4.4/5,4.5/5
UNI084,Tamil Nadu Agricultural University,Tamil Nadu,https://tnau.ac.in/,1980,UGC Recognized,NAAC 'A' Grade,53,"Engineering: CSE, Mechanical | Management: MBA, BBA | Science: B.Sc, M.Sc","B.Tech CSE, MBA Finance, B.Sc","Computer Science, Mechanical Engineering, Civil Engineering, Management Studies, Applied Sciences","Minimum 60% aggregate in 10+2 (Physics, Chemistry, Mathematics/Biology)",69744 per semester,24547,2418,6900,Active Training and Placement Cell,Strictly for registered final-year students,97% in 2023,5.6 Lakh Per Annum,19.5 Lakh Per Annum,2.8 Lakh Per Annum,"TCS, Infosys, Wipro, Cognizant, Amazon, Microsoft",Minimum 6.0 CGPA with no active backlogs,Mandatory 6-week summer internship,Stipend based on company selection,"Yes, across major city routes",19386,Over 15 designated routes,7:30 AM to 5:30 PM,Central Air-Conditioned Library,"Reading Room, Reference Section, Digital Access",92464,Available with remote access,"IEEE, Springer, ScienceDirect",8:00 AM to 8:00 PM,"Yes, for Boys and Girls",Available with 500+ capacity,Available with 300+ capacity,65360,25551,9:30 PM,Prior permission from Warden required,Strict anti-ragging policies enforced,"Yes, indoor and outdoor facilities","Football ground, Cricket pitch, Basketball courts","Table Tennis, Badminton, Chess","Football, Cricket, Volleyball, Athletics",Well-equipped modern gymnasium,Semester System (CBCS),Minimum 75% attendance mandatory,25% weightage,75% weightage,Minimum 40% aggregate required to pass,Conducted within 1 month of result declaration,Available for a maximum of 3 subjects,Maximum 4 backlogs allowed to promote to next year,Merit-based and Category-based scholarships available,Dedicated Student Counselling Centre,"Technical, Cultural, and Sports Clubs",Anti-Ragging Squad and Grievance Cell,End-semester anonymous feedback system,4.7/5,4.4/5,4.2/5,4.5/5,4.6/5,4.7/5,4.5/5
UNI085,Delhi College of Engineering (DCE),Delhi,http://www.dceonline.net/,1986,UGC Recognized,NAAC 'A' Grade,148,"Engineering: Computer Science (CSE), Civil, Mechanical, ICT","B.Tech CSE, MBA Finance, B.Sc","Computer Science, Mechanical Engineering, Civil Engineering, Management Studies, Applied Sciences","Minimum 60% aggregate in 10+2 (Physics, Chemistry, Mathematics/Biology)",130969 per semester,9680,3677,5195,Active Training and Placement Cell,Strictly for registered final-year students,84% in 2023,9.9 Lakh Per Annum,22.7 Lakh Per Annum,3.5 Lakh Per Annum,"TCS, Infosys, Wipro, Cognizant, Amazon, Microsoft",Minimum 6.0 CGPA with no active backlogs,Mandatory 6-week summer internship,Stipend based on company selection,"Yes, across major city routes",29404,Over 15 designated routes,7:30 AM to 5:30 PM,Central Air-Conditioned Library,"Reading Room, Reference Section, Digital Access",237049,Available with remote access,"IEEE, Springer, ScienceDirect",8:00 AM to 8:00 PM,"Yes, for Boys and Girls",Available with 500+ capacity,Available with 300+ capacity,62635,39419,9:30 PM,Prior permission from Warden required,Strict anti-ragging policies enforced,"Yes, indoor and outdoor facilities","Football ground, Cricket pitch, Basketball courts","Table Tennis, Badminton, Chess","Football, Cricket, Volleyball, Athletics",Well-equipped modern gymnasium,Semester System (CBCS),Minimum 75% attendance mandatory,25% weightage,75% weightage,Minimum 40% aggregate required to pass,Conducted within 1 month of result declaration,Available for a maximum of 3 subjects,Maximum 4 backlogs allowed to promote to next year,Merit-based and Category-based scholarships available,Dedicated Student Counselling Centre,"Technical, Cultural, and Sports Clubs",Anti-Ragging Squad and Grievance Cell,End-semester anonymous feedback system,4.2/5,4.2/5,4.2/5,4.1/5,4.8/5,4.7/5,4.5/5
UNI086,Deen Dayal Upadhyay Gorakhpur University,nan,http://www.ddugu.edu.in/,2005,UGC Recognized,NAAC 'A' Grade,132,"Engineering: CSE, Mechanical | Management: MBA, BBA | Science: B.Sc, M.Sc","B.Tech CSE, MBA Finance, B.Sc","Computer Science, Mechanical Engineering, Civil Engineering, Management Studies, Applied Sciences","Minimum 60% aggregate in 10+2 (Physics, Chemistry, Mathematics/Biology)",81401 per semester,22208,3553,9126,Active Training and Placement Cell,Strictly for registered final-year students,96% in 2023,4.5 Lakh Per Annum,19.9 Lakh Per Annum,3.2 Lakh Per Annum,"TCS, Infosys, Wipro, Cognizant, Amazon, Microsoft",Minimum 6.0 CGPA with no active backlogs,Mandatory 6-week summer internship,Stipend based on company selection,"Yes, across major city routes",19480,Over 15 designated routes,7:30 AM to 5:30 PM,Central Air-Conditioned Library,"Reading Room, Reference Section, Digital Access",122947,Available with remote access,"IEEE, Springer, ScienceDirect",8:00 AM to 8:00 PM,"Yes, for Boys and Girls",Available with 500+ capacity,Available with 300+ capacity,49800,31209,9:30 PM,Prior permission from Warden required,Strict anti-ragging policies enforced,"Yes, indoor and outdoor facilities","Football ground, Cricket pitch, Basketball courts","Table Tennis, Badminton, Chess","Football, Cricket, Volleyball, Athletics",Well-equipped modern gymnasium,Semester System (CBCS),Minimum 75% attendance mandatory,25% weightage,75% weightage,Minimum 40% aggregate required to pass,Conducted within 1 month of result declaration,Available for a maximum of 3 subjects,Maximum 4 backlogs allowed to promote to next year,Merit-based and Category-based scholarships available,Dedicated Student Counselling Centre,"Technical, Cultural, and Sports Clubs",Anti-Ragging Squad and Grievance Cell,End-semester anonymous feedback system,4.0/5,4.0/5,4.4/5,4.4/5,4.3/5,4.7/5,4.4/5
UNI087,Deccan College Postgraduate and Research Institute,nan,http://www.deccancollegepune.ac.in/,1975,UGC Recognized,NAAC 'A' Grade,114,"Engineering: CSE, Mechanical | Management: MBA, BBA | Science: B.Sc, M.Sc","B.Tech CSE, MBA Finance, B.Sc","Computer Science, Mechanical Engineering, Civil Engineering, Management Studies, Applied Sciences","Minimum 60% aggregate in 10+2 (Physics, Chemistry, Mathematics/Biology)",91746 per semester,8297,4688,8124,Active Training and Placement Cell,Strictly for registered final-year students,85% in 2023,6.7 Lakh Per Annum,17.0 Lakh Per Annum,3.9 Lakh Per Annum,"TCS, Infosys, Wipro, Cognizant, Amazon, Microsoft",Minimum 6.0 CGPA with no active backlogs,Mandatory 6-week summer internship,Stipend based on company selection,"Yes, across major city routes",33503,Over 15 designated routes,7:30 AM to 5:30 PM,Central Air-Conditioned Library,"Reading Room, Reference Section, Digital Access",141106,Available with remote access,"IEEE, Springer, ScienceDirect",8:00 AM to 8:00 PM,"Yes, for Boys and Girls",Available with 500+ capacity,Available with 300+ capacity,57277,27015,9:30 PM,Prior permission from Warden required,Strict anti-ragging policies enforced,"Yes, indoor and outdoor facilities","Football ground, Cricket pitch, Basketball courts","Table Tennis, Badminton, Chess","Football, Cricket, Volleyball, Athletics",Well-equipped modern gymnasium,Semester System (CBCS),Minimum 75% attendance mandatory,25% weightage,75% weightage,Minimum 40% aggregate required to pass,Conducted within 1 month of result declaration,Available for a maximum of 3 subjects,Maximum 4 backlogs allowed to promote to next year,Merit-based and Category-based scholarships available,Dedicated Student Counselling Centre,"Technical, Cultural, and Sports Clubs",Anti-Ragging Squad and Grievance Cell,End-semester anonymous feedback system,4.1/5,4.1/5,4.2/5,4.2/5,4.3/5,4.4/5,4.0/5
UNI088,COEP Technological University,nan,https://www.coep.org.in/,1979,UGC Recognized,NAAC 'A' Grade,76,"Engineering: Computer Science (CSE), Civil, Mechanical, ICT","B.Tech CSE, MBA Finance, B.Sc","Computer Science, Mechanical Engineering, Civil Engineering, Management Studies, Applied Sciences","Minimum 60% aggregate in 10+2 (Physics, Chemistry, Mathematics/Biology)",143972 per semester,8737,3260,2231,Active Training and Placement Cell,Strictly for registered final-year students,99% in 2023,4.2 Lakh Per Annum,34.0 Lakh Per Annum,3.1 Lakh Per Annum,"TCS, Infosys, Wipro, Cognizant, Amazon, Microsoft",Minimum 6.0 CGPA with no active backlogs,Mandatory 6-week summer internship,Stipend based on company selection,"Yes, across major city routes",21895,Over 15 designated routes,7:30 AM to 5:30 PM,Central Air-Conditioned Library,"Reading Room, Reference Section, Digital Access",239176,Available with remote access,"IEEE, Springer, ScienceDirect",8:00 AM to 8:00 PM,"Yes, for Boys and Girls",Available with 500+ capacity,Available with 300+ capacity,57874,44623,9:30 PM,Prior permission from Warden required,Strict anti-ragging policies enforced,"Yes, indoor and outdoor facilities","Football ground, Cricket pitch, Basketball courts","Table Tennis, Badminton, Chess","Football, Cricket, Volleyball, Athletics",Well-equipped modern gymnasium,Semester System (CBCS),Minimum 75% attendance mandatory,25% weightage,75% weightage,Minimum 40% aggregate required to pass,Conducted within 1 month of result declaration,Available for a maximum of 3 subjects,Maximum 4 backlogs allowed to promote to next year,Merit-based and Category-based scholarships available,Dedicated Student Counselling Centre,"Technical, Cultural, and Sports Clubs",Anti-Ragging Squad and Grievance Cell,End-semester anonymous feedback system,4.2/5,4.0/5,3.6/5,4.3/5,4.3/5,4.3/5,4.5/5
UNI089,Dayalbagh Educational Institute,nan,http://www.dei.ac.in/,1990,UGC Recognized,NAAC 'A' Grade,67,"Engineering: CSE, Mechanical | Management: MBA, BBA | Science: B.Sc, M.Sc","B.Tech CSE, MBA Finance, B.Sc","Computer Science, Mechanical Engineering, Civil Engineering, Management Studies, Applied Sciences","Minimum 60% aggregate in 10+2 (Physics, Chemistry, Mathematics/Biology)",112362 per semester,21176,1971,4274,Active Training and Placement Cell,Strictly for registered final-year students,90% in 2023,8.7 Lakh Per Annum,27.6 Lakh Per Annum,3.6 Lakh Per Annum,"TCS, Infosys, Wipro, Cognizant, Amazon, Microsoft",Minimum 6.0 CGPA with no active backlogs,Mandatory 6-week summer internship,Stipend based on company selection,"Yes, across major city routes",21417,Over 15 designated routes,7:30 AM to 5:30 PM,Central Air-Conditioned Library,"Reading Room, Reference Section, Digital Access",184831,Available with remote access,"IEEE, Springer, ScienceDirect",8:00 AM to 8:00 PM,"Yes, for Boys and Girls",Available with 500+ capacity,Available with 300+ capacity,64280,30679,9:30 PM,Prior permission from Warden required,Strict anti-ragging policies enforced,"Yes, indoor and outdoor facilities","Football ground, Cricket pitch, Basketball courts","Table Tennis, Badminton, Chess","Football, Cricket, Volleyball, Athletics",Well-equipped modern gymnasium,Semester System (CBCS),Minimum 75% attendance mandatory,25% weightage,75% weightage,Minimum 40% aggregate required to pass,Conducted within 1 month of result declaration,Available for a maximum of 3 subjects,Maximum 4 backlogs allowed to promote to next year,Merit-based and Category-based scholarships available,Dedicated Student Counselling Centre,"Technical, Cultural, and Sports Clubs",Anti-Ragging Squad and Grievance Cell,End-semester anonymous feedback system,4.5/5,4.5/5,4.3/5,4.3/5,4.3/5,4.5/5,4.4/5
UNI090,Dibrugarh University,nan,http://www.dibru.ernet.in/,1950,UGC Recognized,NAAC 'A' Grade,98,"Engineering: CSE, Mechanical | Management: MBA, BBA | Science: B.Sc, M.Sc","B.Tech CSE, MBA Finance, B.Sc","Computer Science, Mechanical Engineering, Civil Engineering, Management Studies, Applied Sciences","Minimum 60% aggregate in 10+2 (Physics, Chemistry, Mathematics/Biology)",109944 per semester,13818,3645,4835,Active Training and Placement Cell,Strictly for registered final-year students,97% in 2023,11.0 Lakh Per Annum,31.5 Lakh Per Annum,3.8 Lakh Per Annum,"TCS, Infosys, Wipro, Cognizant, Amazon, Microsoft",Minimum 6.0 CGPA with no active backlogs,Mandatory 6-week summer internship,Stipend based on company selection,"Yes, across major city routes",31983,Over 15 designated routes,7:30 AM to 5:30 PM,Central Air-Conditioned Library,"Reading Room, Reference Section, Digital Access",161037,Available with remote access,"IEEE, Springer, ScienceDirect",8:00 AM to 8:00 PM,"Yes, for Boys and Girls",Available with 500+ capacity,Available with 300+ capacity,75408,27684,9:30 PM,Prior permission from Warden required,Strict anti-ragging policies enforced,"Yes, indoor and outdoor facilities","Football ground, Cricket pitch, Basketball courts","Table Tennis, Badminton, Chess","Football, Cricket, Volleyball, Athletics",Well-equipped modern gymnasium,Semester System (CBCS),Minimum 75% attendance mandatory,25% weightage,75% weightage,Minimum 40% aggregate required to pass,Conducted within 1 month of result declaration,Available for a maximum of 3 subjects,Maximum 4 backlogs allowed to promote to next year,Merit-based and Category-based scholarships available,Dedicated Student Counselling Centre,"Technical, Cultural, and Sports Clubs",Anti-Ragging Squad and Grievance Cell,End-semester anonymous feedback system,4.1/5,4.6/5,4.2/5,3.9/5,4.3/5,4.6/5,4.1/5
UNI091,Dravidian University,Andhra Pradesh,http://www.dravidianuniversity.ac.in/,1997,UGC Recognized,NAAC 'A' Grade,93,"Engineering: CSE, Mechanical | Management: MBA, BBA | Science: B.Sc, M.Sc","B.Tech CSE, MBA Finance, B.Sc","Computer Science, Mechanical Engineering, Civil Engineering, Management Studies, Applied Sciences","Minimum 60% aggregate in 10+2 (Physics, Chemistry, Mathematics/Biology)",115874 per semester,24325,3624,4223,Active Training and Placement Cell,Strictly for registered final-year students,94% in 2023,8.7 Lakh Per Annum,29.8 Lakh Per Annum,2.8 Lakh Per Annum,"TCS, Infosys, Wipro, Cognizant, Amazon, Microsoft",Minimum 6.0 CGPA with no active backlogs,Mandatory 6-week summer internship,Stipend based on company selection,"Yes, across major city routes",24067,Over 15 designated routes,7:30 AM to 5:30 PM,Central Air-Conditioned Library,"Reading Room, Reference Section, Digital Access",104135,Available with remote access,"IEEE, Springer, ScienceDirect",8:00 AM to 8:00 PM,"Yes, for Boys and Girls",Available with 500+ capacity,Available with 300+ capacity,54529,34685,9:30 PM,Prior permission from Warden required,Strict anti-ragging policies enforced,"Yes, indoor and outdoor facilities","Football ground, Cricket pitch, Basketball courts","Table Tennis, Badminton, Chess","Football, Cricket, Volleyball, Athletics",Well-equipped modern gymnasium,Semester System (CBCS),Minimum 75% attendance mandatory,25% weightage,75% weightage,Minimum 40% aggregate required to pass,Conducted within 1 month of result declaration,Available for a maximum of 3 subjects,Maximum 4 backlogs allowed to promote to next year,Merit-based and Category-based scholarships available,Dedicated Student Counselling Centre,"Technical, Cultural, and Sports Clubs",Anti-Ragging Squad and Grievance Cell,End-semester anonymous feedback system,4.3/5,4.2/5,4.2/5,4.0/5,4.9/5,4.1/5,4.6/5
UNI092,University of Delhi,Delhi,http://www.du.ac.in/,2008,UGC Recognized,NAAC 'A' Grade,109,"Engineering: CSE, Mechanical | Management: MBA, BBA | Science: B.Sc, M.Sc","B.Tech CSE, MBA Finance, B.Sc","Computer Science, Mechanical Engineering, Civil Engineering, Management Studies, Applied Sciences","Minimum 60% aggregate in 10+2 (Physics, Chemistry, Mathematics/Biology)",125610 per semester,16446,3583,2308,Active Training and Placement Cell,Strictly for registered final-year students,98% in 2023,8.2 Lakh Per Annum,35.2 Lakh Per Annum,3.7 Lakh Per Annum,"TCS, Infosys, Wipro, Cognizant, Amazon, Microsoft",Minimum 6.0 CGPA with no active backlogs,Mandatory 6-week summer internship,Stipend based on company selection,"Yes, across major city routes",22885,Over 15 designated routes,7:30 AM to 5:30 PM,Central Air-Conditioned Library,"Reading Room, Reference Section, Digital Access",87684,Available with remote access,"IEEE, Springer, ScienceDirect",8:00 AM to 8:00 PM,"Yes, for Boys and Girls",Available with 500+ capacity,Available with 300+ capacity,67843,37445,9:30 PM,Prior permission from Warden required,Strict anti-ragging policies enforced,"Yes, indoor and outdoor facilities","Football ground, Cricket pitch, Basketball courts","Table Tennis, Badminton, Chess","Football, Cricket, Volleyball, Athletics",Well-equipped modern gymnasium,Semester System (CBCS),Minimum 75% attendance mandatory,25% weightage,75% weightage,Minimum 40% aggregate required to pass,Conducted within 1 month of result declaration,Available for a maximum of 3 subjects,Maximum 4 backlogs allowed to promote to next year,Merit-based and Category-based scholarships available,Dedicated Student Counselling Centre,"Technical, Cultural, and Sports Clubs",Anti-Ragging Squad and Grievance Cell,End-semester anonymous feedback system,4.3/5,4.6/5,4.1/5,4.5/5,4.6/5,4.1/5,4.2/5
UNI093,Dr. D.Y. Patil University,Maharashtra,http://www.dypatiluniversity.org/,1966,UGC Recognized,NAAC 'A' Grade,125,"Engineering: CSE, Mechanical | Management: MBA, BBA | Science: B.Sc, M.Sc","B.Tech CSE, MBA Finance, B.Sc","Computer Science, Mechanical Engineering, Civil Engineering, Management Studies, Applied Sciences","Minimum 60% aggregate in 10+2 (Physics, Chemistry, Mathematics/Biology)",62907 per semester,13077,2065,8875,Active Training and Placement Cell,Strictly for registered final-year students,89% in 2023,5.4 Lakh Per Annum,18.3 Lakh Per Annum,3.9 Lakh Per Annum,"TCS, Infosys, Wipro, Cognizant, Amazon, Microsoft",Minimum 6.0 CGPA with no active backlogs,Mandatory 6-week summer internship,Stipend based on company selection,"Yes, across major city routes",23155,Over 15 designated routes,7:30 AM to 5:30 PM,Central Air-Conditioned Library,"Reading Room, Reference Section, Digital Access",61329,Available with remote access,"IEEE, Springer, ScienceDirect",8:00 AM to 8:00 PM,"Yes, for Boys and Girls",Available with 500+ capacity,Available with 300+ capacity,49562,35973,9:30 PM,Prior permission from Warden required,Strict anti-ragging policies enforced,"Yes, indoor and outdoor facilities","Football ground, Cricket pitch, Basketball courts","Table Tennis, Badminton, Chess","Football, Cricket, Volleyball, Athletics",Well-equipped modern gymnasium,Semester System (CBCS),Minimum 75% attendance mandatory,25% weightage,75% weightage,Minimum 40% aggregate required to pass,Conducted within 1 month of result declaration,Available for a maximum of 3 subjects,Maximum 4 backlogs allowed to promote to next year,Merit-based and Category-based scholarships available,Dedicated Student Counselling Centre,"Technical, Cultural, and Sports Clubs",Anti-Ragging Squad and Grievance Cell,End-semester anonymous feedback system,4.5/5,3.9/5,4.1/5,4.4/5,4.7/5,4.7/5,4.0/5
UNI094,Eiilm University,nan,http://www.eiilmuniversity.ac.in/,1982,UGC Recognized,NAAC 'A' Grade,71,"Engineering: CSE, Mechanical | Management: MBA, BBA | Science: B.Sc, M.Sc","B.Tech CSE, MBA Finance, B.Sc","Computer Science, Mechanical Engineering, Civil Engineering, Management Studies, Applied Sciences","Minimum 60% aggregate in 10+2 (Physics, Chemistry, Mathematics/Biology)",77259 per semester,5540,4549,6190,Active Training and Placement Cell,Strictly for registered final-year students,93% in 2023,7.1 Lakh Per Annum,21.5 Lakh Per Annum,2.7 Lakh Per Annum,"TCS, Infosys, Wipro, Cognizant, Amazon, Microsoft",Minimum 6.0 CGPA with no active backlogs,Mandatory 6-week summer internship,Stipend based on company selection,"Yes, across major city routes",16444,Over 15 designated routes,7:30 AM to 5:30 PM,Central Air-Conditioned Library,"Reading Room, Reference Section, Digital Access",232332,Available with remote access,"IEEE, Springer, ScienceDirect",8:00 AM to 8:00 PM,"Yes, for Boys and Girls",Available with 500+ capacity,Available with 300+ capacity,52841,31400,9:30 PM,Prior permission from Warden required,Strict anti-ragging policies enforced,"Yes, indoor and outdoor facilities","Football ground, Cricket pitch, Basketball courts","Table Tennis, Badminton, Chess","Football, Cricket, Volleyball, Athletics",Well-equipped modern gymnasium,Semester System (CBCS),Minimum 75% attendance mandatory,25% weightage,75% weightage,Minimum 40% aggregate required to pass,Conducted within 1 month of result declaration,Available for a maximum of 3 subjects,Maximum 4 backlogs allowed to promote to next year,Merit-based and Category-based scholarships available,Dedicated Student Counselling Centre,"Technical, Cultural, and Sports Clubs",Anti-Ragging Squad and Grievance Cell,End-semester anonymous feedback system,4.3/5,4.1/5,3.7/5,4.5/5,4.6/5,4.0/5,4.5/5
UNI095,Fatima Mata National College,Kerala,http://www.fatimacollege.net/,1951,UGC Recognized,NAAC 'A' Grade,133,"Engineering: CSE, Mechanical | Management: MBA, BBA | Science: B.Sc, M.Sc","B.Tech CSE, MBA Finance, B.Sc","Computer Science, Mechanical Engineering, Civil Engineering, Management Studies, Applied Sciences","Minimum 60% aggregate in 10+2 (Physics, Chemistry, Mathematics/Biology)",65661 per semester,16112,4857,5483,Active Training and Placement Cell,Strictly for registered final-year students,96% in 2023,12.5 Lakh Per Annum,28.9 Lakh Per Annum,2.6 Lakh Per Annum,"TCS, Infosys, Wipro, Cognizant, Amazon, Microsoft",Minimum 6.0 CGPA with no active backlogs,Mandatory 6-week summer internship,Stipend based on company selection,"Yes, across major city routes",33117,Over 15 designated routes,7:30 AM to 5:30 PM,Central Air-Conditioned Library,"Reading Room, Reference Section, Digital Access",142406,Available with remote access,"IEEE, Springer, ScienceDirect",8:00 AM to 8:00 PM,"Yes, for Boys and Girls",Available with 500+ capacity,Available with 300+ capacity,51922,37367,9:30 PM,Prior permission from Warden required,Strict anti-ragging policies enforced,"Yes, indoor and outdoor facilities","Football ground, Cricket pitch, Basketball courts","Table Tennis, Badminton, Chess","Football, Cricket, Volleyball, Athletics",Well-equipped modern gymnasium,Semester System (CBCS),Minimum 75% attendance mandatory,25% weightage,75% weightage,Minimum 40% aggregate required to pass,Conducted within 1 month of result declaration,Available for a maximum of 3 subjects,Maximum 4 backlogs allowed to promote to next year,Merit-based and Category-based scholarships available,Dedicated Student Counselling Centre,"Technical, Cultural, and Sports Clubs",Anti-Ragging Squad and Grievance Cell,End-semester anonymous feedback system,4.5/5,3.8/5,4.0/5,4.3/5,4.4/5,4.6/5,4.4/5
UNI096,Forest Research Institute Dehradun,Uttarakhand,http://fri.icfre.gov.in/,1972,UGC Recognized,NAAC 'A' Grade,139,"Engineering: CSE, Mechanical | Management: MBA, BBA | Science: B.Sc, M.Sc","B.Tech CSE, MBA Finance, B.Sc","Computer Science, Mechanical Engineering, Civil Engineering, Management Studies, Applied Sciences","Minimum 60% aggregate in 10+2 (Physics, Chemistry, Mathematics/Biology)",109799 per semester,7030,2353,8448,Active Training and Placement Cell,Strictly for registered final-year students,80% in 2023,5.8 Lakh Per Annum,35.7 Lakh Per Annum,2.7 Lakh Per Annum,"TCS, Infosys, Wipro, Cognizant, Amazon, Microsoft",Minimum 6.0 CGPA with no active backlogs,Mandatory 6-week summer internship,Stipend based on company selection,"Yes, across major city routes",18420,Over 15 designated routes,7:30 AM to 5:30 PM,Central Air-Conditioned Library,"Reading Room, Reference Section, Digital Access",66535,Available with remote access,"IEEE, Springer, ScienceDirect",8:00 AM to 8:00 PM,"Yes, for Boys and Girls",Available with 500+ capacity,Available with 300+ capacity,59368,41772,9:30 PM,Prior permission from Warden required,Strict anti-ragging policies enforced,"Yes, indoor and outdoor facilities","Football ground, Cricket pitch, Basketball courts","Table Tennis, Badminton, Chess","Football, Cricket, Volleyball, Athletics",Well-equipped modern gymnasium,Semester System (CBCS),Minimum 75% attendance mandatory,25% weightage,75% weightage,Minimum 40% aggregate required to pass,Conducted within 1 month of result declaration,Available for a maximum of 3 subjects,Maximum 4 backlogs allowed to promote to next year,Merit-based and Category-based scholarships available,Dedicated Student Counselling Centre,"Technical, Cultural, and Sports Clubs",Anti-Ragging Squad and Grievance Cell,End-semester anonymous feedback system,4.7/5,3.8/5,4.4/5,4.5/5,4.6/5,4.1/5,4.7/5
UNI097,Govind Ballabh Pant University of Agriculture and Technology,nan,http://www.gbpuat.ac.in/,1945,UGC Recognized,NAAC 'A' Grade,69,"Engineering: Computer Science (CSE), Civil, Mechanical, ICT","B.Tech CSE, MBA Finance, B.Sc","Computer Science, Mechanical Engineering, Civil Engineering, Management Studies, Applied Sciences","Minimum 60% aggregate in 10+2 (Physics, Chemistry, Mathematics/Biology)",2026 per semester,20601,4711,4761,Active Training and Placement Cell,Strictly for registered final-year students,95% in 2023,7.4 Lakh Per Annum,23.4 Lakh Per Annum,3.3 Lakh Per Annum,"TCS, Infosys, Wipro, Cognizant, Amazon, Microsoft",Minimum 6.0 CGPA with no active backlogs,Mandatory 6-week summer internship,Stipend based on company selection,"Yes, across major city routes",26987,Over 15 designated routes,7:30 AM to 5:30 PM,Central Air-Conditioned Library,"Reading Room, Reference Section, Digital Access",2026,Available with remote access,"IEEE, Springer, ScienceDirect",8:00 AM to 8:00 PM,"Yes, for Boys and Girls",Available with 500+ capacity,Available with 300+ capacity,83217,43469,9:30 PM,Prior permission from Warden required,Strict anti-ragging policies enforced,"Yes, indoor and outdoor facilities","Football ground, Cricket pitch, Basketball courts","Table Tennis, Badminton, Chess","Football, Cricket, Volleyball, Athletics",Well-equipped modern gymnasium,Semester System (CBCS),Minimum 75% attendance mandatory,25% weightage,75% weightage,Minimum 40% aggregate required to pass,Conducted within 1 month of result declaration,Available for a maximum of 3 subjects,Maximum 4 backlogs allowed to promote to next year,Merit-based and Category-based scholarships available,Dedicated Student Counselling Centre,"Technical, Cultural, and Sports Clubs",Anti-Ragging Squad and Grievance Cell,End-semester anonymous feedback system,4.1/5,4.3/5,3.8/5,4.1/5,4.6/5,4.4/5,4.6/5
UNI098,Guru Ghasidas University,nan,http://www.ggu.ac.in/,1968,UGC Recognized,NAAC 'A' Grade,134,"Engineering: CSE, Mechanical | Management: MBA, BBA | Science: B.Sc, M.Sc","B.Tech CSE, MBA Finance, B.Sc","Computer Science, Mechanical Engineering, Civil Engineering, Management Studies, Applied Sciences","Minimum 60% aggregate in 10+2 (Physics, Chemistry, Mathematics/Biology)",118891 per semester,22026,4845,8059,Active Training and Placement Cell,Strictly for registered final-year students,80% in 2023,11.7 Lakh Per Annum,22.8 Lakh Per Annum,3.6 Lakh Per Annum,"TCS, Infosys, Wipro, Cognizant, Amazon, Microsoft",Minimum 6.0 CGPA with no active backlogs,Mandatory 6-week summer internship,Stipend based on company selection,"Yes, across major city routes",15100,Over 15 designated routes,7:30 AM to 5:30 PM,Central Air-Conditioned Library,"Reading Room, Reference Section, Digital Access",62084,Available with remote access,"IEEE, Springer, ScienceDirect",8:00 AM to 8:00 PM,"Yes, for Boys and Girls",Available with 500+ capacity,Available with 300+ capacity,64673,38398,9:30 PM,Prior permission from Warden required,Strict anti-ragging policies enforced,"Yes, indoor and outdoor facilities","Football ground, Cricket pitch, Basketball courts","Table Tennis, Badminton, Chess","Football, Cricket, Volleyball, Athletics",Well-equipped modern gymnasium,Semester System (CBCS),Minimum 75% attendance mandatory,25% weightage,75% weightage,Minimum 40% aggregate required to pass,Conducted within 1 month of result declaration,Available for a maximum of 3 subjects,Maximum 4 backlogs allowed to promote to next year,Merit-based and Category-based scholarships available,Dedicated Student Counselling Centre,"Technical, Cultural, and Sports Clubs",Anti-Ragging Squad and Grievance Cell,End-semester anonymous feedback system,4.3/5,4.5/5,3.7/5,4.2/5,4.9/5,4.3/5,4.6/5
UNI099,Gokhale Institute of Politics and Economics,nan,http://www.gipe.ernet.in/,1976,UGC Recognized,NAAC 'A' Grade,91,"Engineering: CSE, Mechanical | Management: MBA, BBA | Science: B.Sc, M.Sc","B.Tech CSE, MBA Finance, B.Sc","Computer Science, Mechanical Engineering, Civil Engineering, Management Studies, Applied Sciences","Minimum 60% aggregate in 10+2 (Physics, Chemistry, Mathematics/Biology)",96349 per semester,14994,3730,8492,Active Training and Placement Cell,Strictly for registered final-year students,95% in 2023,10.6 Lakh Per Annum,21.9 Lakh Per Annum,2.8 Lakh Per Annum,"TCS, Infosys, Wipro, Cognizant, Amazon, Microsoft",Minimum 6.0 CGPA with no active backlogs,Mandatory 6-week summer internship,Stipend based on company selection,"Yes, across major city routes",22603,Over 15 designated routes,7:30 AM to 5:30 PM,Central Air-Conditioned Library,"Reading Room, Reference Section, Digital Access",55277,Available with remote access,"IEEE, Springer, ScienceDirect",8:00 AM to 8:00 PM,"Yes, for Boys and Girls",Available with 500+ capacity,Available with 300+ capacity,46972,31201,9:30 PM,Prior permission from Warden required,Strict anti-ragging policies enforced,"Yes, indoor and outdoor facilities","Football ground, Cricket pitch, Basketball courts","Table Tennis, Badminton, Chess","Football, Cricket, Volleyball, Athletics",Well-equipped modern gymnasium,Semester System (CBCS),Minimum 75% attendance mandatory,25% weightage,75% weightage,Minimum 40% aggregate required to pass,Conducted within 1 month of result declaration,Available for a maximum of 3 subjects,Maximum 4 backlogs allowed to promote to next year,Merit-based and Category-based scholarships available,Dedicated Student Counselling Centre,"Technical, Cultural, and Sports Clubs",Anti-Ragging Squad and Grievance Cell,End-semester anonymous feedback system,4.5/5,4.1/5,4.5/5,4.2/5,4.7/5,4.3/5,4.6/5
UNI100,Gandhi Institute of Technology and Managment,nan,http://www.gitam.edu/,1980,UGC Recognized,NAAC 'A' Grade,141,"Engineering: Computer Science (CSE), Civil, Mechanical, ICT","B.Tech CSE, MBA Finance, B.Sc","Computer Science, Mechanical Engineering, Civil Engineering, Management Studies, Applied Sciences","Minimum 60% aggregate in 10+2 (Physics, Chemistry, Mathematics/Biology)",113678 per semester,14531,4708,2358,Active Training and Placement Cell,Strictly for registered final-year students,95% in 2023,8.1 Lakh Per Annum,39.9 Lakh Per Annum,2.7 Lakh Per Annum,"TCS, Infosys, Wipro, Cognizant, Amazon, Microsoft",Minimum 6.0 CGPA with no active backlogs,Mandatory 6-week summer internship,Stipend based on company selection,"Yes, across major city routes",19190,Over 15 designated routes,7:30 AM to 5:30 PM,Central Air-Conditioned Library,"Reading Room, Reference Section, Digital Access",204832,Available with remote access,"IEEE, Springer, ScienceDirect",8:00 AM to 8:00 PM,"Yes, for Boys and Girls",Available with 500+ capacity,Available with 300+ capacity,75660,34461,9:30 PM,Prior permission from Warden required,Strict anti-ragging policies enforced,"Yes, indoor and outdoor facilities","Football ground, Cricket pitch, Basketball courts","Table Tennis, Badminton, Chess","Football, Cricket, Volleyball, Athletics",Well-equipped modern gymnasium,Semester System (CBCS),Minimum 75% attendance mandatory,25% weightage,75% weightage,Minimum 40% aggregate required to pass,Conducted within 1 month of result declaration,Available for a maximum of 3 subjects,Maximum 4 backlogs allowed to promote to next year,Merit-based and Category-based scholarships available,Dedicated Student Counselling Centre,"Technical, Cultural, and Sports Clubs",Anti-Ragging Squad and Grievance Cell,End-semester anonymous feedback system,4.3/5,4.7/5,4.3/5,4.5/5,4.5/5,4.1/5,4.8/5
UNI101,Guru Jambeshwar University,nan,http://www.gju.ernet.in/,1994,UGC Recognized,NAAC 'A' Grade,32,"Engineering: CSE, Mechanical | Management: MBA, BBA | Science: B.Sc, M.Sc","B.Tech CSE, MBA Finance, B.Sc","Computer Science, Mechanical Engineering, Civil Engineering, Management Studies, Applied Sciences","Minimum 60% aggregate in 10+2 (Physics, Chemistry, Mathematics/Biology)",43571 per semester,23015,3755,4556,Active Training and Placement Cell,Strictly for registered final-year students,79% in 2023,9.4 Lakh Per Annum,25.3 Lakh Per Annum,2.7 Lakh Per Annum,"TCS, Infosys, Wipro, Cognizant, Amazon, Microsoft",Minimum 6.0 CGPA with no active backlogs,Mandatory 6-week summer internship,Stipend based on company selection,"Yes, across major city routes",30128,Over 15 designated routes,7:30 AM to 5:30 PM,Central Air-Conditioned Library,"Reading Room, Reference Section, Digital Access",96765,Available with remote access,"IEEE, Springer, ScienceDirect",8:00 AM to 8:00 PM,"Yes, for Boys and Girls",Available with 500+ capacity,Available with 300+ capacity,51052,32840,9:30 PM,Prior permission from Warden required,Strict anti-ragging policies enforced,"Yes, indoor and outdoor facilities","Football ground, Cricket pitch, Basketball courts","Table Tennis, Badminton, Chess","Football, Cricket, Volleyball, Athletics",Well-equipped modern gymnasium,Semester System (CBCS),Minimum 75% attendance mandatory,25% weightage,75% weightage,Minimum 40% aggregate required to pass,Conducted within 1 month of result declaration,Available for a maximum of 3 subjects,Maximum 4 backlogs allowed to promote to next year,Merit-based and Category-based scholarships available,Dedicated Student Counselling Centre,"Technical, Cultural, and Sports Clubs",Anti-Ragging Squad and Grievance Cell,End-semester anonymous feedback system,4.0/5,4.4/5,4.1/5,4.5/5,4.3/5,4.4/5,4.4/5
UNI102,Gurukula Kangri University,nan,http://www.gkvharidwar.org/,1942,UGC Recognized,NAAC 'A' Grade,94,"Engineering: CSE, Mechanical | Management: MBA, BBA | Science: B.Sc, M.Sc","B.Tech CSE, MBA Finance, B.Sc","Computer Science, Mechanical Engineering, Civil Engineering, Management Studies, Applied Sciences","Minimum 60% aggregate in 10+2 (Physics, Chemistry, Mathematics/Biology)",102386 per semester,6879,3184,3458,Active Training and Placement Cell,Strictly for registered final-year students,82% in 2023,7.3 Lakh Per Annum,34.0 Lakh Per Annum,3.5 Lakh Per Annum,"TCS, Infosys, Wipro, Cognizant, Amazon, Microsoft",Minimum 6.0 CGPA with no active backlogs,Mandatory 6-week summer internship,Stipend based on company selection,"Yes, across major city routes",27742,Over 15 designated routes,7:30 AM to 5:30 PM,Central Air-Conditioned Library,"Reading Room, Reference Section, Digital Access",101504,Available with remote access,"IEEE, Springer, ScienceDirect",8:00 AM to 8:00 PM,"Yes, for Boys and Girls",Available with 500+ capacity,Available with 300+ capacity,76684,29735,9:30 PM,Prior permission from Warden required,Strict anti-ragging policies enforced,"Yes, indoor and outdoor facilities","Football ground, Cricket pitch, Basketball courts","Table Tennis, Badminton, Chess","Football, Cricket, Volleyball, Athletics",Well-equipped modern gymnasium,Semester System (CBCS),Minimum 75% attendance mandatory,25% weightage,75% weightage,Minimum 40% aggregate required to pass,Conducted within 1 month of result declaration,Available for a maximum of 3 subjects,Maximum 4 backlogs allowed to promote to next year,Merit-based and Category-based scholarships available,Dedicated Student Counselling Centre,"Technical, Cultural, and Sports Clubs",Anti-Ragging Squad and Grievance Cell,End-semester anonymous feedback system,4.4/5,4.2/5,4.0/5,4.0/5,4.2/5,4.7/5,4.2/5
UNI103,Guru Nanak Dev University,nan,http://www.gnduonline.org/,1986,UGC Recognized,NAAC 'A' Grade,108,"Engineering: CSE, Mechanical | Management: MBA, BBA | Science: B.Sc, M.Sc","B.Tech CSE, MBA Finance, B.Sc","Computer Science, Mechanical Engineering, Civil Engineering, Management Studies, Applied Sciences","Minimum 60% aggregate in 10+2 (Physics, Chemistry, Mathematics/Biology)",135284 per semester,18270,4167,4335,Active Training and Placement Cell,Strictly for registered final-year students,98% in 2023,4.4 Lakh Per Annum,22.4 Lakh Per Annum,2.7 Lakh Per Annum,"TCS, Infosys, Wipro, Cognizant, Amazon, Microsoft",Minimum 6.0 CGPA with no active backlogs,Mandatory 6-week summer internship,Stipend based on company selection,"Yes, across major city routes",19263,Over 15 designated routes,7:30 AM to 5:30 PM,Central Air-Conditioned Library,"Reading Room, Reference Section, Digital Access",141326,Available with remote access,"IEEE, Springer, ScienceDirect",8:00 AM to 8:00 PM,"Yes, for Boys and Girls",Available with 500+ capacity,Available with 300+ capacity,52390,31202,9:30 PM,Prior permission from Warden required,Strict anti-ragging policies enforced,"Yes, indoor and outdoor facilities","Football ground, Cricket pitch, Basketball courts","Table Tennis, Badminton, Chess","Football, Cricket, Volleyball, Athletics",Well-equipped modern gymnasium,Semester System (CBCS),Minimum 75% attendance mandatory,25% weightage,75% weightage,Minimum 40% aggregate required to pass,Conducted within 1 month of result declaration,Available for a maximum of 3 subjects,Maximum 4 backlogs allowed to promote to next year,Merit-based and Category-based scholarships available,Dedicated Student Counselling Centre,"Technical, Cultural, and Sports Clubs",Anti-Ragging Squad and Grievance Cell,End-semester anonymous feedback system,4.4/5,4.2/5,3.6/5,4.2/5,4.2/5,4.1/5,4.8/5
UNI104,"Global Open University , Nagaland",Nagaland,http://www.government.ind.in/,2007,UGC Recognized,NAAC 'A' Grade,62,"Engineering: CSE, Mechanical | Management: MBA, BBA | Science: B.Sc, M.Sc","B.Tech CSE, MBA Finance, B.Sc","Computer Science, Mechanical Engineering, Civil Engineering, Management Studies, Applied Sciences","Minimum 60% aggregate in 10+2 (Physics, Chemistry, Mathematics/Biology)",123602 per semester,11637,2464,3651,Active Training and Placement Cell,Strictly for registered final-year students,91% in 2023,9.1 Lakh Per Annum,27.9 Lakh Per Annum,2.9 Lakh Per Annum,"TCS, Infosys, Wipro, Cognizant, Amazon, Microsoft",Minimum 6.0 CGPA with no active backlogs,Mandatory 6-week summer internship,Stipend based on company selection,"Yes, across major city routes",16708,Over 15 designated routes,7:30 AM to 5:30 PM,Central Air-Conditioned Library,"Reading Room, Reference Section, Digital Access",137871,Available with remote access,"IEEE, Springer, ScienceDirect",8:00 AM to 8:00 PM,"Yes, for Boys and Girls",Available with 500+ capacity,Available with 300+ capacity,78942,37382,9:30 PM,Prior permission from Warden required,Strict anti-ragging policies enforced,"Yes, indoor and outdoor facilities","Football ground, Cricket pitch, Basketball courts","Table Tennis, Badminton, Chess","Football, Cricket, Volleyball, Athletics",Well-equipped modern gymnasium,Semester System (CBCS),Minimum 75% attendance mandatory,25% weightage,75% weightage,Minimum 40% aggregate required to pass,Conducted within 1 month of result declaration,Available for a maximum of 3 subjects,Maximum 4 backlogs allowed to promote to next year,Merit-based and Category-based scholarships available,Dedicated Student Counselling Centre,"Technical, Cultural, and Sports Clubs",Anti-Ragging Squad and Grievance Cell,End-semester anonymous feedback system,4.6/5,3.8/5,4.3/5,4.0/5,4.7/5,4.3/5,4.7/5
UNI105,Gujarat Technological University Ahmedabad,Gujarat,http://www.gtu.ac.in/,1957,UGC Recognized,NAAC 'A' Grade,104,"Engineering: Computer Science (CSE), Civil, Mechanical, ICT","B.Tech CSE, MBA Finance, B.Sc","Computer Science, Mechanical Engineering, Civil Engineering, Management Studies, Applied Sciences","Minimum 60% aggregate in 10+2 (Physics, Chemistry, Mathematics/Biology)",74335 per semester,11124,2854,8554,Active Training and Placement Cell,Strictly for registered final-year students,99% in 2023,6.3 Lakh Per Annum,43.0 Lakh Per Annum,3.1 Lakh Per Annum,"TCS, Infosys, Wipro, Cognizant, Amazon, Microsoft",Minimum 6.0 CGPA with no active backlogs,Mandatory 6-week summer internship,Stipend based on company selection,"Yes, across major city routes",16176,Over 15 designated routes,7:30 AM to 5:30 PM,Central Air-Conditioned Library,"Reading Room, Reference Section, Digital Access",149999,Available with remote access,"IEEE, Springer, ScienceDirect",8:00 AM to 8:00 PM,"Yes, for Boys and Girls",Available with 500+ capacity,Available with 300+ capacity,63190,42510,9:30 PM,Prior permission from Warden required,Strict anti-ragging policies enforced,"Yes, indoor and outdoor facilities","Football ground, Cricket pitch, Basketball courts","Table Tennis, Badminton, Chess","Football, Cricket, Volleyball, Athletics",Well-equipped modern gymnasium,Semester System (CBCS),Minimum 75% attendance mandatory,25% weightage,75% weightage,Minimum 40% aggregate required to pass,Conducted within 1 month of result declaration,Available for a maximum of 3 subjects,Maximum 4 backlogs allowed to promote to next year,Merit-based and Category-based scholarships available,Dedicated Student Counselling Centre,"Technical, Cultural, and Sports Clubs",Anti-Ragging Squad and Grievance Cell,End-semester anonymous feedback system,4.3/5,4.5/5,4.2/5,4.3/5,4.6/5,4.2/5,4.7/5
UNI106,Gujarat University Ahmedabad,Gujarat,http://www.gujaratuniversity.org.in/,1949,UGC Recognized,NAAC 'A' Grade,35,"Engineering: CSE, Mechanical | Management: MBA, BBA | Science: B.Sc, M.Sc","B.Tech CSE, MBA Finance, B.Sc","Computer Science, Mechanical Engineering, Civil Engineering, Management Studies, Applied Sciences","Minimum 60% aggregate in 10+2 (Physics, Chemistry, Mathematics/Biology)",115283 per semester,12187,2365,4188,Active Training and Placement Cell,Strictly for registered final-year students,75% in 2023,5.0 Lakh Per Annum,27.9 Lakh Per Annum,2.7 Lakh Per Annum,"TCS, Infosys, Wipro, Cognizant, Amazon, Microsoft",Minimum 6.0 CGPA with no active backlogs,Mandatory 6-week summer internship,Stipend based on company selection,"Yes, across major city routes",16084,Over 15 designated routes,7:30 AM to 5:30 PM,Central Air-Conditioned Library,"Reading Room, Reference Section, Digital Access",118420,Available with remote access,"IEEE, Springer, ScienceDirect",8:00 AM to 8:00 PM,"Yes, for Boys and Girls",Available with 500+ capacity,Available with 300+ capacity,51319,39441,9:30 PM,Prior permission from Warden required,Strict anti-ragging policies enforced,"Yes, indoor and outdoor facilities","Football ground, Cricket pitch, Basketball courts","Table Tennis, Badminton, Chess","Football, Cricket, Volleyball, Athletics",Well-equipped modern gymnasium,Semester System (CBCS),Minimum 75% attendance mandatory,25% weightage,75% weightage,Minimum 40% aggregate required to pass,Conducted within 1 month of result declaration,Available for a maximum of 3 subjects,Maximum 4 backlogs allowed to promote to next year,Merit-based and Category-based scholarships available,Dedicated Student Counselling Centre,"Technical, Cultural, and Sports Clubs",Anti-Ragging Squad and Grievance Cell,End-semester anonymous feedback system,4.2/5,4.0/5,3.7/5,3.9/5,4.4/5,4.1/5,4.3/5
UNI107,Gulbarga University,nan,http://www.gulbargauniversity.kar.nic.in/,2004,UGC Recognized,NAAC 'A' Grade,116,"Engineering: CSE, Mechanical | Management: MBA, BBA | Science: B.Sc, M.Sc","B.Tech CSE, MBA Finance, B.Sc","Computer Science, Mechanical Engineering, Civil Engineering, Management Studies, Applied Sciences","Minimum 60% aggregate in 10+2 (Physics, Chemistry, Mathematics/Biology)",50634 per semester,7348,4887,3911,Active Training and Placement Cell,Strictly for registered final-year students,93% in 2023,11.0 Lakh Per Annum,35.2 Lakh Per Annum,3.7 Lakh Per Annum,"TCS, Infosys, Wipro, Cognizant, Amazon, Microsoft",Minimum 6.0 CGPA with no active backlogs,Mandatory 6-week summer internship,Stipend based on company selection,"Yes, across major city routes",33801,Over 15 designated routes,7:30 AM to 5:30 PM,Central Air-Conditioned Library,"Reading Room, Reference Section, Digital Access",203949,Available with remote access,"IEEE, Springer, ScienceDirect",8:00 AM to 8:00 PM,"Yes, for Boys and Girls",Available with 500+ capacity,Available with 300+ capacity,72989,42515,9:30 PM,Prior permission from Warden required,Strict anti-ragging policies enforced,"Yes, indoor and outdoor facilities","Football ground, Cricket pitch, Basketball courts","Table Tennis, Badminton, Chess","Football, Cricket, Volleyball, Athletics",Well-equipped modern gymnasium,Semester System (CBCS),Minimum 75% attendance mandatory,25% weightage,75% weightage,Minimum 40% aggregate required to pass,Conducted within 1 month of result declaration,Available for a maximum of 3 subjects,Maximum 4 backlogs allowed to promote to next year,Merit-based and Category-based scholarships available,Dedicated Student Counselling Centre,"Technical, Cultural, and Sports Clubs",Anti-Ragging Squad and Grievance Cell,End-semester anonymous feedback system,4.4/5,4.7/5,4.4/5,4.0/5,4.9/5,4.5/5,4.1/5
UNI108,Gauhati University,nan,http://www.gu.nic.in/,1940,UGC Recognized,NAAC 'A' Grade,24,"Engineering: CSE, Mechanical | Management: MBA, BBA | Science: B.Sc, M.Sc","B.Tech CSE, MBA Finance, B.Sc","Computer Science, Mechanical Engineering, Civil Engineering, Management Studies, Applied Sciences","Minimum 60% aggregate in 10+2 (Physics, Chemistry, Mathematics/Biology)",95284 per semester,11044,2253,5648,Active Training and Placement Cell,Strictly for registered final-year students,79% in 2023,10.7 Lakh Per Annum,16.6 Lakh Per Annum,3.4 Lakh Per Annum,"TCS, Infosys, Wipro, Cognizant, Amazon, Microsoft",Minimum 6.0 CGPA with no active backlogs,Mandatory 6-week summer internship,Stipend based on company selection,"Yes, across major city routes",34676,Over 15 designated routes,7:30 AM to 5:30 PM,Central Air-Conditioned Library,"Reading Room, Reference Section, Digital Access",100823,Available with remote access,"IEEE, Springer, ScienceDirect",8:00 AM to 8:00 PM,"Yes, for Boys and Girls",Available with 500+ capacity,Available with 300+ capacity,45564,29069,9:30 PM,Prior permission from Warden required,Strict anti-ragging policies enforced,"Yes, indoor and outdoor facilities","Football ground, Cricket pitch, Basketball courts","Table Tennis, Badminton, Chess","Football, Cricket, Volleyball, Athletics",Well-equipped modern gymnasium,Semester System (CBCS),Minimum 75% attendance mandatory,25% weightage,75% weightage,Minimum 40% aggregate required to pass,Conducted within 1 month of result declaration,Available for a maximum of 3 subjects,Maximum 4 backlogs allowed to promote to next year,Merit-based and Category-based scholarships available,Dedicated Student Counselling Centre,"Technical, Cultural, and Sports Clubs",Anti-Ragging Squad and Grievance Cell,End-semester anonymous feedback system,4.2/5,4.2/5,4.3/5,4.5/5,4.8/5,4.1/5,4.8/5
UNI109,Gurukul University,nan,http://www.gurukuluniversity.org/,2000,UGC Recognized,NAAC 'A' Grade,29,"Engineering: CSE, Mechanical | Management: MBA, BBA | Science: B.Sc, M.Sc","B.Tech CSE, MBA Finance, B.Sc","Computer Science, Mechanical Engineering, Civil Engineering, Management Studies, Applied Sciences","Minimum 60% aggregate in 10+2 (Physics, Chemistry, Mathematics/Biology)",144355 per semester,20511,4414,5442,Active Training and Placement Cell,Strictly for registered final-year students,89% in 2023,10.1 Lakh Per Annum,15.0 Lakh Per Annum,3.6 Lakh Per Annum,"TCS, Infosys, Wipro, Cognizant, Amazon, Microsoft",Minimum 6.0 CGPA with no active backlogs,Mandatory 6-week summer internship,Stipend based on company selection,"Yes, across major city routes",27995,Over 15 designated routes,7:30 AM to 5:30 PM,Central Air-Conditioned Library,"Reading Room, Reference Section, Digital Access",52573,Available with remote access,"IEEE, Springer, ScienceDirect",8:00 AM to 8:00 PM,"Yes, for Boys and Girls",Available with 500+ capacity,Available with 300+ capacity,80503,26048,9:30 PM,Prior permission from Warden required,Strict anti-ragging policies enforced,"Yes, indoor and outdoor facilities","Football ground, Cricket pitch, Basketball courts","Table Tennis, Badminton, Chess","Football, Cricket, Volleyball, Athletics",Well-equipped modern gymnasium,Semester System (CBCS),Minimum 75% attendance mandatory,25% weightage,75% weightage,Minimum 40% aggregate required to pass,Conducted within 1 month of result declaration,Available for a maximum of 3 subjects,Maximum 4 backlogs allowed to promote to next year,Merit-based and Category-based scholarships available,Dedicated Student Counselling Centre,"Technical, Cultural, and Sports Clubs",Anti-Ragging Squad and Grievance Cell,End-semester anonymous feedback system,4.4/5,4.4/5,3.8/5,4.3/5,4.8/5,4.0/5,4.5/5
UNI110,CCS Haryana Agricultural University,Haryana,http://hau.ernet.in/,1967,UGC Recognized,NAAC 'A' Grade,25,"Engineering: CSE, Mechanical | Management: MBA, BBA | Science: B.Sc, M.Sc","B.Tech CSE, MBA Finance, B.Sc","Computer Science, Mechanical Engineering, Civil Engineering, Management Studies, Applied Sciences","Minimum 60% aggregate in 10+2 (Physics, Chemistry, Mathematics/Biology)",76623 per semester,6163,3090,9734,Active Training and Placement Cell,Strictly for registered final-year students,77% in 2023,12.0 Lakh Per Annum,22.8 Lakh Per Annum,2.5 Lakh Per Annum,"TCS, Infosys, Wipro, Cognizant, Amazon, Microsoft",Minimum 6.0 CGPA with no active backlogs,Mandatory 6-week summer internship,Stipend based on company selection,"Yes, across major city routes",17267,Over 15 designated routes,7:30 AM to 5:30 PM,Central Air-Conditioned Library,"Reading Room, Reference Section, Digital Access",83676,Available with remote access,"IEEE, Springer, ScienceDirect",8:00 AM to 8:00 PM,"Yes, for Boys and Girls",Available with 500+ capacity,Available with 300+ capacity,74365,42763,9:30 PM,Prior permission from Warden required,Strict anti-ragging policies enforced,"Yes, indoor and outdoor facilities","Football ground, Cricket pitch, Basketball courts","Table Tennis, Badminton, Chess","Football, Cricket, Volleyball, Athletics",Well-equipped modern gymnasium,Semester System (CBCS),Minimum 75% attendance mandatory,25% weightage,75% weightage,Minimum 40% aggregate required to pass,Conducted within 1 month of result declaration,Available for a maximum of 3 subjects,Maximum 4 backlogs allowed to promote to next year,Merit-based and Category-based scholarships available,Dedicated Student Counselling Centre,"Technical, Cultural, and Sports Clubs",Anti-Ragging Squad and Grievance Cell,End-semester anonymous feedback system,4.1/5,4.0/5,3.9/5,3.8/5,4.6/5,4.3/5,4.6/5
UNI111,Himachal Pradesh Agricultural University,Himachal Pradesh,http://hillagric.ernet.in/,1986,UGC Recognized,NAAC 'A' Grade,135,"Engineering: CSE, Mechanical | Management: MBA, BBA | Science: B.Sc, M.Sc","B.Tech CSE, MBA Finance, B.Sc","Computer Science, Mechanical Engineering, Civil Engineering, Management Studies, Applied Sciences","Minimum 60% aggregate in 10+2 (Physics, Chemistry, Mathematics/Biology)",71350 per semester,21782,3779,6072,Active Training and Placement Cell,Strictly for registered final-year students,76% in 2023,5.2 Lakh Per Annum,22.7 Lakh Per Annum,3.2 Lakh Per Annum,"TCS, Infosys, Wipro, Cognizant, Amazon, Microsoft",Minimum 6.0 CGPA with no active backlogs,Mandatory 6-week summer internship,Stipend based on company selection,"Yes, across major city routes",17502,Over 15 designated routes,7:30 AM to 5:30 PM,Central Air-Conditioned Library,"Reading Room, Reference Section, Digital Access",75318,Available with remote access,"IEEE, Springer, ScienceDirect",8:00 AM to 8:00 PM,"Yes, for Boys and Girls",Available with 500+ capacity,Available with 300+ capacity,70855,43833,9:30 PM,Prior permission from Warden required,Strict anti-ragging policies enforced,"Yes, indoor and outdoor facilities","Football ground, Cricket pitch, Basketball courts","Table Tennis, Badminton, Chess","Football, Cricket, Volleyball, Athletics",Well-equipped modern gymnasium,Semester System (CBCS),Minimum 75% attendance mandatory,25% weightage,75% weightage,Minimum 40% aggregate required to pass,Conducted within 1 month of result declaration,Available for a maximum of 3 subjects,Maximum 4 backlogs allowed to promote to next year,Merit-based and Category-based scholarships available,Dedicated Student Counselling Centre,"Technical, Cultural, and Sports Clubs",Anti-Ragging Squad and Grievance Cell,End-semester anonymous feedback system,4.7/5,3.9/5,4.3/5,4.3/5,4.8/5,4.4/5,4.5/5
UNI112,Hemwati Nandan Bahuguna Garhwal University,nan,http://www.hnbgu.ac.in/,1973,UGC Recognized,NAAC 'A' Grade,148,"Engineering: CSE, Mechanical | Management: MBA, BBA | Science: B.Sc, M.Sc","B.Tech CSE, MBA Finance, B.Sc","Computer Science, Mechanical Engineering, Civil Engineering, Management Studies, Applied Sciences","Minimum 60% aggregate in 10+2 (Physics, Chemistry, Mathematics/Biology)",103441 per semester,14934,3827,2850,Active Training and Placement Cell,Strictly for registered final-year students,76% in 2023,8.9 Lakh Per Annum,29.2 Lakh Per Annum,2.7 Lakh Per Annum,"TCS, Infosys, Wipro, Cognizant, Amazon, Microsoft",Minimum 6.0 CGPA with no active backlogs,Mandatory 6-week summer internship,Stipend based on company selection,"Yes, across major city routes",32590,Over 15 designated routes,7:30 AM to 5:30 PM,Central Air-Conditioned Library,"Reading Room, Reference Section, Digital Access",117537,Available with remote access,"IEEE, Springer, ScienceDirect",8:00 AM to 8:00 PM,"Yes, for Boys and Girls",Available with 500+ capacity,Available with 300+ capacity,2026,25743,9:30 PM,Prior permission from Warden required,Strict anti-ragging policies enforced,"Yes, indoor and outdoor facilities","Football ground, Cricket pitch, Basketball courts","Table Tennis, Badminton, Chess","Football, Cricket, Volleyball, Athletics",Well-equipped modern gymnasium,Semester System (CBCS),Minimum 75% attendance mandatory,25% weightage,75% weightage,Minimum 40% aggregate required to pass,Conducted within 1 month of result declaration,Available for a maximum of 3 subjects,Maximum 4 backlogs allowed to promote to next year,Merit-based and Category-based scholarships available,Dedicated Student Counselling Centre,"Technical, Cultural, and Sports Clubs",Anti-Ragging Squad and Grievance Cell,End-semester anonymous feedback system,4.0/5,3.9/5,3.9/5,4.6/5,4.8/5,4.4/5,4.1/5
UNI113,"Hidayatullah National Law University, Raipur",Chhattisgarh,http://www.hnluraipur.com/,1942,UGC Recognized,NAAC 'A' Grade,24,"Engineering: CSE, Mechanical | Management: MBA, BBA | Science: B.Sc, M.Sc","B.Tech CSE, MBA Finance, B.Sc","Computer Science, Mechanical Engineering, Civil Engineering, Management Studies, Applied Sciences","Minimum 60% aggregate in 10+2 (Physics, Chemistry, Mathematics/Biology)",85079 per semester,11340,3957,3574,Active Training and Placement Cell,Strictly for registered final-year students,92% in 2023,11.0 Lakh Per Annum,26.6 Lakh Per Annum,3.2 Lakh Per Annum,"TCS, Infosys, Wipro, Cognizant, Amazon, Microsoft",Minimum 6.0 CGPA with no active backlogs,Mandatory 6-week summer internship,Stipend based on company selection,"Yes, across major city routes",34838,Over 15 designated routes,7:30 AM to 5:30 PM,Central Air-Conditioned Library,"Reading Room, Reference Section, Digital Access",154650,Available with remote access,"IEEE, Springer, ScienceDirect",8:00 AM to 8:00 PM,"Yes, for Boys and Girls",Available with 500+ capacity,Available with 300+ capacity,50029,31517,9:30 PM,Prior permission from Warden required,Strict anti-ragging policies enforced,"Yes, indoor and outdoor facilities","Football ground, Cricket pitch, Basketball courts","Table Tennis, Badminton, Chess","Football, Cricket, Volleyball, Athletics",Well-equipped modern gymnasium,Semester System (CBCS),Minimum 75% attendance mandatory,25% weightage,75% weightage,Minimum 40% aggregate required to pass,Conducted within 1 month of result declaration,Available for a maximum of 3 subjects,Maximum 4 backlogs allowed to promote to next year,Merit-based and Category-based scholarships available,Dedicated Student Counselling Centre,"Technical, Cultural, and Sports Clubs",Anti-Ragging Squad and Grievance Cell,End-semester anonymous feedback system,4.2/5,4.5/5,3.7/5,4.2/5,4.3/5,4.1/5,4.7/5
UNI114,Sri Ramachardra Medical College and Research Institute,nan,https://www.sriramachandra.edu.in/,1963,UGC Recognized,NAAC 'A' Grade,78,"Medical: MBBS, BDS, MD, B.Sc Nursing","B.Tech CSE, MBA Finance, B.Sc","Computer Science, Mechanical Engineering, Civil Engineering, Management Studies, Applied Sciences","Minimum 60% aggregate in 10+2 (Physics, Chemistry, Mathematics/Biology)",107760 per semester,18667,3760,4471,Active Training and Placement Cell,Strictly for registered final-year students,89% in 2023,11.2 Lakh Per Annum,37.7 Lakh Per Annum,3.2 Lakh Per Annum,"TCS, Infosys, Wipro, Cognizant, Amazon, Microsoft",Minimum 6.0 CGPA with no active backlogs,Mandatory 6-week summer internship,Stipend based on company selection,"Yes, across major city routes",32854,Over 15 designated routes,7:30 AM to 5:30 PM,Central Air-Conditioned Library,"Reading Room, Reference Section, Digital Access",164168,Available with remote access,"IEEE, Springer, ScienceDirect",8:00 AM to 8:00 PM,"Yes, for Boys and Girls",Available with 500+ capacity,Available with 300+ capacity,62291,42826,9:30 PM,Prior permission from Warden required,Strict anti-ragging policies enforced,"Yes, indoor and outdoor facilities","Football ground, Cricket pitch, Basketball courts","Table Tennis, Badminton, Chess","Football, Cricket, Volleyball, Athletics",Well-equipped modern gymnasium,Semester System (CBCS),Minimum 75% attendance mandatory,25% weightage,75% weightage,Minimum 40% aggregate required to pass,Conducted within 1 month of result declaration,Available for a maximum of 3 subjects,Maximum 4 backlogs allowed to promote to next year,Merit-based and Category-based scholarships available,Dedicated Student Counselling Centre,"Technical, Cultural, and Sports Clubs",Anti-Ragging Squad and Grievance Cell,End-semester anonymous feedback system,4.7/5,4.4/5,4.1/5,3.9/5,4.4/5,4.6/5,4.5/5
UNI115,Himachal Pradesh University,Himachal Pradesh,http://hpuniv.nic.in/,1951,UGC Recognized,NAAC 'A' Grade,76,"Engineering: CSE, Mechanical | Management: MBA, BBA | Science: B.Sc, M.Sc","B.Tech CSE, MBA Finance, B.Sc","Computer Science, Mechanical Engineering, Civil Engineering, Management Studies, Applied Sciences","Minimum 60% aggregate in 10+2 (Physics, Chemistry, Mathematics/Biology)",58040 per semester,17763,4936,5712,Active Training and Placement Cell,Strictly for registered final-year students,92% in 2023,4.7 Lakh Per Annum,36.7 Lakh Per Annum,2.8 Lakh Per Annum,"TCS, Infosys, Wipro, Cognizant, Amazon, Microsoft",Minimum 6.0 CGPA with no active backlogs,Mandatory 6-week summer internship,Stipend based on company selection,"Yes, across major city routes",21017,Over 15 designated routes,7:30 AM to 5:30 PM,Central Air-Conditioned Library,"Reading Room, Reference Section, Digital Access",211435,Available with remote access,"IEEE, Springer, ScienceDirect",8:00 AM to 8:00 PM,"Yes, for Boys and Girls",Available with 500+ capacity,Available with 300+ capacity,52841,43119,9:30 PM,Prior permission from Warden required,Strict anti-ragging policies enforced,"Yes, indoor and outdoor facilities","Football ground, Cricket pitch, Basketball courts","Table Tennis, Badminton, Chess","Football, Cricket, Volleyball, Athletics",Well-equipped modern gymnasium,Semester System (CBCS),Minimum 75% attendance mandatory,25% weightage,75% weightage,Minimum 40% aggregate required to pass,Conducted within 1 month of result declaration,Available for a maximum of 3 subjects,Maximum 4 backlogs allowed to promote to next year,Merit-based and Category-based scholarships available,Dedicated Student Counselling Centre,"Technical, Cultural, and Sports Clubs",Anti-Ragging Squad and Grievance Cell,End-semester anonymous feedback system,4.7/5,4.1/5,4.1/5,4.1/5,4.6/5,4.4/5,4.0/5
UNI116,Indian Agricultural Research Institute,nan,http://www.iari.ernet.in/,1951,UGC Recognized,NAAC 'A' Grade,149,"Engineering: CSE, Mechanical | Management: MBA, BBA | Science: B.Sc, M.Sc","B.Tech CSE, MBA Finance, B.Sc","Computer Science, Mechanical Engineering, Civil Engineering, Management Studies, Applied Sciences","Minimum 60% aggregate in 10+2 (Physics, Chemistry, Mathematics/Biology)",132684 per semester,11579,4484,6598,Active Training and Placement Cell,Strictly for registered final-year students,94% in 2023,11.4 Lakh Per Annum,31.0 Lakh Per Annum,2.6 Lakh Per Annum,"TCS, Infosys, Wipro, Cognizant, Amazon, Microsoft",Minimum 6.0 CGPA with no active backlogs,Mandatory 6-week summer internship,Stipend based on company selection,"Yes, across major city routes",18173,Over 15 designated routes,7:30 AM to 5:30 PM,Central Air-Conditioned Library,"Reading Room, Reference Section, Digital Access",151328,Available with remote access,"IEEE, Springer, ScienceDirect",8:00 AM to 8:00 PM,"Yes, for Boys and Girls",Available with 500+ capacity,Available with 300+ capacity,73633,29589,9:30 PM,Prior permission from Warden required,Strict anti-ragging policies enforced,"Yes, indoor and outdoor facilities","Football ground, Cricket pitch, Basketball courts","Table Tennis, Badminton, Chess","Football, Cricket, Volleyball, Athletics",Well-equipped modern gymnasium,Semester System (CBCS),Minimum 75% attendance mandatory,25% weightage,75% weightage,Minimum 40% aggregate required to pass,Conducted within 1 month of result declaration,Available for a maximum of 3 subjects,Maximum 4 backlogs allowed to promote to next year,Merit-based and Category-based scholarships available,Dedicated Student Counselling Centre,"Technical, Cultural, and Sports Clubs",Anti-Ragging Squad and Grievance Cell,End-semester anonymous feedback system,4.0/5,3.9/5,4.2/5,4.2/5,4.7/5,4.4/5,4.4/5
UNI117,IASE (Institute of Advanced Studies) Deemed University,nan,http://www.iaseduniv.org/,1946,UGC Recognized,NAAC 'A' Grade,126,"Engineering: CSE, Mechanical | Management: MBA, BBA | Science: B.Sc, M.Sc","B.Tech CSE, MBA Finance, B.Sc","Computer Science, Mechanical Engineering, Civil Engineering, Management Studies, Applied Sciences","Minimum 60% aggregate in 10+2 (Physics, Chemistry, Mathematics/Biology)",85944 per semester,6033,2052,8780,Active Training and Placement Cell,Strictly for registered final-year students,94% in 2023,5.3 Lakh Per Annum,25.9 Lakh Per Annum,3.6 Lakh Per Annum,"TCS, Infosys, Wipro, Cognizant, Amazon, Microsoft",Minimum 6.0 CGPA with no active backlogs,Mandatory 6-week summer internship,Stipend based on company selection,"Yes, across major city routes",22599,Over 15 designated routes,7:30 AM to 5:30 PM,Central Air-Conditioned Library,"Reading Room, Reference Section, Digital Access",198441,Available with remote access,"IEEE, Springer, ScienceDirect",8:00 AM to 8:00 PM,"Yes, for Boys and Girls",Available with 500+ capacity,Available with 300+ capacity,46161,39825,9:30 PM,Prior permission from Warden required,Strict anti-ragging policies enforced,"Yes, indoor and outdoor facilities","Football ground, Cricket pitch, Basketball courts","Table Tennis, Badminton, Chess","Football, Cricket, Volleyball, Athletics",Well-equipped modern gymnasium,Semester System (CBCS),Minimum 75% attendance mandatory,25% weightage,75% weightage,Minimum 40% aggregate required to pass,Conducted within 1 month of result declaration,Available for a maximum of 3 subjects,Maximum 4 backlogs allowed to promote to next year,Merit-based and Category-based scholarships available,Dedicated Student Counselling Centre,"Technical, Cultural, and Sports Clubs",Anti-Ragging Squad and Grievance Cell,End-semester anonymous feedback system,4.4/5,4.0/5,3.5/5,4.1/5,4.4/5,4.2/5,4.4/5
UNI118,ICFAI University,nan,http://www.icfai.org/,1984,UGC Recognized,NAAC 'A' Grade,136,"Engineering: CSE, Mechanical | Management: MBA, BBA | Science: B.Sc, M.Sc","B.Tech CSE, MBA Finance, B.Sc","Computer Science, Mechanical Engineering, Civil Engineering, Management Studies, Applied Sciences","Minimum 60% aggregate in 10+2 (Physics, Chemistry, Mathematics/Biology)",72773 per semester,11175,3378,4097,Active Training and Placement Cell,Strictly for registered final-year students,93% in 2023,7.7 Lakh Per Annum,44.3 Lakh Per Annum,3.2 Lakh Per Annum,"TCS, Infosys, Wipro, Cognizant, Amazon, Microsoft",Minimum 6.0 CGPA with no active backlogs,Mandatory 6-week summer internship,Stipend based on company selection,"Yes, across major city routes",21887,Over 15 designated routes,7:30 AM to 5:30 PM,Central Air-Conditioned Library,"Reading Room, Reference Section, Digital Access",55029,Available with remote access,"IEEE, Springer, ScienceDirect",8:00 AM to 8:00 PM,"Yes, for Boys and Girls",Available with 500+ capacity,Available with 300+ capacity,52432,27637,9:30 PM,Prior permission from Warden required,Strict anti-ragging policies enforced,"Yes, indoor and outdoor facilities","Football ground, Cricket pitch, Basketball courts","Table Tennis, Badminton, Chess","Football, Cricket, Volleyball, Athletics",Well-equipped modern gymnasium,Semester System (CBCS),Minimum 75% attendance mandatory,25% weightage,75% weightage,Minimum 40% aggregate required to pass,Conducted within 1 month of result declaration,Available for a maximum of 3 subjects,Maximum 4 backlogs allowed to promote to next year,Merit-based and Category-based scholarships available,Dedicated Student Counselling Centre,"Technical, Cultural, and Sports Clubs",Anti-Ragging Squad and Grievance Cell,End-semester anonymous feedback system,4.3/5,4.5/5,4.4/5,3.9/5,4.6/5,4.1/5,4.2/5
UNI119,"ICFAI University, Dehradun",Dehradun,https://www.iudehradun.edu.in/,2003,UGC Recognized,NAAC 'A' Grade,38,"Engineering: CSE, Mechanical | Management: MBA, BBA | Science: B.Sc, M.Sc","B.Tech CSE, MBA Finance, B.Sc","Computer Science, Mechanical Engineering, Civil Engineering, Management Studies, Applied Sciences","Minimum 60% aggregate in 10+2 (Physics, Chemistry, Mathematics/Biology)",53839 per semester,23781,4430,8846,Active Training and Placement Cell,Strictly for registered final-year students,96% in 2023,12 Lakh Per Annum,42.7 Lakh Per Annum,3.7 Lakh Per Annum,"TCS, Infosys, Wipro, Cognizant, Amazon, Microsoft",Minimum 6.0 CGPA with no active backlogs,Mandatory 6-week summer internship,Stipend based on company selection,"Yes, across major city routes",21123,Over 15 designated routes,7:30 AM to 5:30 PM,Central Air-Conditioned Library,"Reading Room, Reference Section, Digital Access",2026,Available with remote access,"IEEE, Springer, ScienceDirect",8:00 AM to 8:00 PM,"Yes, for Boys and Girls",Available with 500+ capacity,Available with 300+ capacity,81503,26573,9:30 PM,Prior permission from Warden required,Strict anti-ragging policies enforced,"Yes, indoor and outdoor facilities","Football ground, Cricket pitch, Basketball courts","Table Tennis, Badminton, Chess","Football, Cricket, Volleyball, Athletics",Well-equipped modern gymnasium,Semester System (CBCS),Minimum 75% attendance mandatory,25% weightage,75% weightage,Minimum 40% aggregate required to pass,Conducted within 1 month of result declaration,Available for a maximum of 3 subjects,Maximum 4 backlogs allowed to promote to next year,Merit-based and Category-based scholarships available,Dedicated Student Counselling Centre,"Technical, Cultural, and Sports Clubs",Anti-Ragging Squad and Grievance Cell,End-semester anonymous feedback system,4.1/5,4.5/5,3.9/5,4.4/5,4.4/5,4.3/5,4.2/5
UNI120,"ICFAI University, Tripura",Tripura,https://www.iutripura.edu.in/,2004,UGC Recognized,NAAC 'A' Grade,92,"Engineering: CSE, Mechanical | Management: MBA, BBA | Science: B.Sc, M.Sc","B.Tech CSE, MBA Finance, B.Sc","Computer Science, Mechanical Engineering, Civil Engineering, Management Studies, Applied Sciences","Minimum 60% aggregate in 10+2 (Physics, Chemistry, Mathematics/Biology)",97859 per semester,20562,3640,7857,Active Training and Placement Cell,Strictly for registered final-year students,76% in 2024,7.8 Lakh Per Annum,36.2 Lakh Per Annum,3.5 Lakh Per Annum,"TCS, Infosys, Wipro, Cognizant, Amazon, Microsoft",Minimum 6.0 CGPA with no active backlogs,Mandatory 6-week summer internship,Stipend based on company selection,"Yes, across major city routes",17359,Over 15 designated routes,7:30 AM to 5:30 PM,Central Air-Conditioned Library,"Reading Room, Reference Section, Digital Access",15000,Available with remote access,"IEEE, Springer, ScienceDirect",8:00 AM to 8:00 PM,"Yes, for Boys and Girls",Available with 500+ capacity,Available with 300+ capacity,53794,44371,9:30 PM,Prior permission from Warden required,Strict anti-ragging policies enforced,"Yes, indoor and outdoor facilities","Football ground, Cricket pitch, Basketball courts","Table Tennis, Badminton, Chess","Football, Cricket, Volleyball, Athletics",Well-equipped modern gymnasium,Semester System (CBCS),Minimum 75% attendance mandatory,25% weightage,75% weightage,Minimum 40% aggregate required to pass,Conducted within 1 month of result declaration,Available for a maximum of 3 subjects,Maximum 4 backlogs allowed to promote to next year,Merit-based and Category-based scholarships available,Dedicated Student Counselling Centre,"Technical, Cultural, and Sports Clubs",Anti-Ragging Squad and Grievance Cell,End-semester anonymous feedback system,4.3/5,4.5/5,4.0/5,3.9/5,4.7/5,4.0/5,4.3/5
UNI121,"ICFAI University, Sikkim",Sikkim,https://www.iusikkim.edu.in/,1957,UGC Recognized,NAAC 'A' Grade,141,"Engineering: CSE, Mechanical | Management: MBA, BBA | Science: B.Sc, M.Sc","B.Tech CSE, MBA Finance, B.Sc","Computer Science, Mechanical Engineering, Civil Engineering, Management Studies, Applied Sciences","Minimum 60% aggregate in 10+2 (Physics, Chemistry, Mathematics/Biology)",52004 per semester,12389,1753,2989,Active Training and Placement Cell,Strictly for registered final-year students,80% in 2023,7.25 Lakh Per Annum,21.2 Lakh Per Annum,2.9 Lakh Per Annum,"TCS, Infosys, Wipro, Cognizant, Amazon, Microsoft",Minimum 6.0 CGPA with no active backlogs,Mandatory 6-week summer internship,Stipend based on company selection,"Yes, across major city routes",15525,Over 15 designated routes,7:30 AM to 5:30 PM,Central Air-Conditioned Library,"Reading Room, Reference Section, Digital Access",15000,Available with remote access,"IEEE, Springer, ScienceDirect",8:00 AM to 8:00 PM,"Yes, for Boys and Girls",Available with 500+ capacity,Available with 300+ capacity,60127,44104,9:30 PM,Prior permission from Warden required,Strict anti-ragging policies enforced,"Yes, indoor and outdoor facilities","Football ground, Cricket pitch, Basketball courts","Table Tennis, Badminton, Chess","Football, Cricket, Volleyball, Athletics",Well-equipped modern gymnasium,Semester System (CBCS),Minimum 75% attendance mandatory,25% weightage,75% weightage,Minimum 40% aggregate required to pass,Conducted within 1 month of result declaration,Available for a maximum of 3 subjects,Maximum 4 backlogs allowed to promote to next year,Merit-based and Category-based scholarships available,Dedicated Student Counselling Centre,"Technical, Cultural, and Sports Clubs",Anti-Ragging Squad and Grievance Cell,End-semester anonymous feedback system,4.0/5,4.1/5,3.9/5,4.4/5,4.4/5,4.1/5,4.1/5
UNI122,"ICFAI University, Mizoram",Mizoram,https://www.iumizoram.edu.in/,1970,UGC Recognized,NAAC 'A' Grade,20,"Engineering: CSE, Mechanical | Management: MBA, BBA | Science: B.Sc, M.Sc","B.Tech CSE, MBA Finance, B.Sc","Computer Science, Mechanical Engineering, Civil Engineering, Management Studies, Applied Sciences","Minimum 60% aggregate in 10+2 (Physics, Chemistry, Mathematics/Biology)",47977 per semester,6291,2919,6877,Active Training and Placement Cell,Strictly for registered final-year students,76% in 2023,9.8 Lakh Per Annum,9.32 Lakh Per Annum,3.5 Lakh Per Annum,"TCS, Infosys, Wipro, Cognizant, Amazon, Microsoft",Minimum 6.0 CGPA with no active backlogs,Mandatory 6-week summer internship,Stipend based on company selection,"Yes, across major city routes",23326,Over 15 designated routes,7:30 AM to 5:30 PM,Central Air-Conditioned Library,"Reading Room, Reference Section, Digital Access",15000,Available with remote access,"IEEE, Springer, ScienceDirect",8:00 AM to 8:00 PM,"Yes, for Boys and Girls",Available with 500+ capacity,Available with 300+ capacity,68488,29466,9:30 PM,Prior permission from Warden required,Strict anti-ragging policies enforced,"Yes, indoor and outdoor facilities","Football ground, Cricket pitch, Basketball courts","Table Tennis, Badminton, Chess","Football, Cricket, Volleyball, Athletics",Well-equipped modern gymnasium,Semester System (CBCS),Minimum 75% attendance mandatory,25% weightage,75% weightage,Minimum 40% aggregate required to pass,Conducted within 1 month of result declaration,Available for a maximum of 3 subjects,Maximum 4 backlogs allowed to promote to next year,Merit-based and Category-based scholarships available,Dedicated Student Counselling Centre,"Technical, Cultural, and Sports Clubs",Anti-Ragging Squad and Grievance Cell,End-semester anonymous feedback system,4.2/5,4.5/5,3.7/5,4.1/5,4.6/5,4.5/5,4.5/5
UNI123,"ICFAI University, Meghalaya",Meghalaya,https://www.iumeghalaya.edu.in/,1954,UGC Recognized,NAAC 'A' Grade,112,"Engineering: CSE, Mechanical | Management: MBA, BBA | Science: B.Sc, M.Sc","B.Tech CSE, MBA Finance, B.Sc","Computer Science, Mechanical Engineering, Civil Engineering, Management Studies, Applied Sciences","Minimum 60% aggregate in 10+2 (Physics, Chemistry, Mathematics/Biology)",117398 per semester,8692,1891,6317,Active Training and Placement Cell,Strictly for registered final-year students,76% in 2023,4.8 Lakh Per Annum,9.32 Lakh Per Annum,2.6 Lakh Per Annum,"TCS, Infosys, Wipro, Cognizant, Amazon, Microsoft",Minimum 6.0 CGPA with no active backlogs,Mandatory 6-week summer internship,Stipend based on company selection,"Yes, across major city routes",26386,Over 15 designated routes,7:30 AM to 5:30 PM,Central Air-Conditioned Library,"Reading Room, Reference Section, Digital Access",15000,Available with remote access,"IEEE, Springer, ScienceDirect",8:00 AM to 8:00 PM,"Yes, for Boys and Girls",Available with 500+ capacity,Available with 300+ capacity,72952,34735,9:30 PM,Prior permission from Warden required,Strict anti-ragging policies enforced,"Yes, indoor and outdoor facilities","Football ground, Cricket pitch, Basketball courts","Table Tennis, Badminton, Chess","Football, Cricket, Volleyball, Athletics",Well-equipped modern gymnasium,Semester System (CBCS),Minimum 75% attendance mandatory,25% weightage,75% weightage,Minimum 40% aggregate required to pass,Conducted within 1 month of result declaration,Available for a maximum of 3 subjects,Maximum 4 backlogs allowed to promote to next year,Merit-based and Category-based scholarships available,Dedicated Student Counselling Centre,"Technical, Cultural, and Sports Clubs",Anti-Ragging Squad and Grievance Cell,End-semester anonymous feedback system,4.2/5,4.2/5,3.8/5,4.3/5,4.5/5,4.1/5,4.3/5
UNI124,"ICFAI University, Jharkhand",Jharkhand,https://www.iujharkhand.edu.in/,1997,UGC Recognized,NAAC 'A' Grade,79,"Engineering: CSE, Mechanical | Management: MBA, BBA | Science: B.Sc, M.Sc","B.Tech CSE, MBA Finance, B.Sc","Computer Science, Mechanical Engineering, Civil Engineering, Management Studies, Applied Sciences","Minimum 60% aggregate in 10+2 (Physics, Chemistry, Mathematics/Biology)",146711 per semester,7836,3552,4399,Active Training and Placement Cell,Strictly for registered final-year students,76% in 2023,11.9 Lakh Per Annum,9.32 Lakh Per Annum,3.5 Lakh Per Annum,"TCS, Infosys, Wipro, Cognizant, Amazon, Microsoft",Minimum 6.0 CGPA with no active backlogs,Mandatory 6-week summer internship,Stipend based on company selection,"Yes, across major city routes",18167,Over 15 designated routes,7:30 AM to 5:30 PM,Central Air-Conditioned Library,"Reading Room, Reference Section, Digital Access",15000,Available with remote access,"IEEE, Springer, ScienceDirect",8:00 AM to 8:00 PM,"Yes, for Boys and Girls",Available with 500+ capacity,Available with 300+ capacity,71026,36051,9:30 PM,Prior permission from Warden required,Strict anti-ragging policies enforced,"Yes, indoor and outdoor facilities","Football ground, Cricket pitch, Basketball courts","Table Tennis, Badminton, Chess","Football, Cricket, Volleyball, Athletics",Well-equipped modern gymnasium,Semester System (CBCS),Minimum 75% attendance mandatory,25% weightage,75% weightage,Minimum 40% aggregate required to pass,Conducted within 1 month of result declaration,Available for a maximum of 3 subjects,Maximum 4 backlogs allowed to promote to next year,Merit-based and Category-based scholarships available,Dedicated Student Counselling Centre,"Technical, Cultural, and Sports Clubs",Anti-Ragging Squad and Grievance Cell,End-semester anonymous feedback system,4.8/5,4.6/5,4.4/5,4.2/5,4.5/5,4.6/5,4.2/5
UNI125,"ICFAI University, Nagaland",Nagaland,https://www.iunagaland.edu.in/,1970,UGC Recognized,NAAC 'A' Grade,103,"Engineering: CSE, Mechanical | Management: MBA, BBA | Science: B.Sc, M.Sc","B.Tech CSE, MBA Finance, B.Sc","Computer Science, Mechanical Engineering, Civil Engineering, Management Studies, Applied Sciences","Minimum 60% aggregate in 10+2 (Physics, Chemistry, Mathematics/Biology)",144279 per semester,24082,1736,3370,Active Training and Placement Cell,Strictly for registered final-year students,92% in 2023,4.9 Lakh Per Annum,27.9 Lakh Per Annum,3.4 Lakh Per Annum,"TCS, Infosys, Wipro, Cognizant, Amazon, Microsoft",Minimum 6.0 CGPA with no active backlogs,Mandatory 6-week summer internship,Stipend based on company selection,"Yes, across major city routes",16165,Over 15 designated routes,7:30 AM to 5:30 PM,Central Air-Conditioned Library,"Reading Room, Reference Section, Digital Access",15000,Available with remote access,"IEEE, Springer, ScienceDirect",8:00 AM to 8:00 PM,"Yes, for Boys and Girls",Available with 500+ capacity,Available with 300+ capacity,72375,31900,9:30 PM,Prior permission from Warden required,Strict anti-ragging policies enforced,"Yes, indoor and outdoor facilities","Football ground, Cricket pitch, Basketball courts","Table Tennis, Badminton, Chess","Football, Cricket, Volleyball, Athletics",Well-equipped modern gymnasium,Semester System (CBCS),Minimum 75% attendance mandatory,25% weightage,75% weightage,Minimum 40% aggregate required to pass,Conducted within 1 month of result declaration,Available for a maximum of 3 subjects,Maximum 4 backlogs allowed to promote to next year,Merit-based and Category-based scholarships available,Dedicated Student Counselling Centre,"Technical, Cultural, and Sports Clubs",Anti-Ragging Squad and Grievance Cell,End-semester anonymous feedback system,4.3/5,4.4/5,3.6/5,3.9/5,4.2/5,4.7/5,4.1/5
UNI126,"ICFAI University, Jaipur",Rajasthan,https://www.iujaipur.edu.in/,2011,UGC Recognized,NAAC 'A' Grade,31,"Engineering: CSE, Mechanical | Management: MBA, BBA | Science: B.Sc, M.Sc","B.Tech CSE, MBA Finance, B.Sc","Computer Science, Mechanical Engineering, Civil Engineering, Management Studies, Applied Sciences","Minimum 60% aggregate in 10+2 (Physics, Chemistry, Mathematics/Biology)",47494 per semester,9635,1569,2270,Active Training and Placement Cell,Strictly for registered final-year students,90% in 2023,10.5 Lakh Per Annum,18.3 Lakh Per Annum,2.8 Lakh Per Annum,"TCS, Infosys, Wipro, Cognizant, Amazon, Microsoft",Minimum 6.0 CGPA with no active backlogs,Mandatory 6-week summer internship,Stipend based on company selection,"Yes, across major city routes",27628,Over 15 designated routes,7:30 AM to 5:30 PM,Central Air-Conditioned Library,"Reading Room, Reference Section, Digital Access",15000,Available with remote access,"IEEE, Springer, ScienceDirect",8:00 AM to 8:00 PM,"Yes, for Boys and Girls",Available with 500+ capacity,Available with 300+ capacity,68192,25923,9:30 PM,Prior permission from Warden required,Strict anti-ragging policies enforced,"Yes, indoor and outdoor facilities","Football ground, Cricket pitch, Basketball courts","Table Tennis, Badminton, Chess","Football, Cricket, Volleyball, Athletics",Well-equipped modern gymnasium,Semester System (CBCS),Minimum 75% attendance mandatory,25% weightage,75% weightage,Minimum 40% aggregate required to pass,Conducted within 1 month of result declaration,Available for a maximum of 3 subjects,Maximum 4 backlogs allowed to promote to next year,Merit-based and Category-based scholarships available,Dedicated Student Counselling Centre,"Technical, Cultural, and Sports Clubs",Anti-Ragging Squad and Grievance Cell,End-semester anonymous feedback system,4.6/5,4.4/5,3.9/5,4.1/5,4.9/5,4.6/5,4.2/5
UNI127,"ICFAI University, Raipur",Chhattisgarh,https://www.iuraipur.edu.in/,1963,UGC Recognized,NAAC 'A' Grade,134,"Engineering: CSE, Mechanical | Management: MBA, BBA | Science: B.Sc, M.Sc","B.Tech CSE, MBA Finance, B.Sc","Computer Science, Mechanical Engineering, Civil Engineering, Management Studies, Applied Sciences","Minimum 60% aggregate in 10+2 (Physics, Chemistry, Mathematics/Biology)",2021 per semester,11176,2301,2778,Active Training and Placement Cell,Strictly for registered final-year students,90% in 2023,6.5 Lakh Per Annum,10 Lakh Per Annum,3.8 Lakh Per Annum,"TCS, Infosys, Wipro, Cognizant, Amazon, Microsoft",Minimum 6.0 CGPA with no active backlogs,Mandatory 6-week summer internship,Stipend based on company selection,"Yes, across major city routes",28008,Over 15 designated routes,7:30 AM to 5:30 PM,Central Air-Conditioned Library,"Reading Room, Reference Section, Digital Access",15000,Available with remote access,"IEEE, Springer, ScienceDirect",8:00 AM to 8:00 PM,"Yes, for Boys and Girls",Available with 500+ capacity,Available with 300+ capacity,73231,35304,9:30 PM,Prior permission from Warden required,Strict anti-ragging policies enforced,"Yes, indoor and outdoor facilities","Football ground, Cricket pitch, Basketball courts","Table Tennis, Badminton, Chess","Football, Cricket, Volleyball, Athletics",Well-equipped modern gymnasium,Semester System (CBCS),Minimum 75% attendance mandatory,25% weightage,75% weightage,Minimum 40% aggregate required to pass,Conducted within 1 month of result declaration,Available for a maximum of 3 subjects,Maximum 4 backlogs allowed to promote to next year,Merit-based and Category-based scholarships available,Dedicated Student Counselling Centre,"Technical, Cultural, and Sports Clubs",Anti-Ragging Squad and Grievance Cell,End-semester anonymous feedback system,4.3/5,3.8/5,4.0/5,4.4/5,4.4/5,4.2/5,4.7/5
UNI128,"ICFAI University, Himachal Pradesh",Himachal Pradesh,https://www.iuhimachal.edu.in/,2011,UGC Recognized,NAAC 'A' Grade,86,"Engineering: CSE, Mechanical | Management: MBA, BBA | Science: B.Sc, M.Sc","B.Tech CSE, MBA Finance, B.Sc","Computer Science, Mechanical Engineering, Civil Engineering, Management Studies, Applied Sciences","Minimum 60% aggregate in 10+2 (Physics, Chemistry, Mathematics/Biology)",132518 per semester,9855,2740,2880,Active Training and Placement Cell,Strictly for registered final-year students,80% in 2023,8.4 Lakh Per Annum,10.00 Lakh Per Annum,2.5 Lakh Per Annum,"TCS, Infosys, Wipro, Cognizant, Amazon, Microsoft",Minimum 6.0 CGPA with no active backlogs,Mandatory 6-week summer internship,Stipend based on company selection,"Yes, across major city routes",23907,Over 15 designated routes,7:30 AM to 5:30 PM,Central Air-Conditioned Library,"Reading Room, Reference Section, Digital Access",15000,Available with remote access,"IEEE, Springer, ScienceDirect",8:00 AM to 8:00 PM,"Yes, for Boys and Girls",Available with 500+ capacity,Available with 300+ capacity,63697,29411,9:30 PM,Prior permission from Warden required,Strict anti-ragging policies enforced,"Yes, indoor and outdoor facilities","Football ground, Cricket pitch, Basketball courts","Table Tennis, Badminton, Chess","Football, Cricket, Volleyball, Athletics",Well-equipped modern gymnasium,Semester System (CBCS),Minimum 75% attendance mandatory,25% weightage,75% weightage,Minimum 40% aggregate required to pass,Conducted within 1 month of result declaration,Available for a maximum of 3 subjects,Maximum 4 backlogs allowed to promote to next year,Merit-based and Category-based scholarships available,Dedicated Student Counselling Centre,"Technical, Cultural, and Sports Clubs",Anti-Ragging Squad and Grievance Cell,End-semester anonymous feedback system,4.1/5,4.6/5,3.6/5,4.6/5,4.5/5,4.4/5,4.0/5
UNI129,"ICFAI University, Hyderabad",Telangana,https://www.ifheindia.org/,1969,UGC Recognized,NAAC 'A' Grade,62,"Engineering: CSE, Mechanical | Management: MBA, BBA | Science: B.Sc, M.Sc","B.Tech CSE, MBA Finance, B.Sc","Computer Science, Mechanical Engineering, Civil Engineering, Management Studies, Applied Sciences","Minimum 60% aggregate in 10+2 (Physics, Chemistry, Mathematics/Biology)",71397 per semester,16951,3006,4241,Active Training and Placement Cell,Strictly for registered final-year students,93% in 2023,21.00 Lakh Per Annum,21.00 Lakh Per Annum,3.4 Lakh Per Annum,"TCS, Infosys, Wipro, Cognizant, Amazon, Microsoft",Minimum 6.0 CGPA with no active backlogs,Mandatory 6-week summer internship,Stipend based on company selection,"Yes, across major city routes",15719,Over 15 designated routes,7:30 AM to 5:30 PM,Central Air-Conditioned Library,"Reading Room, Reference Section, Digital Access",231574,Available with remote access,"IEEE, Springer, ScienceDirect",8:00 AM to 8:00 PM,"Yes, for Boys and Girls",Available with 500+ capacity,Available with 300+ capacity,49096,25392,9:30 PM,Prior permission from Warden required,Strict anti-ragging policies enforced,"Yes, indoor and outdoor facilities","Football ground, Cricket pitch, Basketball courts","Table Tennis, Badminton, Chess","Football, Cricket, Volleyball, Athletics",Well-equipped modern gymnasium,Semester System (CBCS),Minimum 75% attendance mandatory,25% weightage,75% weightage,Minimum 40% aggregate required to pass,Conducted within 1 month of result declaration,Available for a maximum of 3 subjects,Maximum 4 backlogs allowed to promote to next year,Merit-based and Category-based scholarships available,Dedicated Student Counselling Centre,"Technical, Cultural, and Sports Clubs",Anti-Ragging Squad and Grievance Cell,End-semester anonymous feedback system,4.2/5,4.7/5,4.0/5,3.9/5,4.9/5,4.2/5,4.7/5
UNI130,Indira Gandhi Agricultural University,nan,http://www.igau.edu.in/,2009,UGC Recognized,NAAC 'A' Grade,147,"Engineering: CSE, Mechanical | Management: MBA, BBA | Science: B.Sc, M.Sc","B.Tech CSE, MBA Finance, B.Sc","Computer Science, Mechanical Engineering, Civil Engineering, Management Studies, Applied Sciences","Minimum 60% aggregate in 10+2 (Physics, Chemistry, Mathematics/Biology)",69136 per semester,18662,2729,7445,Active Training and Placement Cell,Strictly for registered final-year students,91% in 2023,9.6 Lakh Per Annum,40.1 Lakh Per Annum,3.4 Lakh Per Annum,"TCS, Infosys, Wipro, Cognizant, Amazon, Microsoft",Minimum 6.0 CGPA with no active backlogs,Mandatory 6-week summer internship,Stipend based on company selection,"Yes, across major city routes",27587,Over 15 designated routes,7:30 AM to 5:30 PM,Central Air-Conditioned Library,"Reading Room, Reference Section, Digital Access",153924,Available with remote access,"IEEE, Springer, ScienceDirect",8:00 AM to 8:00 PM,"Yes, for Boys and Girls",Available with 500+ capacity,Available with 300+ capacity,74198,28032,9:30 PM,Prior permission from Warden required,Strict anti-ragging policies enforced,"Yes, indoor and outdoor facilities","Football ground, Cricket pitch, Basketball courts","Table Tennis, Badminton, Chess","Football, Cricket, Volleyball, Athletics",Well-equipped modern gymnasium,Semester System (CBCS),Minimum 75% attendance mandatory,25% weightage,75% weightage,Minimum 40% aggregate required to pass,Conducted within 1 month of result declaration,Available for a maximum of 3 subjects,Maximum 4 backlogs allowed to promote to next year,Merit-based and Category-based scholarships available,Dedicated Student Counselling Centre,"Technical, Cultural, and Sports Clubs",Anti-Ragging Squad and Grievance Cell,End-semester anonymous feedback system,4.3/5,4.5/5,4.4/5,4.1/5,4.8/5,4.8/5,4.6/5
UNI131,Indira Gandhi Institute of Development and Research,nan,http://www.igidr.ac.in/,1986,UGC Recognized,NAAC 'A' Grade,113,"Engineering: CSE, Mechanical | Management: MBA, BBA | Science: B.Sc, M.Sc","B.Tech CSE, MBA Finance, B.Sc","Computer Science, Mechanical Engineering, Civil Engineering, Management Studies, Applied Sciences","Minimum 60% aggregate in 10+2 (Physics, Chemistry, Mathematics/Biology)",83844 per semester,10061,4624,8415,Active Training and Placement Cell,Strictly for registered final-year students,95% in 2023,11.3 Lakh Per Annum,34.9 Lakh Per Annum,3.8 Lakh Per Annum,"TCS, Infosys, Wipro, Cognizant, Amazon, Microsoft",Minimum 6.0 CGPA with no active backlogs,Mandatory 6-week summer internship,Stipend based on company selection,"Yes, across major city routes",23714,Over 15 designated routes,7:30 AM to 5:30 PM,Central Air-Conditioned Library,"Reading Room, Reference Section, Digital Access",53500,Available with remote access,"IEEE, Springer, ScienceDirect",8:00 AM to 8:00 PM,"Yes, for Boys and Girls",Available with 500+ capacity,Available with 300+ capacity,66760,37623,9:30 PM,Prior permission from Warden required,Strict anti-ragging policies enforced,"Yes, indoor and outdoor facilities","Football ground, Cricket pitch, Basketball courts","Table Tennis, Badminton, Chess","Football, Cricket, Volleyball, Athletics",Well-equipped modern gymnasium,Semester System (CBCS),Minimum 75% attendance mandatory,25% weightage,75% weightage,Minimum 40% aggregate required to pass,Conducted within 1 month of result declaration,Available for a maximum of 3 subjects,Maximum 4 backlogs allowed to promote to next year,Merit-based and Category-based scholarships available,Dedicated Student Counselling Centre,"Technical, Cultural, and Sports Clubs",Anti-Ragging Squad and Grievance Cell,End-semester anonymous feedback system,4.0/5,4.6/5,4.0/5,4.0/5,4.6/5,4.6/5,4.7/5
UNI132,Indira Gandhi Institute of Medical Sciences,nan,http://www.igims.org/,1991,UGC Recognized,NAAC 'A' Grade,78,"Medical: MBBS, BDS, MD, B.Sc Nursing","B.Tech CSE, MBA Finance, B.Sc","Computer Science, Mechanical Engineering, Civil Engineering, Management Studies, Applied Sciences","Minimum 60% aggregate in 10+2 (Physics, Chemistry, Mathematics/Biology)",65946 per semester,9995,3650,2637,Active Training and Placement Cell,Strictly for registered final-year students,93% in 2023,8.1 Lakh Per Annum,27.4 Lakh Per Annum,3.9 Lakh Per Annum,"TCS, Infosys, Wipro, Cognizant, Amazon, Microsoft",Minimum 6.0 CGPA with no active backlogs,Mandatory 6-week summer internship,Stipend based on company selection,"Yes, across major city routes",17936,Over 15 designated routes,7:30 AM to 5:30 PM,Central Air-Conditioned Library,"Reading Room, Reference Section, Digital Access",215521,Available with remote access,"IEEE, Springer, ScienceDirect",8:00 AM to 8:00 PM,"Yes, for Boys and Girls",Available with 500+ capacity,Available with 300+ capacity,56798,25806,9:30 PM,Prior permission from Warden required,Strict anti-ragging policies enforced,"Yes, indoor and outdoor facilities","Football ground, Cricket pitch, Basketball courts","Table Tennis, Badminton, Chess","Football, Cricket, Volleyball, Athletics",Well-equipped modern gymnasium,Semester System (CBCS),Minimum 75% attendance mandatory,25% weightage,75% weightage,Minimum 40% aggregate required to pass,Conducted within 1 month of result declaration,Available for a maximum of 3 subjects,Maximum 4 backlogs allowed to promote to next year,Merit-based and Category-based scholarships available,Dedicated Student Counselling Centre,"Technical, Cultural, and Sports Clubs",Anti-Ragging Squad and Grievance Cell,End-semester anonymous feedback system,4.4/5,4.5/5,3.7/5,4.5/5,4.9/5,4.6/5,4.6/5
UNI133,Indira Gandhi National Open University,nan,http://www.ignou.ac.in/,1959,UGC Recognized,NAAC 'A' Grade,46,"Engineering: CSE, Mechanical | Management: MBA, BBA | Science: B.Sc, M.Sc","B.Tech CSE, MBA Finance, B.Sc","Computer Science, Mechanical Engineering, Civil Engineering, Management Studies, Applied Sciences","Minimum 60% aggregate in 10+2 (Physics, Chemistry, Mathematics/Biology)",147185 per semester,20313,2563,8415,Active Training and Placement Cell,Strictly for registered final-year students,97% in 2023,11.0 Lakh Per Annum,31.6 Lakh Per Annum,3.7 Lakh Per Annum,"TCS, Infosys, Wipro, Cognizant, Amazon, Microsoft",Minimum 6.0 CGPA with no active backlogs,Mandatory 6-week summer internship,Stipend based on company selection,"Yes, across major city routes",32395,Over 15 designated routes,7:30 AM to 5:30 PM,Central Air-Conditioned Library,"Reading Room, Reference Section, Digital Access",206595,Available with remote access,"IEEE, Springer, ScienceDirect",8:00 AM to 8:00 PM,"Yes, for Boys and Girls",Available with 500+ capacity,Available with 300+ capacity,54188,31203,9:30 PM,Prior permission from Warden required,Strict anti-ragging policies enforced,"Yes, indoor and outdoor facilities","Football ground, Cricket pitch, Basketball courts","Table Tennis, Badminton, Chess","Football, Cricket, Volleyball, Athletics",Well-equipped modern gymnasium,Semester System (CBCS),Minimum 75% attendance mandatory,25% weightage,75% weightage,Minimum 40% aggregate required to pass,Conducted within 1 month of result declaration,Available for a maximum of 3 subjects,Maximum 4 backlogs allowed to promote to next year,Merit-based and Category-based scholarships available,Dedicated Student Counselling Centre,"Technical, Cultural, and Sports Clubs",Anti-Ragging Squad and Grievance Cell,End-semester anonymous feedback system,4.3/5,4.7/5,3.5/5,4.5/5,4.7/5,4.1/5,4.2/5
UNI134,Indian Institute of Information Technology Allahabad,Uttar Pradesh,http://www.iiita.com/,1981,UGC Recognized,NAAC 'A' Grade,72,"Engineering: Computer Science (CSE), Civil, Mechanical, ICT","B.Tech CSE, MBA Finance, B.Sc","Computer Science, Mechanical Engineering, Civil Engineering, Management Studies, Applied Sciences","Minimum 60% aggregate in 10+2 (Physics, Chemistry, Mathematics/Biology)",68145 per semester,21135,4632,4848,Active Training and Placement Cell,Strictly for registered final-year students,86% in 2023,7.3 Lakh Per Annum,35.1 Lakh Per Annum,3.4 Lakh Per Annum,"TCS, Infosys, Wipro, Cognizant, Amazon, Microsoft",Minimum 6.0 CGPA with no active backlogs,Mandatory 6-week summer internship,Stipend based on company selection,"Yes, across major city routes",21067,Over 15 designated routes,7:30 AM to 5:30 PM,Central Air-Conditioned Library,"Reading Room, Reference Section, Digital Access",182859,Available with remote access,"IEEE, Springer, ScienceDirect",8:00 AM to 8:00 PM,"Yes, for Boys and Girls",Available with 500+ capacity,Available with 300+ capacity,66591,27525,9:30 PM,Prior permission from Warden required,Strict anti-ragging policies enforced,"Yes, indoor and outdoor facilities","Football ground, Cricket pitch, Basketball courts","Table Tennis, Badminton, Chess","Football, Cricket, Volleyball, Athletics",Well-equipped modern gymnasium,Semester System (CBCS),Minimum 75% attendance mandatory,25% weightage,75% weightage,Minimum 40% aggregate required to pass,Conducted within 1 month of result declaration,Available for a maximum of 3 subjects,Maximum 4 backlogs allowed to promote to next year,Merit-based and Category-based scholarships available,Dedicated Student Counselling Centre,"Technical, Cultural, and Sports Clubs",Anti-Ragging Squad and Grievance Cell,End-semester anonymous feedback system,4.6/5,4.0/5,4.0/5,3.8/5,4.5/5,4.5/5,4.0/5
UNI135,Indian Institute of Information Technology and Management - Kerala,Kerala,http://www.iiitmk.ac.in/,2000,UGC Recognized,NAAC 'A' Grade,103,"Engineering: Computer Science (CSE), Civil, Mechanical, ICT","B.Tech CSE, MBA Finance, B.Sc","Computer Science, Mechanical Engineering, Civil Engineering, Management Studies, Applied Sciences","Minimum 60% aggregate in 10+2 (Physics, Chemistry, Mathematics/Biology)",139441 per semester,6026,4352,4991,Active Training and Placement Cell,Strictly for registered final-year students,87% in 2023,9.6 Lakh Per Annum,29.2 Lakh Per Annum,2.8 Lakh Per Annum,"TCS, Infosys, Wipro, Cognizant, Amazon, Microsoft",Minimum 6.0 CGPA with no active backlogs,Mandatory 6-week summer internship,Stipend based on company selection,"Yes, across major city routes",27566,Over 15 designated routes,7:30 AM to 5:30 PM,Central Air-Conditioned Library,"Reading Room, Reference Section, Digital Access",204237,Available with remote access,"IEEE, Springer, ScienceDirect",8:00 AM to 8:00 PM,"Yes, for Boys and Girls",Available with 500+ capacity,Available with 300+ capacity,74934,37302,9:30 PM,Prior permission from Warden required,Strict anti-ragging policies enforced,"Yes, indoor and outdoor facilities","Football ground, Cricket pitch, Basketball courts","Table Tennis, Badminton, Chess","Football, Cricket, Volleyball, Athletics",Well-equipped modern gymnasium,Semester System (CBCS),Minimum 75% attendance mandatory,25% weightage,75% weightage,Minimum 40% aggregate required to pass,Conducted within 1 month of result declaration,Available for a maximum of 3 subjects,Maximum 4 backlogs allowed to promote to next year,Merit-based and Category-based scholarships available,Dedicated Student Counselling Centre,"Technical, Cultural, and Sports Clubs",Anti-Ragging Squad and Grievance Cell,End-semester anonymous feedback system,4.4/5,4.1/5,3.7/5,4.5/5,4.6/5,4.3/5,4.6/5
UNI136,"Indraprastha Institute of Information Technology, Delhi",Delhi,http://www.iiitd.ac.in/,1965,UGC Recognized,NAAC 'A' Grade,128,"Engineering: Computer Science (CSE), Civil, Mechanical, ICT","B.Tech CSE, MBA Finance, B.Sc","Computer Science, Mechanical Engineering, Civil Engineering, Management Studies, Applied Sciences","Minimum 60% aggregate in 10+2 (Physics, Chemistry, Mathematics/Biology)",112536 per semester,22725,3703,9816,Active Training and Placement Cell,Strictly for registered final-year students,88% in 2023,9.4 Lakh Per Annum,37.5 Lakh Per Annum,2.9 Lakh Per Annum,"TCS, Infosys, Wipro, Cognizant, Amazon, Microsoft",Minimum 6.0 CGPA with no active backlogs,Mandatory 6-week summer internship,Stipend based on company selection,"Yes, across major city routes",17505,Over 15 designated routes,7:30 AM to 5:30 PM,Central Air-Conditioned Library,"Reading Room, Reference Section, Digital Access",195092,Available with remote access,"IEEE, Springer, ScienceDirect",8:00 AM to 8:00 PM,"Yes, for Boys and Girls",Available with 500+ capacity,Available with 300+ capacity,71500,38825,9:30 PM,Prior permission from Warden required,Strict anti-ragging policies enforced,"Yes, indoor and outdoor facilities","Football ground, Cricket pitch, Basketball courts","Table Tennis, Badminton, Chess","Football, Cricket, Volleyball, Athletics",Well-equipped modern gymnasium,Semester System (CBCS),Minimum 75% attendance mandatory,25% weightage,75% weightage,Minimum 40% aggregate required to pass,Conducted within 1 month of result declaration,Available for a maximum of 3 subjects,Maximum 4 backlogs allowed to promote to next year,Merit-based and Category-based scholarships available,Dedicated Student Counselling Centre,"Technical, Cultural, and Sports Clubs",Anti-Ragging Squad and Grievance Cell,End-semester anonymous feedback system,4.7/5,4.2/5,4.4/5,4.6/5,4.4/5,4.1/5,4.5/5
UNI137,"International Institute of Information Technology, Pune",Maharashtra,https://www.isquareit.edu.in/,2011,UGC Recognized,NAAC 'A' Grade,91,"Engineering: Computer Science (CSE), Civil, Mechanical, ICT","B.Tech CSE, MBA Finance, B.Sc","Computer Science, Mechanical Engineering, Civil Engineering, Management Studies, Applied Sciences","Minimum 60% aggregate in 10+2 (Physics, Chemistry, Mathematics/Biology)",2026 per semester,14921,2839,9804,Active Training and Placement Cell,Strictly for registered final-year students,87% in 2023,11.5 Lakh Per Annum,34.1 Lakh Per Annum,2.7 Lakh Per Annum,"TCS, Infosys, Wipro, Cognizant, Amazon, Microsoft",Minimum 6.0 CGPA with no active backlogs,Mandatory 6-week summer internship,Stipend based on company selection,"Yes, across major city routes",15622,Over 15 designated routes,7:30 AM to 5:30 PM,Central Air-Conditioned Library,"Reading Room, Reference Section, Digital Access",76945,Available with remote access,"IEEE, Springer, ScienceDirect",8:00 AM to 8:00 PM,"Yes, for Boys and Girls",Available with 500+ capacity,Available with 300+ capacity,58305,2026,9:30 PM,Prior permission from Warden required,Strict anti-ragging policies enforced,"Yes, indoor and outdoor facilities","Football ground, Cricket pitch, Basketball courts","Table Tennis, Badminton, Chess","Football, Cricket, Volleyball, Athletics",Well-equipped modern gymnasium,Semester System (CBCS),Minimum 75% attendance mandatory,25% weightage,75% weightage,Minimum 40% aggregate required to pass,Conducted within 1 month of result declaration,Available for a maximum of 3 subjects,Maximum 4 backlogs allowed to promote to next year,Merit-based and Category-based scholarships available,Dedicated Student Counselling Centre,"Technical, Cultural, and Sports Clubs",Anti-Ragging Squad and Grievance Cell,End-semester anonymous feedback system,4.2/5,4.3/5,4.2/5,4.0/5,4.3/5,4.0/5,4.4/5
UNI138,"International Institute of Information Technology, Bhubaneswar",Odisha,https://www.iiit-bh.ac.in/,1978,UGC Recognized,NAAC 'A' Grade,85,"Engineering: Computer Science (CSE), Civil, Mechanical, ICT","B.Tech CSE, MBA Finance, B.Sc","Computer Science, Mechanical Engineering, Civil Engineering, Management Studies, Applied Sciences","Minimum 60% aggregate in 10+2 (Physics, Chemistry, Mathematics/Biology)",43227 per semester,16315,2075,6255,Active Training and Placement Cell,Strictly for registered final-year students,91% in 2023,12.4 Lakh Per Annum,34.8 Lakh Per Annum,3.9 Lakh Per Annum,"TCS, Infosys, Wipro, Cognizant, Amazon, Microsoft",Minimum 6.0 CGPA with no active backlogs,Mandatory 6-week summer internship,Stipend based on company selection,"Yes, across major city routes",18936,Over 15 designated routes,7:30 AM to 5:30 PM,Central Air-Conditioned Library,"Reading Room, Reference Section, Digital Access",58415,Available with remote access,"IEEE, Springer, ScienceDirect",8:00 AM to 8:00 PM,"Yes, for Boys and Girls",Available with 500+ capacity,Available with 300+ capacity,66174,39164,9:30 PM,Prior permission from Warden required,Strict anti-ragging policies enforced,"Yes, indoor and outdoor facilities","Football ground, Cricket pitch, Basketball courts","Table Tennis, Badminton, Chess","Football, Cricket, Volleyball, Athletics",Well-equipped modern gymnasium,Semester System (CBCS),Minimum 75% attendance mandatory,25% weightage,75% weightage,Minimum 40% aggregate required to pass,Conducted within 1 month of result declaration,Available for a maximum of 3 subjects,Maximum 4 backlogs allowed to promote to next year,Merit-based and Category-based scholarships available,Dedicated Student Counselling Centre,"Technical, Cultural, and Sports Clubs",Anti-Ragging Squad and Grievance Cell,End-semester anonymous feedback system,4.1/5,3.8/5,3.6/5,4.3/5,4.3/5,4.2/5,4.4/5
UNI139,"International Institute of Information Technology, Bangalore",Karnataka,https://www.iiitb.ac.in/,1982,UGC Recognized,NAAC 'A' Grade,130,"Engineering: Computer Science (CSE), Civil, Mechanical, ICT","B.Tech CSE, MBA Finance, B.Sc","Computer Science, Mechanical Engineering, Civil Engineering, Management Studies, Applied Sciences","Minimum 60% aggregate in 10+2 (Physics, Chemistry, Mathematics/Biology)",87576 per semester,13881,3441,5068,Active Training and Placement Cell,Strictly for registered final-year students,82% in 2023,6.2 Lakh Per Annum,37.3 Lakh Per Annum,3.7 Lakh Per Annum,"TCS, Infosys, Wipro, Cognizant, Amazon, Microsoft",Minimum 6.0 CGPA with no active backlogs,Mandatory 6-week summer internship,Stipend based on company selection,"Yes, across major city routes",32410,Over 15 designated routes,7:30 AM to 5:30 PM,Central Air-Conditioned Library,"Reading Room, Reference Section, Digital Access",239778,Available with remote access,"IEEE, Springer, ScienceDirect",8:00 AM to 8:00 PM,"Yes, for Boys and Girls",Available with 500+ capacity,Available with 300+ capacity,58333,41728,9:30 PM,Prior permission from Warden required,Strict anti-ragging policies enforced,"Yes, indoor and outdoor facilities","Football ground, Cricket pitch, Basketball courts","Table Tennis, Badminton, Chess","Football, Cricket, Volleyball, Athletics",Well-equipped modern gymnasium,Semester System (CBCS),Minimum 75% attendance mandatory,25% weightage,75% weightage,Minimum 40% aggregate required to pass,Conducted within 1 month of result declaration,Available for a maximum of 3 subjects,Maximum 4 backlogs allowed to promote to next year,Merit-based and Category-based scholarships available,Dedicated Student Counselling Centre,"Technical, Cultural, and Sports Clubs",Anti-Ragging Squad and Grievance Cell,End-semester anonymous feedback system,4.3/5,4.0/5,3.7/5,4.0/5,4.6/5,4.7/5,4.3/5
UNI140,"Indian Institute of Management, Tiruchirappalli",Tamil Nadu,http://www.iimtrichy.ac.in/,1976,UGC Recognized,NAAC 'A' Grade,99,"Management: MBA (Finance, Marketing, HR), BBA","B.Tech CSE, MBA Finance, B.Sc","Computer Science, Mechanical Engineering, Civil Engineering, Management Studies, Applied Sciences","Minimum 60% aggregate in 10+2 (Physics, Chemistry, Mathematics/Biology)",134754 per semester,19221,1619,5763,Active Training and Placement Cell,Strictly for registered final-year students,89% in 2023,8.6 Lakh Per Annum,37.7 Lakh Per Annum,3.8 Lakh Per Annum,"TCS, Infosys, Wipro, Cognizant, Amazon, Microsoft",Minimum 6.0 CGPA with no active backlogs,Mandatory 6-week summer internship,Stipend based on company selection,"Yes, across major city routes",18812,Over 15 designated routes,7:30 AM to 5:30 PM,Central Air-Conditioned Library,"Reading Room, Reference Section, Digital Access",119161,Available with remote access,"IEEE, Springer, ScienceDirect",8:00 AM to 8:00 PM,"Yes, for Boys and Girls",Available with 500+ capacity,Available with 300+ capacity,55591,29323,9:30 PM,Prior permission from Warden required,Strict anti-ragging policies enforced,"Yes, indoor and outdoor facilities","Football ground, Cricket pitch, Basketball courts","Table Tennis, Badminton, Chess","Football, Cricket, Volleyball, Athletics",Well-equipped modern gymnasium,Semester System (CBCS),Minimum 75% attendance mandatory,25% weightage,75% weightage,Minimum 40% aggregate required to pass,Conducted within 1 month of result declaration,Available for a maximum of 3 subjects,Maximum 4 backlogs allowed to promote to next year,Merit-based and Category-based scholarships available,Dedicated Student Counselling Centre,"Technical, Cultural, and Sports Clubs",Anti-Ragging Squad and Grievance Cell,End-semester anonymous feedback system,4.7/5,4.4/5,4.4/5,4.1/5,4.4/5,4.1/5,4.4/5
UNI141,"Indian Institute of Information Technology, Guwahati",Assam,http://www.iimtrichy.ac.in/,1966,UGC Recognized,NAAC 'A' Grade,49,"Engineering: Computer Science (CSE), Civil, Mechanical, ICT","B.Tech CSE, MBA Finance, B.Sc","Computer Science, Mechanical Engineering, Civil Engineering, Management Studies, Applied Sciences","Minimum 60% aggregate in 10+2 (Physics, Chemistry, Mathematics/Biology)",74897 per semester,12747,2700,8962,Active Training and Placement Cell,Strictly for registered final-year students,79% in 2023,4.9 Lakh Per Annum,32.3 Lakh Per Annum,3.7 Lakh Per Annum,"TCS, Infosys, Wipro, Cognizant, Amazon, Microsoft",Minimum 6.0 CGPA with no active backlogs,Mandatory 6-week summer internship,Stipend based on company selection,"Yes, across major city routes",28203,Over 15 designated routes,7:30 AM to 5:30 PM,Central Air-Conditioned Library,"Reading Room, Reference Section, Digital Access",217411,Available with remote access,"IEEE, Springer, ScienceDirect",8:00 AM to 8:00 PM,"Yes, for Boys and Girls",Available with 500+ capacity,Available with 300+ capacity,74223,32248,9:30 PM,Prior permission from Warden required,Strict anti-ragging policies enforced,"Yes, indoor and outdoor facilities","Football ground, Cricket pitch, Basketball courts","Table Tennis, Badminton, Chess","Football, Cricket, Volleyball, Athletics",Well-equipped modern gymnasium,Semester System (CBCS),Minimum 75% attendance mandatory,25% weightage,75% weightage,Minimum 40% aggregate required to pass,Conducted within 1 month of result declaration,Available for a maximum of 3 subjects,Maximum 4 backlogs allowed to promote to next year,Merit-based and Category-based scholarships available,Dedicated Student Counselling Centre,"Technical, Cultural, and Sports Clubs",Anti-Ragging Squad and Grievance Cell,End-semester anonymous feedback system,4.5/5,4.3/5,4.0/5,4.3/5,4.5/5,4.4/5,4.8/5
UNI142,"Indian Institute of Information Technology, Vadodara",Gujarat,http://iiitvadodara.ac.in/,1957,UGC Recognized,NAAC 'A' Grade,18,"Engineering: Computer Science (CSE), Civil, Mechanical, ICT","B.Tech CSE, MBA Finance, B.Sc","Computer Science, Mechanical Engineering, Civil Engineering, Management Studies, Applied Sciences","Minimum 60% aggregate in 10+2 (Physics, Chemistry, Mathematics/Biology)",135000 per semester,20714,3446,5789,Active Training and Placement Cell,Strictly for registered final-year students,94% in 2023,4.1 Lakh Per Annum,28.5 Lakh Per Annum,3.0 Lakh Per Annum,"TCS, Infosys, Wipro, Cognizant, Amazon, Microsoft",Minimum 6.0 CGPA with no active backlogs,Mandatory 6-week summer internship,Stipend based on company selection,"Yes, across major city routes",27483,Over 15 designated routes,7:30 AM to 5:30 PM,Central Air-Conditioned Library,"Reading Room, Reference Section, Digital Access",197277,Available with remote access,"IEEE, Springer, ScienceDirect",8:00 AM to 8:00 PM,"Yes, for Boys and Girls",Available with 500+ capacity,Available with 300+ capacity,48070,31870,9:30 PM,Prior permission from Warden required,Strict anti-ragging policies enforced,"Yes, indoor and outdoor facilities","Football ground, Cricket pitch, Basketball courts","Table Tennis, Badminton, Chess","Football, Cricket, Volleyball, Athletics",Well-equipped modern gymnasium,Semester System (CBCS),Minimum 75% attendance mandatory,25% weightage,75% weightage,Minimum 40% aggregate required to pass,Conducted within 1 month of result declaration,Available for a maximum of 3 subjects,Maximum 4 backlogs allowed to promote to next year,Merit-based and Category-based scholarships available,Dedicated Student Counselling Centre,"Technical, Cultural, and Sports Clubs",Anti-Ragging Squad and Grievance Cell,End-semester anonymous feedback system,4.4/5,4.2/5,3.7/5,4.4/5,4.5/5,4.3/5,4.1/5
UNI143,"Indian Institute of Information Technology, Kota",Rajasthan,http://iiitkota.ac.in/,2026,UGC Recognized,NAAC 'A' Grade,52,"Engineering: Computer Science (CSE), Civil, Mechanical, ICT","B.Tech CSE, MBA Finance, B.Sc","Computer Science, Mechanical Engineering, Civil Engineering, Management Studies, Applied Sciences","Minimum 60% aggregate in 10+2 (Physics, Chemistry, Mathematics/Biology)",113600 per semester,5627,3484,2346,Active Training and Placement Cell,Strictly for registered final-year students,98% in 2023,6.8 Lakh Per Annum,23.7 Lakh Per Annum,2.9 Lakh Per Annum,"TCS, Infosys, Wipro, Cognizant, Amazon, Microsoft",Minimum 6.0 CGPA with no active backlogs,Mandatory 6-week summer internship,Stipend based on company selection,"Yes, across major city routes",19122,Over 15 designated routes,7:30 AM to 5:30 PM,Central Air-Conditioned Library,"Reading Room, Reference Section, Digital Access",208213,Available with remote access,"IEEE, Springer, ScienceDirect",8:00 AM to 8:00 PM,"Yes, for Boys and Girls",Available with 500+ capacity,Available with 300+ capacity,70288,31612,9:30 PM,Prior permission from Warden required,Strict anti-ragging policies enforced,"Yes, indoor and outdoor facilities","Football ground, Cricket pitch, Basketball courts","Table Tennis, Badminton, Chess","Football, Cricket, Volleyball, Athletics",Well-equipped modern gymnasium,Semester System (CBCS),Minimum 75% attendance mandatory,25% weightage,75% weightage,Minimum 40% aggregate required to pass,Conducted within 1 month of result declaration,Available for a maximum of 3 subjects,Maximum 4 backlogs allowed to promote to next year,Merit-based and Category-based scholarships available,Dedicated Student Counselling Centre,"Technical, Cultural, and Sports Clubs",Anti-Ragging Squad and Grievance Cell,End-semester anonymous feedback system,4.0/5,3.9/5,3.7/5,3.8/5,4.8/5,4.7/5,4.0/5
UNI144,International Institute for Population Sciences,Maharashtra,http://www.iipsindia.org/,1947,UGC Recognized,NAAC 'A' Grade,56,"Engineering: CSE, Mechanical | Management: MBA, BBA | Science: B.Sc, M.Sc","B.Tech CSE, MBA Finance, B.Sc","Computer Science, Mechanical Engineering, Civil Engineering, Management Studies, Applied Sciences","Minimum 60% aggregate in 10+2 (Physics, Chemistry, Mathematics/Biology)",107282 per semester,23835,2666,7674,Active Training and Placement Cell,Strictly for registered final-year students,76% in 2023,7.0 Lakh Per Annum,32.9 Lakh Per Annum,3.8 Lakh Per Annum,"TCS, Infosys, Wipro, Cognizant, Amazon, Microsoft",Minimum 6.0 CGPA with no active backlogs,Mandatory 6-week summer internship,Stipend based on company selection,"Yes, across major city routes",30985,Over 15 designated routes,7:30 AM to 5:30 PM,Central Air-Conditioned Library,"Reading Room, Reference Section, Digital Access",117892,Available with remote access,"IEEE, Springer, ScienceDirect",8:00 AM to 8:00 PM,"Yes, for Boys and Girls",Available with 500+ capacity,Available with 300+ capacity,49748,27492,9:30 PM,Prior permission from Warden required,Strict anti-ragging policies enforced,"Yes, indoor and outdoor facilities","Football ground, Cricket pitch, Basketball courts","Table Tennis, Badminton, Chess","Football, Cricket, Volleyball, Athletics",Well-equipped modern gymnasium,Semester System (CBCS),Minimum 75% attendance mandatory,25% weightage,75% weightage,Minimum 40% aggregate required to pass,Conducted within 1 month of result declaration,Available for a maximum of 3 subjects,Maximum 4 backlogs allowed to promote to next year,Merit-based and Category-based scholarships available,Dedicated Student Counselling Centre,"Technical, Cultural, and Sports Clubs",Anti-Ragging Squad and Grievance Cell,End-semester anonymous feedback system,4.3/5,4.2/5,3.6/5,4.0/5,4.7/5,4.2/5,4.0/5
UNI145,Indian Institute of Science,Karnataka,http://www.iisc.ernet.in/,2008,UGC Recognized,NAAC 'A' Grade,82,"Engineering: CSE, Mechanical | Management: MBA, BBA | Science: B.Sc, M.Sc","B.Tech CSE, MBA Finance, B.Sc","Computer Science, Mechanical Engineering, Civil Engineering, Management Studies, Applied Sciences","Minimum 60% aggregate in 10+2 (Physics, Chemistry, Mathematics/Biology)",61932 per semester,19732,3138,5970,Active Training and Placement Cell,Strictly for registered final-year students,88% in 2023,5.0 Lakh Per Annum,31.2 Lakh Per Annum,3.3 Lakh Per Annum,"TCS, Infosys, Wipro, Cognizant, Amazon, Microsoft",Minimum 6.0 CGPA with no active backlogs,Mandatory 6-week summer internship,Stipend based on company selection,"Yes, across major city routes",26212,Over 15 designated routes,7:30 AM to 5:30 PM,Central Air-Conditioned Library,"Reading Room, Reference Section, Digital Access",188287,Available with remote access,"IEEE, Springer, ScienceDirect",8:00 AM to 8:00 PM,"Yes, for Boys and Girls",Available with 500+ capacity,Available with 300+ capacity,64796,26464,9:30 PM,Prior permission from Warden required,Strict anti-ragging policies enforced,"Yes, indoor and outdoor facilities","Football ground, Cricket pitch, Basketball courts","Table Tennis, Badminton, Chess","Football, Cricket, Volleyball, Athletics",Well-equipped modern gymnasium,Semester System (CBCS),Minimum 75% attendance mandatory,25% weightage,75% weightage,Minimum 40% aggregate required to pass,Conducted within 1 month of result declaration,Available for a maximum of 3 subjects,Maximum 4 backlogs allowed to promote to next year,Merit-based and Category-based scholarships available,Dedicated Student Counselling Centre,"Technical, Cultural, and Sports Clubs",Anti-Ragging Squad and Grievance Cell,End-semester anonymous feedback system,4.5/5,4.0/5,4.0/5,4.6/5,4.4/5,4.6/5,4.3/5
UNI146,"Indian Institute of Technology, Bombay",Maharashtra,http://www.iitb.ac.in/,1948,UGC Recognized,NAAC 'A' Grade,145,"Engineering: Computer Science (CSE), Civil, Mechanical, ICT","B.Tech CSE, MBA Finance, B.Sc","Computer Science, Mechanical Engineering, Civil Engineering, Management Studies, Applied Sciences","Minimum 60% aggregate in 10+2 (Physics, Chemistry, Mathematics/Biology)",137979 per semester,12131,2249,3206,Active Training and Placement Cell,Strictly for registered final-year students,80% in 2023,9.7 Lakh Per Annum,19.3 Lakh Per Annum,3.5 Lakh Per Annum,"TCS, Infosys, Wipro, Cognizant, Amazon, Microsoft",Minimum 6.0 CGPA with no active backlogs,Mandatory 6-week summer internship,Stipend based on company selection,"Yes, across major city routes",29078,Over 15 designated routes,7:30 AM to 5:30 PM,Central Air-Conditioned Library,"Reading Room, Reference Section, Digital Access",111378,Available with remote access,"IEEE, Springer, ScienceDirect",8:00 AM to 8:00 PM,"Yes, for Boys and Girls",Available with 500+ capacity,Available with 300+ capacity,74725,33477,9:30 PM,Prior permission from Warden required,Strict anti-ragging policies enforced,"Yes, indoor and outdoor facilities","Football ground, Cricket pitch, Basketball courts","Table Tennis, Badminton, Chess","Football, Cricket, Volleyball, Athletics",Well-equipped modern gymnasium,Semester System (CBCS),Minimum 75% attendance mandatory,25% weightage,75% weightage,Minimum 40% aggregate required to pass,Conducted within 1 month of result declaration,Available for a maximum of 3 subjects,Maximum 4 backlogs allowed to promote to next year,Merit-based and Category-based scholarships available,Dedicated Student Counselling Centre,"Technical, Cultural, and Sports Clubs",Anti-Ragging Squad and Grievance Cell,End-semester anonymous feedback system,4.2/5,3.8/5,3.9/5,4.1/5,4.4/5,4.0/5,4.6/5
UNI147,"Indian Institute of Technology, Delhi",Delhi,http://www.iitd.ernet.in/,1940,UGC Recognized,NAAC 'A' Grade,117,"Engineering: Computer Science (CSE), Civil, Mechanical, ICT","B.Tech CSE, MBA Finance, B.Sc","Computer Science, Mechanical Engineering, Civil Engineering, Management Studies, Applied Sciences","Minimum 60% aggregate in 10+2 (Physics, Chemistry, Mathematics/Biology)",95142 per semester,5879,2373,5577,Active Training and Placement Cell,Strictly for registered final-year students,81% in 2023,11.5 Lakh Per Annum,37.9 Lakh Per Annum,3.5 Lakh Per Annum,"TCS, Infosys, Wipro, Cognizant, Amazon, Microsoft",Minimum 6.0 CGPA with no active backlogs,Mandatory 6-week summer internship,Stipend based on company selection,"Yes, across major city routes",19658,Over 15 designated routes,7:30 AM to 5:30 PM,Central Air-Conditioned Library,"Reading Room, Reference Section, Digital Access",86051,Available with remote access,"IEEE, Springer, ScienceDirect",8:00 AM to 8:00 PM,"Yes, for Boys and Girls",Available with 500+ capacity,Available with 300+ capacity,63671,41954,9:30 PM,Prior permission from Warden required,Strict anti-ragging policies enforced,"Yes, indoor and outdoor facilities","Football ground, Cricket pitch, Basketball courts","Table Tennis, Badminton, Chess","Football, Cricket, Volleyball, Athletics",Well-equipped modern gymnasium,Semester System (CBCS),Minimum 75% attendance mandatory,25% weightage,75% weightage,Minimum 40% aggregate required to pass,Conducted within 1 month of result declaration,Available for a maximum of 3 subjects,Maximum 4 backlogs allowed to promote to next year,Merit-based and Category-based scholarships available,Dedicated Student Counselling Centre,"Technical, Cultural, and Sports Clubs",Anti-Ragging Squad and Grievance Cell,End-semester anonymous feedback system,4.6/5,4.1/5,4.3/5,4.5/5,4.4/5,4.1/5,4.3/5
UNI148,"Indian Institute of Technology, Gandhinagar",Gujarat,https://iitgn.ac.in/,1978,UGC Recognized,NAAC 'A' Grade,105,"Engineering: Computer Science (CSE), Civil, Mechanical, ICT","B.Tech CSE, MBA Finance, B.Sc","Computer Science, Mechanical Engineering, Civil Engineering, Management Studies, Applied Sciences","Minimum 60% aggregate in 10+2 (Physics, Chemistry, Mathematics/Biology)",95825 per semester,5042,2061,6157,Active Training and Placement Cell,Strictly for registered final-year students,93% in 2023,8.8 Lakh Per Annum,23.3 Lakh Per Annum,3.6 Lakh Per Annum,"TCS, Infosys, Wipro, Cognizant, Amazon, Microsoft",Minimum 6.0 CGPA with no active backlogs,Mandatory 6-week summer internship,Stipend based on company selection,"Yes, across major city routes",29730,Over 15 designated routes,7:30 AM to 5:30 PM,Central Air-Conditioned Library,"Reading Room, Reference Section, Digital Access",163912,Available with remote access,"IEEE, Springer, ScienceDirect",8:00 AM to 8:00 PM,"Yes, for Boys and Girls",Available with 500+ capacity,Available with 300+ capacity,60805,40689,9:30 PM,Prior permission from Warden required,Strict anti-ragging policies enforced,"Yes, indoor and outdoor facilities","Football ground, Cricket pitch, Basketball courts","Table Tennis, Badminton, Chess","Football, Cricket, Volleyball, Athletics",Well-equipped modern gymnasium,Semester System (CBCS),Minimum 75% attendance mandatory,25% weightage,75% weightage,Minimum 40% aggregate required to pass,Conducted within 1 month of result declaration,Available for a maximum of 3 subjects,Maximum 4 backlogs allowed to promote to next year,Merit-based and Category-based scholarships available,Dedicated Student Counselling Centre,"Technical, Cultural, and Sports Clubs",Anti-Ragging Squad and Grievance Cell,End-semester anonymous feedback system,4.2/5,4.0/5,3.6/5,4.0/5,4.5/5,4.8/5,4.4/5
UNI149,"Indian Institute of Technology, Guwahati",Assam,http://www.iitg.ernet.in/,2026,UGC Recognized,NAAC 'A' Grade,142,"Engineering: Computer Science (CSE), Civil, Mechanical, ICT","B.Tech CSE, MBA Finance, B.Sc","Computer Science, Mechanical Engineering, Civil Engineering, Management Studies, Applied Sciences","Minimum 60% aggregate in 10+2 (Physics, Chemistry, Mathematics/Biology)",54784 per semester,15009,4175,6736,Active Training and Placement Cell,Strictly for registered final-year students,83% in 2023,4.6 Lakh Per Annum,20.9 Lakh Per Annum,3.5 Lakh Per Annum,"TCS, Infosys, Wipro, Cognizant, Amazon, Microsoft",Minimum 6.0 CGPA with no active backlogs,Mandatory 6-week summer internship,Stipend based on company selection,"Yes, across major city routes",27181,Over 15 designated routes,7:30 AM to 5:30 PM,Central Air-Conditioned Library,"Reading Room, Reference Section, Digital Access",169997,Available with remote access,"IEEE, Springer, ScienceDirect",8:00 AM to 8:00 PM,"Yes, for Boys and Girls",Available with 500+ capacity,Available with 300+ capacity,80235,27128,9:30 PM,Prior permission from Warden required,Strict anti-ragging policies enforced,"Yes, indoor and outdoor facilities","Football ground, Cricket pitch, Basketball courts","Table Tennis, Badminton, Chess","Football, Cricket, Volleyball, Athletics",Well-equipped modern gymnasium,Semester System (CBCS),Minimum 75% attendance mandatory,25% weightage,75% weightage,Minimum 40% aggregate required to pass,Conducted within 1 month of result declaration,Available for a maximum of 3 subjects,Maximum 4 backlogs allowed to promote to next year,Merit-based and Category-based scholarships available,Dedicated Student Counselling Centre,"Technical, Cultural, and Sports Clubs",Anti-Ragging Squad and Grievance Cell,End-semester anonymous feedback system,4.1/5,4.4/5,3.8/5,4.3/5,4.4/5,4.6/5,4.2/5
UNI150,"Indian Institute of Technology, Hyderabad",Telangana,http://www.iith.ac.in/,1983,UGC Recognized,NAAC 'A' Grade,55,"Engineering: Computer Science (CSE), Civil, Mechanical, ICT","B.Tech CSE, MBA Finance, B.Sc","Computer Science, Mechanical Engineering, Civil Engineering, Management Studies, Applied Sciences","Minimum 60% aggregate in 10+2 (Physics, Chemistry, Mathematics/Biology)",74050 per semester,9866,2058,2758,Active Training and Placement Cell,Strictly for registered final-year students,97% in 2023,7.2 Lakh Per Annum,43.3 Lakh Per Annum,3.4 Lakh Per Annum,"TCS, Infosys, Wipro, Cognizant, Amazon, Microsoft",Minimum 6.0 CGPA with no active backlogs,Mandatory 6-week summer internship,Stipend based on company selection,"Yes, across major city routes",27676,Over 15 designated routes,7:30 AM to 5:30 PM,Central Air-Conditioned Library,"Reading Room, Reference Section, Digital Access",168075,Available with remote access,"IEEE, Springer, ScienceDirect",8:00 AM to 8:00 PM,"Yes, for Boys and Girls",Available with 500+ capacity,Available with 300+ capacity,57341,28546,9:30 PM,Prior permission from Warden required,Strict anti-ragging policies enforced,"Yes, indoor and outdoor facilities","Football ground, Cricket pitch, Basketball courts","Table Tennis, Badminton, Chess","Football, Cricket, Volleyball, Athletics",Well-equipped modern gymnasium,Semester System (CBCS),Minimum 75% attendance mandatory,25% weightage,75% weightage,Minimum 40% aggregate required to pass,Conducted within 1 month of result declaration,Available for a maximum of 3 subjects,Maximum 4 backlogs allowed to promote to next year,Merit-based and Category-based scholarships available,Dedicated Student Counselling Centre,"Technical, Cultural, and Sports Clubs",Anti-Ragging Squad and Grievance Cell,End-semester anonymous feedback system,4.1/5,4.5/5,3.8/5,4.3/5,4.3/5,4.3/5,4.4/5
UNI151,"Indian Institute of Technology, Kanpur",Uttar Pradesh,http://www.iitk.ac.in/,1959,UGC Recognized,NAAC 'A' Grade,41,"Engineering: Computer Science (CSE), Civil, Mechanical, ICT","B.Tech CSE, MBA Finance, B.Sc","Computer Science, Mechanical Engineering, Civil Engineering, Management Studies, Applied Sciences","Minimum 60% aggregate in 10+2 (Physics, Chemistry, Mathematics/Biology)",74884 per semester,22957,3945,9802,Active Training and Placement Cell,Strictly for registered final-year students,85% in 2023,4.1 Lakh Per Annum,44.2 Lakh Per Annum,2.6 Lakh Per Annum,"TCS, Infosys, Wipro, Cognizant, Amazon, Microsoft",Minimum 6.0 CGPA with no active backlogs,Mandatory 6-week summer internship,Stipend based on company selection,"Yes, across major city routes",26032,Over 15 designated routes,7:30 AM to 5:30 PM,Central Air-Conditioned Library,"Reading Room, Reference Section, Digital Access",228710,Available with remote access,"IEEE, Springer, ScienceDirect",8:00 AM to 8:00 PM,"Yes, for Boys and Girls",Available with 500+ capacity,Available with 300+ capacity,59023,39854,9:30 PM,Prior permission from Warden required,Strict anti-ragging policies enforced,"Yes, indoor and outdoor facilities","Football ground, Cricket pitch, Basketball courts","Table Tennis, Badminton, Chess","Football, Cricket, Volleyball, Athletics",Well-equipped modern gymnasium,Semester System (CBCS),Minimum 75% attendance mandatory,25% weightage,75% weightage,Minimum 40% aggregate required to pass,Conducted within 1 month of result declaration,Available for a maximum of 3 subjects,Maximum 4 backlogs allowed to promote to next year,Merit-based and Category-based scholarships available,Dedicated Student Counselling Centre,"Technical, Cultural, and Sports Clubs",Anti-Ragging Squad and Grievance Cell,End-semester anonymous feedback system,4.3/5,3.8/5,4.3/5,3.9/5,4.3/5,4.5/5,4.2/5
UNI152,Indian Institute of Technology (BHU) Varanasi,Uttar Pradesh,https://www.iitbhu.ac.in/,1972,UGC Recognized,NAAC 'A' Grade,142,"Engineering: Computer Science (CSE), Civil, Mechanical, ICT","B.Tech CSE, MBA Finance, B.Sc","Computer Science, Mechanical Engineering, Civil Engineering, Management Studies, Applied Sciences","Minimum 60% aggregate in 10+2 (Physics, Chemistry, Mathematics/Biology)",126263 per semester,21930,2435,6735,Active Training and Placement Cell,Strictly for registered final-year students,79% in 2023,7.5 Lakh Per Annum,15.1 Lakh Per Annum,3.7 Lakh Per Annum,"TCS, Infosys, Wipro, Cognizant, Amazon, Microsoft",Minimum 6.0 CGPA with no active backlogs,Mandatory 6-week summer internship,Stipend based on company selection,"Yes, across major city routes",25566,Over 15 designated routes,7:30 AM to 5:30 PM,Central Air-Conditioned Library,"Reading Room, Reference Section, Digital Access",186532,Available with remote access,"IEEE, Springer, ScienceDirect",8:00 AM to 8:00 PM,"Yes, for Boys and Girls",Available with 500+ capacity,Available with 300+ capacity,73831,29136,9:30 PM,Prior permission from Warden required,Strict anti-ragging policies enforced,"Yes, indoor and outdoor facilities","Football ground, Cricket pitch, Basketball courts","Table Tennis, Badminton, Chess","Football, Cricket, Volleyball, Athletics",Well-equipped modern gymnasium,Semester System (CBCS),Minimum 75% attendance mandatory,25% weightage,75% weightage,Minimum 40% aggregate required to pass,Conducted within 1 month of result declaration,Available for a maximum of 3 subjects,Maximum 4 backlogs allowed to promote to next year,Merit-based and Category-based scholarships available,Dedicated Student Counselling Centre,"Technical, Cultural, and Sports Clubs",Anti-Ragging Squad and Grievance Cell,End-semester anonymous feedback system,4.5/5,4.6/5,3.9/5,3.8/5,4.8/5,4.4/5,4.4/5
UNI153,"Indian Institute of Technology, Kharagpur",West Bengal,http://www.iitkgp.ernet.in/,1971,UGC Recognized,NAAC 'A' Grade,51,"Engineering: Computer Science (CSE), Civil, Mechanical, ICT","B.Tech CSE, MBA Finance, B.Sc","Computer Science, Mechanical Engineering, Civil Engineering, Management Studies, Applied Sciences","Minimum 60% aggregate in 10+2 (Physics, Chemistry, Mathematics/Biology)",68908 per semester,18050,2230,7314,Active Training and Placement Cell,Strictly for registered final-year students,92% in 2023,12.2 Lakh Per Annum,37.9 Lakh Per Annum,3.4 Lakh Per Annum,"TCS, Infosys, Wipro, Cognizant, Amazon, Microsoft",Minimum 6.0 CGPA with no active backlogs,Mandatory 6-week summer internship,Stipend based on company selection,"Yes, across major city routes",25332,Over 15 designated routes,7:30 AM to 5:30 PM,Central Air-Conditioned Library,"Reading Room, Reference Section, Digital Access",208212,Available with remote access,"IEEE, Springer, ScienceDirect",8:00 AM to 8:00 PM,"Yes, for Boys and Girls",Available with 500+ capacity,Available with 300+ capacity,48207,32429,9:30 PM,Prior permission from Warden required,Strict anti-ragging policies enforced,"Yes, indoor and outdoor facilities","Football ground, Cricket pitch, Basketball courts","Table Tennis, Badminton, Chess","Football, Cricket, Volleyball, Athletics",Well-equipped modern gymnasium,Semester System (CBCS),Minimum 75% attendance mandatory,25% weightage,75% weightage,Minimum 40% aggregate required to pass,Conducted within 1 month of result declaration,Available for a maximum of 3 subjects,Maximum 4 backlogs allowed to promote to next year,Merit-based and Category-based scholarships available,Dedicated Student Counselling Centre,"Technical, Cultural, and Sports Clubs",Anti-Ragging Squad and Grievance Cell,End-semester anonymous feedback system,4.4/5,4.0/5,4.4/5,4.2/5,4.7/5,4.5/5,4.6/5
UNI154,"Indian Institute of Technology, Madras",Tamil Nadu,http://www.iitm.ac.in/,2010,UGC Recognized,NAAC 'A' Grade,135,"Engineering: Computer Science (CSE), Civil, Mechanical, ICT","B.Tech CSE, MBA Finance, B.Sc","Computer Science, Mechanical Engineering, Civil Engineering, Management Studies, Applied Sciences","Minimum 60% aggregate in 10+2 (Physics, Chemistry, Mathematics/Biology)",62687 per semester,20485,2380,4899,Active Training and Placement Cell,Strictly for registered final-year students,75% in 2023,4.8 Lakh Per Annum,36.0 Lakh Per Annum,3.2 Lakh Per Annum,"TCS, Infosys, Wipro, Cognizant, Amazon, Microsoft",Minimum 6.0 CGPA with no active backlogs,Mandatory 6-week summer internship,Stipend based on company selection,"Yes, across major city routes",21408,Over 15 designated routes,7:30 AM to 5:30 PM,Central Air-Conditioned Library,"Reading Room, Reference Section, Digital Access",134750,Available with remote access,"IEEE, Springer, ScienceDirect",8:00 AM to 8:00 PM,"Yes, for Boys and Girls",Available with 500+ capacity,Available with 300+ capacity,45938,30545,9:30 PM,Prior permission from Warden required,Strict anti-ragging policies enforced,"Yes, indoor and outdoor facilities","Football ground, Cricket pitch, Basketball courts","Table Tennis, Badminton, Chess","Football, Cricket, Volleyball, Athletics",Well-equipped modern gymnasium,Semester System (CBCS),Minimum 75% attendance mandatory,25% weightage,75% weightage,Minimum 40% aggregate required to pass,Conducted within 1 month of result declaration,Available for a maximum of 3 subjects,Maximum 4 backlogs allowed to promote to next year,Merit-based and Category-based scholarships available,Dedicated Student Counselling Centre,"Technical, Cultural, and Sports Clubs",Anti-Ragging Squad and Grievance Cell,End-semester anonymous feedback system,4.4/5,4.6/5,3.5/5,4.6/5,4.8/5,4.2/5,4.4/5
UNI155,Madras Institute of Technology,Tamil Nadu,https://www.mitindia.edu/,1949,UGC Recognized,NAAC 'A' Grade,17,"Engineering: Computer Science (CSE), Civil, Mechanical, ICT","B.Tech CSE, MBA Finance, B.Sc","Computer Science, Mechanical Engineering, Civil Engineering, Management Studies, Applied Sciences","Minimum 60% aggregate in 10+2 (Physics, Chemistry, Mathematics/Biology)",95983 per semester,9496,3463,9922,Active Training and Placement Cell,Strictly for registered final-year students,83% in 2023,10.8 Lakh Per Annum,25.9 Lakh Per Annum,2.5 Lakh Per Annum,"TCS, Infosys, Wipro, Cognizant, Amazon, Microsoft",Minimum 6.0 CGPA with no active backlogs,Mandatory 6-week summer internship,Stipend based on company selection,"Yes, across major city routes",26207,Over 15 designated routes,7:30 AM to 5:30 PM,Central Air-Conditioned Library,"Reading Room, Reference Section, Digital Access",3615,Available with remote access,"IEEE, Springer, ScienceDirect",8:00 AM to 8:00 PM,"Yes, for Boys and Girls",Available with 500+ capacity,Available with 300+ capacity,70609,28562,9:30 PM,Prior permission from Warden required,Strict anti-ragging policies enforced,"Yes, indoor and outdoor facilities","Football ground, Cricket pitch, Basketball courts","Table Tennis, Badminton, Chess","Football, Cricket, Volleyball, Athletics",Well-equipped modern gymnasium,Semester System (CBCS),Minimum 75% attendance mandatory,25% weightage,75% weightage,Minimum 40% aggregate required to pass,Conducted within 1 month of result declaration,Available for a maximum of 3 subjects,Maximum 4 backlogs allowed to promote to next year,Merit-based and Category-based scholarships available,Dedicated Student Counselling Centre,"Technical, Cultural, and Sports Clubs",Anti-Ragging Squad and Grievance Cell,End-semester anonymous feedback system,4.0/5,4.4/5,4.1/5,4.2/5,4.8/5,4.4/5,4.5/5
UNI156,"Indian Institute of Technology, Roorkee",Uttarakhand,http://www.iitr.ac.in/,2021,UGC Recognized,NAAC 'A' Grade,44,"Engineering: Computer Science (CSE), Civil, Mechanical, ICT","B.Tech CSE, MBA Finance, B.Sc","Computer Science, Mechanical Engineering, Civil Engineering, Management Studies, Applied Sciences","Minimum 60% aggregate in 10+2 (Physics, Chemistry, Mathematics/Biology)",108475 per semester,13110,4073,3977,Active Training and Placement Cell,Strictly for registered final-year students,93% in 2023,8.1 Lakh Per Annum,27.0 Lakh Per Annum,3.4 Lakh Per Annum,"TCS, Infosys, Wipro, Cognizant, Amazon, Microsoft",Minimum 6.0 CGPA with no active backlogs,Mandatory 6-week summer internship,Stipend based on company selection,"Yes, across major city routes",16594,Over 15 designated routes,7:30 AM to 5:30 PM,Central Air-Conditioned Library,"Reading Room, Reference Section, Digital Access",116875,Available with remote access,"IEEE, Springer, ScienceDirect",8:00 AM to 8:00 PM,"Yes, for Boys and Girls",Available with 500+ capacity,Available with 300+ capacity,65936,29222,9:30 PM,Prior permission from Warden required,Strict anti-ragging policies enforced,"Yes, indoor and outdoor facilities","Football ground, Cricket pitch, Basketball courts","Table Tennis, Badminton, Chess","Football, Cricket, Volleyball, Athletics",Well-equipped modern gymnasium,Semester System (CBCS),Minimum 75% attendance mandatory,25% weightage,75% weightage,Minimum 40% aggregate required to pass,Conducted within 1 month of result declaration,Available for a maximum of 3 subjects,Maximum 4 backlogs allowed to promote to next year,Merit-based and Category-based scholarships available,Dedicated Student Counselling Centre,"Technical, Cultural, and Sports Clubs",Anti-Ragging Squad and Grievance Cell,End-semester anonymous feedback system,4.1/5,4.1/5,4.4/5,4.3/5,4.4/5,4.2/5,4.7/5
UNI157,"Indian Institute of Technology, Patna",Bihar,http://www.iitp.ac.in/,1977,UGC Recognized,NAAC 'A' Grade,73,"Engineering: Computer Science (CSE), Civil, Mechanical, ICT","B.Tech CSE, MBA Finance, B.Sc","Computer Science, Mechanical Engineering, Civil Engineering, Management Studies, Applied Sciences","Minimum 60% aggregate in 10+2 (Physics, Chemistry, Mathematics/Biology)",135711 per semester,6329,2669,3281,Active Training and Placement Cell,Strictly for registered final-year students,92% in 2023,9.6 Lakh Per Annum,24.2 Lakh Per Annum,2.9 Lakh Per Annum,"TCS, Infosys, Wipro, Cognizant, Amazon, Microsoft",Minimum 6.0 CGPA with no active backlogs,Mandatory 6-week summer internship,Stipend based on company selection,"Yes, across major city routes",16309,Over 15 designated routes,7:30 AM to 5:30 PM,Central Air-Conditioned Library,"Reading Room, Reference Section, Digital Access",144834,Available with remote access,"IEEE, Springer, ScienceDirect",8:00 AM to 8:00 PM,"Yes, for Boys and Girls",Available with 500+ capacity,Available with 300+ capacity,50467,26618,9:30 PM,Prior permission from Warden required,Strict anti-ragging policies enforced,"Yes, indoor and outdoor facilities","Football ground, Cricket pitch, Basketball courts","Table Tennis, Badminton, Chess","Football, Cricket, Volleyball, Athletics",Well-equipped modern gymnasium,Semester System (CBCS),Minimum 75% attendance mandatory,25% weightage,75% weightage,Minimum 40% aggregate required to pass,Conducted within 1 month of result declaration,Available for a maximum of 3 subjects,Maximum 4 backlogs allowed to promote to next year,Merit-based and Category-based scholarships available,Dedicated Student Counselling Centre,"Technical, Cultural, and Sports Clubs",Anti-Ragging Squad and Grievance Cell,End-semester anonymous feedback system,4.7/5,3.9/5,4.2/5,4.2/5,4.6/5,4.6/5,4.0/5
UNI158,"Indian Institute of Technology, Indore",Madhya Pradesh,http://www.iiti.ac.in/,2008,UGC Recognized,NAAC 'A' Grade,136,"Engineering: Computer Science (CSE), Civil, Mechanical, ICT","B.Tech CSE, MBA Finance, B.Sc","Computer Science, Mechanical Engineering, Civil Engineering, Management Studies, Applied Sciences","Minimum 60% aggregate in 10+2 (Physics, Chemistry, Mathematics/Biology)",64897 per semester,15924,4186,8650,Active Training and Placement Cell,Strictly for registered final-year students,87% in 2023,7.6 Lakh Per Annum,21.7 Lakh Per Annum,3.7 Lakh Per Annum,"TCS, Infosys, Wipro, Cognizant, Amazon, Microsoft",Minimum 6.0 CGPA with no active backlogs,Mandatory 6-week summer internship,Stipend based on company selection,"Yes, across major city routes",29162,Over 15 designated routes,7:30 AM to 5:30 PM,Central Air-Conditioned Library,"Reading Room, Reference Section, Digital Access",247363,Available with remote access,"IEEE, Springer, ScienceDirect",8:00 AM to 8:00 PM,"Yes, for Boys and Girls",Available with 500+ capacity,Available with 300+ capacity,56491,31869,9:30 PM,Prior permission from Warden required,Strict anti-ragging policies enforced,"Yes, indoor and outdoor facilities","Football ground, Cricket pitch, Basketball courts","Table Tennis, Badminton, Chess","Football, Cricket, Volleyball, Athletics",Well-equipped modern gymnasium,Semester System (CBCS),Minimum 75% attendance mandatory,25% weightage,75% weightage,Minimum 40% aggregate required to pass,Conducted within 1 month of result declaration,Available for a maximum of 3 subjects,Maximum 4 backlogs allowed to promote to next year,Merit-based and Category-based scholarships available,Dedicated Student Counselling Centre,"Technical, Cultural, and Sports Clubs",Anti-Ragging Squad and Grievance Cell,End-semester anonymous feedback system,4.7/5,4.0/5,4.4/5,4.6/5,4.3/5,4.5/5,4.2/5
UNI159,"Indian Institute of Technology, Jodhpur",Rajasthan,http://www.iitj.ac.in/,1964,UGC Recognized,NAAC 'A' Grade,33,"Engineering: Computer Science (CSE), Civil, Mechanical, ICT","B.Tech CSE, MBA Finance, B.Sc","Computer Science, Mechanical Engineering, Civil Engineering, Management Studies, Applied Sciences","Minimum 60% aggregate in 10+2 (Physics, Chemistry, Mathematics/Biology)",119045 per semester,13173,3838,4767,Active Training and Placement Cell,Strictly for registered final-year students,77% in 2023,4.9 Lakh Per Annum,34.9 Lakh Per Annum,3.5 Lakh Per Annum,"TCS, Infosys, Wipro, Cognizant, Amazon, Microsoft",Minimum 6.0 CGPA with no active backlogs,Mandatory 6-week summer internship,Stipend based on company selection,"Yes, across major city routes",18587,Over 15 designated routes,7:30 AM to 5:30 PM,Central Air-Conditioned Library,"Reading Room, Reference Section, Digital Access",162955,Available with remote access,"IEEE, Springer, ScienceDirect",8:00 AM to 8:00 PM,"Yes, for Boys and Girls",Available with 500+ capacity,Available with 300+ capacity,63843,25413,9:30 PM,Prior permission from Warden required,Strict anti-ragging policies enforced,"Yes, indoor and outdoor facilities","Football ground, Cricket pitch, Basketball courts","Table Tennis, Badminton, Chess","Football, Cricket, Volleyball, Athletics",Well-equipped modern gymnasium,Semester System (CBCS),Minimum 75% attendance mandatory,25% weightage,75% weightage,Minimum 40% aggregate required to pass,Conducted within 1 month of result declaration,Available for a maximum of 3 subjects,Maximum 4 backlogs allowed to promote to next year,Merit-based and Category-based scholarships available,Dedicated Student Counselling Centre,"Technical, Cultural, and Sports Clubs",Anti-Ragging Squad and Grievance Cell,End-semester anonymous feedback system,4.4/5,4.4/5,4.2/5,4.2/5,4.6/5,4.3/5,4.3/5
UNI160,University of Music and Fine Arts,nan,http://www.iksvv.com/,2010,UGC Recognized,NAAC 'A' Grade,22,"Engineering: CSE, Mechanical | Management: MBA, BBA | Science: B.Sc, M.Sc","B.Tech CSE, MBA Finance, B.Sc","Computer Science, Mechanical Engineering, Civil Engineering, Management Studies, Applied Sciences","Minimum 60% aggregate in 10+2 (Physics, Chemistry, Mathematics/Biology)",99510 per semester,15210,4789,2763,Active Training and Placement Cell,Strictly for registered final-year students,98% in 2023,5.6 Lakh Per Annum,35.2 Lakh Per Annum,3.8 Lakh Per Annum,"TCS, Infosys, Wipro, Cognizant, Amazon, Microsoft",Minimum 6.0 CGPA with no active backlogs,Mandatory 6-week summer internship,Stipend based on company selection,"Yes, across major city routes",32958,Over 15 designated routes,7:30 AM to 5:30 PM,Central Air-Conditioned Library,"Reading Room, Reference Section, Digital Access",70415,Available with remote access,"IEEE, Springer, ScienceDirect",8:00 AM to 8:00 PM,"Yes, for Boys and Girls",Available with 500+ capacity,Available with 300+ capacity,49954,36301,9:30 PM,Prior permission from Warden required,Strict anti-ragging policies enforced,"Yes, indoor and outdoor facilities","Football ground, Cricket pitch, Basketball courts","Table Tennis, Badminton, Chess","Football, Cricket, Volleyball, Athletics",Well-equipped modern gymnasium,Semester System (CBCS),Minimum 75% attendance mandatory,25% weightage,75% weightage,Minimum 40% aggregate required to pass,Conducted within 1 month of result declaration,Available for a maximum of 3 subjects,Maximum 4 backlogs allowed to promote to next year,Merit-based and Category-based scholarships available,Dedicated Student Counselling Centre,"Technical, Cultural, and Sports Clubs",Anti-Ragging Squad and Grievance Cell,End-semester anonymous feedback system,4.5/5,3.9/5,3.6/5,3.8/5,4.7/5,4.7/5,4.2/5
UNI161,Indian Law Institue,Delhi,https://www.ili.ac.in/,1996,UGC Recognized,NAAC 'A' Grade,28,"Engineering: CSE, Mechanical | Management: MBA, BBA | Science: B.Sc, M.Sc","B.Tech CSE, MBA Finance, B.Sc","Computer Science, Mechanical Engineering, Civil Engineering, Management Studies, Applied Sciences","Minimum 60% aggregate in 10+2 (Physics, Chemistry, Mathematics/Biology)",88007 per semester,5675,4873,6763,Active Training and Placement Cell,Strictly for registered final-year students,79% in 2023,6.0 Lakh Per Annum,28.4 Lakh Per Annum,3.9 Lakh Per Annum,"TCS, Infosys, Wipro, Cognizant, Amazon, Microsoft",Minimum 6.0 CGPA with no active backlogs,Mandatory 6-week summer internship,Stipend based on company selection,"Yes, across major city routes",28609,Over 15 designated routes,7:30 AM to 5:30 PM,Central Air-Conditioned Library,"Reading Room, Reference Section, Digital Access",164059,Available with remote access,"IEEE, Springer, ScienceDirect",8:00 AM to 8:00 PM,"Yes, for Boys and Girls",Available with 500+ capacity,Available with 300+ capacity,79437,28205,9:30 PM,Prior permission from Warden required,Strict anti-ragging policies enforced,"Yes, indoor and outdoor facilities","Football ground, Cricket pitch, Basketball courts","Table Tennis, Badminton, Chess","Football, Cricket, Volleyball, Athletics",Well-equipped modern gymnasium,Semester System (CBCS),Minimum 75% attendance mandatory,25% weightage,75% weightage,Minimum 40% aggregate required to pass,Conducted within 1 month of result declaration,Available for a maximum of 3 subjects,Maximum 4 backlogs allowed to promote to next year,Merit-based and Category-based scholarships available,Dedicated Student Counselling Centre,"Technical, Cultural, and Sports Clubs",Anti-Ragging Squad and Grievance Cell,End-semester anonymous feedback system,4.2/5,4.0/5,3.7/5,4.1/5,4.6/5,4.7/5,4.5/5
UNI162,Indus University,nan,http://www.indusuni.ac.in/,1987,UGC Recognized,NAAC 'A' Grade,49,"Engineering: CSE, Mechanical | Management: MBA, BBA | Science: B.Sc, M.Sc","B.Tech CSE, MBA Finance, B.Sc","Computer Science, Mechanical Engineering, Civil Engineering, Management Studies, Applied Sciences","Minimum 60% aggregate in 10+2 (Physics, Chemistry, Mathematics/Biology)",59584 per semester,23103,4343,4420,Active Training and Placement Cell,Strictly for registered final-year students,81% in 2023,9.1 Lakh Per Annum,20.2 Lakh Per Annum,2.8 Lakh Per Annum,"TCS, Infosys, Wipro, Cognizant, Amazon, Microsoft",Minimum 6.0 CGPA with no active backlogs,Mandatory 6-week summer internship,Stipend based on company selection,"Yes, across major city routes",15749,Over 15 designated routes,7:30 AM to 5:30 PM,Central Air-Conditioned Library,"Reading Room, Reference Section, Digital Access",242916,Available with remote access,"IEEE, Springer, ScienceDirect",8:00 AM to 8:00 PM,"Yes, for Boys and Girls",Available with 500+ capacity,Available with 300+ capacity,53811,29147,9:30 PM,Prior permission from Warden required,Strict anti-ragging policies enforced,"Yes, indoor and outdoor facilities","Football ground, Cricket pitch, Basketball courts","Table Tennis, Badminton, Chess","Football, Cricket, Volleyball, Athletics",Well-equipped modern gymnasium,Semester System (CBCS),Minimum 75% attendance mandatory,25% weightage,75% weightage,Minimum 40% aggregate required to pass,Conducted within 1 month of result declaration,Available for a maximum of 3 subjects,Maximum 4 backlogs allowed to promote to next year,Merit-based and Category-based scholarships available,Dedicated Student Counselling Centre,"Technical, Cultural, and Sports Clubs",Anti-Ragging Squad and Grievance Cell,End-semester anonymous feedback system,4.4/5,4.5/5,3.7/5,4.5/5,4.4/5,4.2/5,4.4/5
UNI163,Integral University,nan,http://www.integraluniversity.ac.in/,1970,UGC Recognized,NAAC 'A' Grade,145,"Engineering: CSE, Mechanical | Management: MBA, BBA | Science: B.Sc, M.Sc","B.Tech CSE, MBA Finance, B.Sc","Computer Science, Mechanical Engineering, Civil Engineering, Management Studies, Applied Sciences","Minimum 60% aggregate in 10+2 (Physics, Chemistry, Mathematics/Biology)",52756 per semester,16809,4676,7754,Active Training and Placement Cell,Strictly for registered final-year students,96% in 2023,10.9 Lakh Per Annum,43.9 Lakh Per Annum,3.0 Lakh Per Annum,"TCS, Infosys, Wipro, Cognizant, Amazon, Microsoft",Minimum 6.0 CGPA with no active backlogs,Mandatory 6-week summer internship,Stipend based on company selection,"Yes, across major city routes",18050,Over 15 designated routes,7:30 AM to 5:30 PM,Central Air-Conditioned Library,"Reading Room, Reference Section, Digital Access",128206,Available with remote access,"IEEE, Springer, ScienceDirect",8:00 AM to 8:00 PM,"Yes, for Boys and Girls",Available with 500+ capacity,Available with 300+ capacity,63144,38822,9:30 PM,Prior permission from Warden required,Strict anti-ragging policies enforced,"Yes, indoor and outdoor facilities","Football ground, Cricket pitch, Basketball courts","Table Tennis, Badminton, Chess","Football, Cricket, Volleyball, Athletics",Well-equipped modern gymnasium,Semester System (CBCS),Minimum 75% attendance mandatory,25% weightage,75% weightage,Minimum 40% aggregate required to pass,Conducted within 1 month of result declaration,Available for a maximum of 3 subjects,Maximum 4 backlogs allowed to promote to next year,Merit-based and Category-based scholarships available,Dedicated Student Counselling Centre,"Technical, Cultural, and Sports Clubs",Anti-Ragging Squad and Grievance Cell,End-semester anonymous feedback system,4.7/5,4.6/5,4.4/5,4.3/5,4.9/5,4.2/5,4.6/5
UNI164,Guru Gobind Singh Indraprastha University,nan,http://www.ipu.ac.in/,1940,UGC Recognized,NAAC 'A' Grade,82,"Engineering: CSE, Mechanical | Management: MBA, BBA | Science: B.Sc, M.Sc","B.Tech CSE, MBA Finance, B.Sc","Computer Science, Mechanical Engineering, Civil Engineering, Management Studies, Applied Sciences","Minimum 60% aggregate in 10+2 (Physics, Chemistry, Mathematics/Biology)",68236 per semester,18024,2019,5038,Active Training and Placement Cell,Strictly for registered final-year students,78% in 2023,12.1 Lakh Per Annum,19.6 Lakh Per Annum,2.6 Lakh Per Annum,"TCS, Infosys, Wipro, Cognizant, Amazon, Microsoft",Minimum 6.0 CGPA with no active backlogs,Mandatory 6-week summer internship,Stipend based on company selection,"Yes, across major city routes",25925,Over 15 designated routes,7:30 AM to 5:30 PM,Central Air-Conditioned Library,"Reading Room, Reference Section, Digital Access",163197,Available with remote access,"IEEE, Springer, ScienceDirect",8:00 AM to 8:00 PM,"Yes, for Boys and Girls",Available with 500+ capacity,Available with 300+ capacity,78502,31012,9:30 PM,Prior permission from Warden required,Strict anti-ragging policies enforced,"Yes, indoor and outdoor facilities","Football ground, Cricket pitch, Basketball courts","Table Tennis, Badminton, Chess","Football, Cricket, Volleyball, Athletics",Well-equipped modern gymnasium,Semester System (CBCS),Minimum 75% attendance mandatory,25% weightage,75% weightage,Minimum 40% aggregate required to pass,Conducted within 1 month of result declaration,Available for a maximum of 3 subjects,Maximum 4 backlogs allowed to promote to next year,Merit-based and Category-based scholarships available,Dedicated Student Counselling Centre,"Technical, Cultural, and Sports Clubs",Anti-Ragging Squad and Grievance Cell,End-semester anonymous feedback system,4.0/5,4.5/5,4.4/5,4.2/5,4.2/5,4.1/5,4.4/5
UNI165,Indian School of Business Management and Administration,nan,http://isbm.org.in/,1992,UGC Recognized,NAAC 'A' Grade,89,"Management: MBA (Finance, Marketing, HR), BBA","B.Tech CSE, MBA Finance, B.Sc","Computer Science, Mechanical Engineering, Civil Engineering, Management Studies, Applied Sciences","Minimum 60% aggregate in 10+2 (Physics, Chemistry, Mathematics/Biology)",132502 per semester,16074,3642,8728,Active Training and Placement Cell,Strictly for registered final-year students,86% in 2023,12.0 Lakh Per Annum,30.2 Lakh Per Annum,3.4 Lakh Per Annum,"TCS, Infosys, Wipro, Cognizant, Amazon, Microsoft",Minimum 6.0 CGPA with no active backlogs,Mandatory 6-week summer internship,Stipend based on company selection,"Yes, across major city routes",17553,Over 15 designated routes,7:30 AM to 5:30 PM,Central Air-Conditioned Library,"Reading Room, Reference Section, Digital Access",92612,Available with remote access,"IEEE, Springer, ScienceDirect",8:00 AM to 8:00 PM,"Yes, for Boys and Girls",Available with 500+ capacity,Available with 300+ capacity,57832,43102,9:30 PM,Prior permission from Warden required,Strict anti-ragging policies enforced,"Yes, indoor and outdoor facilities","Football ground, Cricket pitch, Basketball courts","Table Tennis, Badminton, Chess","Football, Cricket, Volleyball, Athletics",Well-equipped modern gymnasium,Semester System (CBCS),Minimum 75% attendance mandatory,25% weightage,75% weightage,Minimum 40% aggregate required to pass,Conducted within 1 month of result declaration,Available for a maximum of 3 subjects,Maximum 4 backlogs allowed to promote to next year,Merit-based and Category-based scholarships available,Dedicated Student Counselling Centre,"Technical, Cultural, and Sports Clubs",Anti-Ragging Squad and Grievance Cell,End-semester anonymous feedback system,4.1/5,4.0/5,4.4/5,4.5/5,4.4/5,4.6/5,4.7/5
UNI166,Indian Statistical Institute,nan,http://www.isical.ac.in/,1954,UGC Recognized,NAAC 'A' Grade,100,"Engineering: CSE, Mechanical | Management: MBA, BBA | Science: B.Sc, M.Sc","B.Tech CSE, MBA Finance, B.Sc","Computer Science, Mechanical Engineering, Civil Engineering, Management Studies, Applied Sciences","Minimum 60% aggregate in 10+2 (Physics, Chemistry, Mathematics/Biology)",80386 per semester,24633,4033,3382,Active Training and Placement Cell,Strictly for registered final-year students,79% in 2023,12.3 Lakh Per Annum,27.0 Lakh Per Annum,3.8 Lakh Per Annum,"TCS, Infosys, Wipro, Cognizant, Amazon, Microsoft",Minimum 6.0 CGPA with no active backlogs,Mandatory 6-week summer internship,Stipend based on company selection,"Yes, across major city routes",20407,Over 15 designated routes,7:30 AM to 5:30 PM,Central Air-Conditioned Library,"Reading Room, Reference Section, Digital Access",75182,Available with remote access,"IEEE, Springer, ScienceDirect",8:00 AM to 8:00 PM,"Yes, for Boys and Girls",Available with 500+ capacity,Available with 300+ capacity,51783,38018,9:30 PM,Prior permission from Warden required,Strict anti-ragging policies enforced,"Yes, indoor and outdoor facilities","Football ground, Cricket pitch, Basketball courts","Table Tennis, Badminton, Chess","Football, Cricket, Volleyball, Athletics",Well-equipped modern gymnasium,Semester System (CBCS),Minimum 75% attendance mandatory,25% weightage,75% weightage,Minimum 40% aggregate required to pass,Conducted within 1 month of result declaration,Available for a maximum of 3 subjects,Maximum 4 backlogs allowed to promote to next year,Merit-based and Category-based scholarships available,Dedicated Student Counselling Centre,"Technical, Cultural, and Sports Clubs",Anti-Ragging Squad and Grievance Cell,End-semester anonymous feedback system,4.8/5,3.9/5,4.1/5,3.9/5,4.6/5,4.2/5,4.8/5
UNI167,Indian School of Mines (ISM),nan,http://www.ismdhanbad.ac.in/,1945,UGC Recognized,NAAC 'A' Grade,123,"Engineering: CSE, Mechanical | Management: MBA, BBA | Science: B.Sc, M.Sc","B.Tech CSE, MBA Finance, B.Sc","Computer Science, Mechanical Engineering, Civil Engineering, Management Studies, Applied Sciences","Minimum 60% aggregate in 10+2 (Physics, Chemistry, Mathematics/Biology)",71456 per semester,15777,1576,5360,Active Training and Placement Cell,Strictly for registered final-year students,84% in 2023,11.3 Lakh Per Annum,35.4 Lakh Per Annum,2.5 Lakh Per Annum,"TCS, Infosys, Wipro, Cognizant, Amazon, Microsoft",Minimum 6.0 CGPA with no active backlogs,Mandatory 6-week summer internship,Stipend based on company selection,"Yes, across major city routes",29321,Over 15 designated routes,7:30 AM to 5:30 PM,Central Air-Conditioned Library,"Reading Room, Reference Section, Digital Access",189298,Available with remote access,"IEEE, Springer, ScienceDirect",8:00 AM to 8:00 PM,"Yes, for Boys and Girls",Available with 500+ capacity,Available with 300+ capacity,51248,33571,9:30 PM,Prior permission from Warden required,Strict anti-ragging policies enforced,"Yes, indoor and outdoor facilities","Football ground, Cricket pitch, Basketball courts","Table Tennis, Badminton, Chess","Football, Cricket, Volleyball, Athletics",Well-equipped modern gymnasium,Semester System (CBCS),Minimum 75% attendance mandatory,25% weightage,75% weightage,Minimum 40% aggregate required to pass,Conducted within 1 month of result declaration,Available for a maximum of 3 subjects,Maximum 4 backlogs allowed to promote to next year,Merit-based and Category-based scholarships available,Dedicated Student Counselling Centre,"Technical, Cultural, and Sports Clubs",Anti-Ragging Squad and Grievance Cell,End-semester anonymous feedback system,4.5/5,4.3/5,4.3/5,4.3/5,4.8/5,4.2/5,4.4/5
UNI168,Institute of Technology and Management,nan,http://www.itmindia.edu/,1976,UGC Recognized,NAAC 'A' Grade,136,"Engineering: Computer Science (CSE), Civil, Mechanical, ICT","B.Tech CSE, MBA Finance, B.Sc","Computer Science, Mechanical Engineering, Civil Engineering, Management Studies, Applied Sciences","Minimum 60% aggregate in 10+2 (Physics, Chemistry, Mathematics/Biology)",70948 per semester,22780,3761,6842,Active Training and Placement Cell,Strictly for registered final-year students,89% in 2023,5.5 Lakh Per Annum,44.3 Lakh Per Annum,3.1 Lakh Per Annum,"TCS, Infosys, Wipro, Cognizant, Amazon, Microsoft",Minimum 6.0 CGPA with no active backlogs,Mandatory 6-week summer internship,Stipend based on company selection,"Yes, across major city routes",22877,Over 15 designated routes,7:30 AM to 5:30 PM,Central Air-Conditioned Library,"Reading Room, Reference Section, Digital Access",235539,Available with remote access,"IEEE, Springer, ScienceDirect",8:00 AM to 8:00 PM,"Yes, for Boys and Girls",Available with 500+ capacity,Available with 300+ capacity,65623,31728,9:30 PM,Prior permission from Warden required,Strict anti-ragging policies enforced,"Yes, indoor and outdoor facilities","Football ground, Cricket pitch, Basketball courts","Table Tennis, Badminton, Chess","Football, Cricket, Volleyball, Athletics",Well-equipped modern gymnasium,Semester System (CBCS),Minimum 75% attendance mandatory,25% weightage,75% weightage,Minimum 40% aggregate required to pass,Conducted within 1 month of result declaration,Available for a maximum of 3 subjects,Maximum 4 backlogs allowed to promote to next year,Merit-based and Category-based scholarships available,Dedicated Student Counselling Centre,"Technical, Cultural, and Sports Clubs",Anti-Ragging Squad and Grievance Cell,End-semester anonymous feedback system,4.5/5,3.9/5,3.9/5,4.2/5,4.6/5,4.6/5,4.0/5
UNI169,Indian University,nan,http://www.iur.ac.in/,1969,UGC Recognized,NAAC 'A' Grade,53,"Engineering: CSE, Mechanical | Management: MBA, BBA | Science: B.Sc, M.Sc","B.Tech CSE, MBA Finance, B.Sc","Computer Science, Mechanical Engineering, Civil Engineering, Management Studies, Applied Sciences","Minimum 60% aggregate in 10+2 (Physics, Chemistry, Mathematics/Biology)",62435 per semester,5814,3824,3901,Active Training and Placement Cell,Strictly for registered final-year students,95% in 2023,7.7 Lakh Per Annum,20.3 Lakh Per Annum,3.7 Lakh Per Annum,"TCS, Infosys, Wipro, Cognizant, Amazon, Microsoft",Minimum 6.0 CGPA with no active backlogs,Mandatory 6-week summer internship,Stipend based on company selection,"Yes, across major city routes",21594,Over 15 designated routes,7:30 AM to 5:30 PM,Central Air-Conditioned Library,"Reading Room, Reference Section, Digital Access",155697,Available with remote access,"IEEE, Springer, ScienceDirect",8:00 AM to 8:00 PM,"Yes, for Boys and Girls",Available with 500+ capacity,Available with 300+ capacity,58923,30884,9:30 PM,Prior permission from Warden required,Strict anti-ragging policies enforced,"Yes, indoor and outdoor facilities","Football ground, Cricket pitch, Basketball courts","Table Tennis, Badminton, Chess","Football, Cricket, Volleyball, Athletics",Well-equipped modern gymnasium,Semester System (CBCS),Minimum 75% attendance mandatory,25% weightage,75% weightage,Minimum 40% aggregate required to pass,Conducted within 1 month of result declaration,Available for a maximum of 3 subjects,Maximum 4 backlogs allowed to promote to next year,Merit-based and Category-based scholarships available,Dedicated Student Counselling Centre,"Technical, Cultural, and Sports Clubs",Anti-Ragging Squad and Grievance Cell,End-semester anonymous feedback system,4.4/5,4.4/5,3.5/5,4.2/5,4.4/5,4.4/5,4.1/5
UNI170,Indian Veterinary Research Institute,nan,http://www.ivri.nic.in/,1973,UGC Recognized,NAAC 'A' Grade,39,"Engineering: CSE, Mechanical | Management: MBA, BBA | Science: B.Sc, M.Sc","B.Tech CSE, MBA Finance, B.Sc","Computer Science, Mechanical Engineering, Civil Engineering, Management Studies, Applied Sciences","Minimum 60% aggregate in 10+2 (Physics, Chemistry, Mathematics/Biology)",104285 per semester,11423,2913,3885,Active Training and Placement Cell,Strictly for registered final-year students,80% in 2023,6.1 Lakh Per Annum,43.2 Lakh Per Annum,3.7 Lakh Per Annum,"TCS, Infosys, Wipro, Cognizant, Amazon, Microsoft",Minimum 6.0 CGPA with no active backlogs,Mandatory 6-week summer internship,Stipend based on company selection,"Yes, across major city routes",27316,Over 15 designated routes,7:30 AM to 5:30 PM,Central Air-Conditioned Library,"Reading Room, Reference Section, Digital Access",158111,Available with remote access,"IEEE, Springer, ScienceDirect",8:00 AM to 8:00 PM,"Yes, for Boys and Girls",Available with 500+ capacity,Available with 300+ capacity,78673,34708,9:30 PM,Prior permission from Warden required,Strict anti-ragging policies enforced,"Yes, indoor and outdoor facilities","Football ground, Cricket pitch, Basketball courts","Table Tennis, Badminton, Chess","Football, Cricket, Volleyball, Athletics",Well-equipped modern gymnasium,Semester System (CBCS),Minimum 75% attendance mandatory,25% weightage,75% weightage,Minimum 40% aggregate required to pass,Conducted within 1 month of result declaration,Available for a maximum of 3 subjects,Maximum 4 backlogs allowed to promote to next year,Merit-based and Category-based scholarships available,Dedicated Student Counselling Centre,"Technical, Cultural, and Sports Clubs",Anti-Ragging Squad and Grievance Cell,End-semester anonymous feedback system,4.6/5,4.3/5,4.1/5,4.4/5,4.7/5,4.5/5,4.4/5
UNI171,Jadavpur University,West Bengal,http://www.jadavpur.edu/,2009,UGC Recognized,NAAC 'A' Grade,98,"Engineering: CSE, Mechanical | Management: MBA, BBA | Science: B.Sc, M.Sc","B.Tech CSE, MBA Finance, B.Sc","Computer Science, Mechanical Engineering, Civil Engineering, Management Studies, Applied Sciences","Minimum 60% aggregate in 10+2 (Physics, Chemistry, Mathematics/Biology)",120818 per semester,11783,2589,7406,Active Training and Placement Cell,Strictly for registered final-year students,75% in 2023,11.6 Lakh Per Annum,42.0 Lakh Per Annum,3.4 Lakh Per Annum,"TCS, Infosys, Wipro, Cognizant, Amazon, Microsoft",Minimum 6.0 CGPA with no active backlogs,Mandatory 6-week summer internship,Stipend based on company selection,"Yes, across major city routes",32564,Over 15 designated routes,7:30 AM to 5:30 PM,Central Air-Conditioned Library,"Reading Room, Reference Section, Digital Access",219070,Available with remote access,"IEEE, Springer, ScienceDirect",8:00 AM to 8:00 PM,"Yes, for Boys and Girls",Available with 500+ capacity,Available with 300+ capacity,46093,37996,9:30 PM,Prior permission from Warden required,Strict anti-ragging policies enforced,"Yes, indoor and outdoor facilities","Football ground, Cricket pitch, Basketball courts","Table Tennis, Badminton, Chess","Football, Cricket, Volleyball, Athletics",Well-equipped modern gymnasium,Semester System (CBCS),Minimum 75% attendance mandatory,25% weightage,75% weightage,Minimum 40% aggregate required to pass,Conducted within 1 month of result declaration,Available for a maximum of 3 subjects,Maximum 4 backlogs allowed to promote to next year,Merit-based and Category-based scholarships available,Dedicated Student Counselling Centre,"Technical, Cultural, and Sports Clubs",Anti-Ragging Squad and Grievance Cell,End-semester anonymous feedback system,4.3/5,3.9/5,4.1/5,4.4/5,4.6/5,4.4/5,4.1/5
UNI172,First Global University to teaching Jainism,nan,http://www.jainuniversity.org/,1964,UGC Recognized,NAAC 'A' Grade,127,"Engineering: CSE, Mechanical | Management: MBA, BBA | Science: B.Sc, M.Sc","B.Tech CSE, MBA Finance, B.Sc","Computer Science, Mechanical Engineering, Civil Engineering, Management Studies, Applied Sciences","Minimum 60% aggregate in 10+2 (Physics, Chemistry, Mathematics/Biology)",119023 per semester,9350,2223,7151,Active Training and Placement Cell,Strictly for registered final-year students,76% in 2023,6.8 Lakh Per Annum,34.8 Lakh Per Annum,3.7 Lakh Per Annum,"TCS, Infosys, Wipro, Cognizant, Amazon, Microsoft",Minimum 6.0 CGPA with no active backlogs,Mandatory 6-week summer internship,Stipend based on company selection,"Yes, across major city routes",21633,Over 15 designated routes,7:30 AM to 5:30 PM,Central Air-Conditioned Library,"Reading Room, Reference Section, Digital Access",69780,Available with remote access,"IEEE, Springer, ScienceDirect",8:00 AM to 8:00 PM,"Yes, for Boys and Girls",Available with 500+ capacity,Available with 300+ capacity,60860,40028,9:30 PM,Prior permission from Warden required,Strict anti-ragging policies enforced,"Yes, indoor and outdoor facilities","Football ground, Cricket pitch, Basketball courts","Table Tennis, Badminton, Chess","Football, Cricket, Volleyball, Athletics",Well-equipped modern gymnasium,Semester System (CBCS),Minimum 75% attendance mandatory,25% weightage,75% weightage,Minimum 40% aggregate required to pass,Conducted within 1 month of result declaration,Available for a maximum of 3 subjects,Maximum 4 backlogs allowed to promote to next year,Merit-based and Category-based scholarships available,Dedicated Student Counselling Centre,"Technical, Cultural, and Sports Clubs",Anti-Ragging Squad and Grievance Cell,End-semester anonymous feedback system,4.7/5,4.2/5,3.7/5,4.6/5,4.6/5,4.5/5,4.3/5
UNI173,Jamia Hamdard University,nan,http://www.jamiahamdard.edu/,1942,UGC Recognized,NAAC 'A' Grade,54,"Engineering: CSE, Mechanical | Management: MBA, BBA | Science: B.Sc, M.Sc","B.Tech CSE, MBA Finance, B.Sc","Computer Science, Mechanical Engineering, Civil Engineering, Management Studies, Applied Sciences","Minimum 60% aggregate in 10+2 (Physics, Chemistry, Mathematics/Biology)",120560 per semester,24828,2729,5871,Active Training and Placement Cell,Strictly for registered final-year students,76% in 2023,7.7 Lakh Per Annum,31.3 Lakh Per Annum,3.9 Lakh Per Annum,"TCS, Infosys, Wipro, Cognizant, Amazon, Microsoft",Minimum 6.0 CGPA with no active backlogs,Mandatory 6-week summer internship,Stipend based on company selection,"Yes, across major city routes",32262,Over 15 designated routes,7:30 AM to 5:30 PM,Central Air-Conditioned Library,"Reading Room, Reference Section, Digital Access",69934,Available with remote access,"IEEE, Springer, ScienceDirect",8:00 AM to 8:00 PM,"Yes, for Boys and Girls",Available with 500+ capacity,Available with 300+ capacity,53287,40628,9:30 PM,Prior permission from Warden required,Strict anti-ragging policies enforced,"Yes, indoor and outdoor facilities","Football ground, Cricket pitch, Basketball courts","Table Tennis, Badminton, Chess","Football, Cricket, Volleyball, Athletics",Well-equipped modern gymnasium,Semester System (CBCS),Minimum 75% attendance mandatory,25% weightage,75% weightage,Minimum 40% aggregate required to pass,Conducted within 1 month of result declaration,Available for a maximum of 3 subjects,Maximum 4 backlogs allowed to promote to next year,Merit-based and Category-based scholarships available,Dedicated Student Counselling Centre,"Technical, Cultural, and Sports Clubs",Anti-Ragging Squad and Grievance Cell,End-semester anonymous feedback system,4.6/5,3.8/5,3.8/5,4.6/5,4.9/5,4.0/5,4.2/5
UNI174,University of Jammu,Jammu,http://www.jammuvarsity.org/,1982,UGC Recognized,NAAC 'A' Grade,133,"Engineering: CSE, Mechanical | Management: MBA, BBA | Science: B.Sc, M.Sc","B.Tech CSE, MBA Finance, B.Sc","Computer Science, Mechanical Engineering, Civil Engineering, Management Studies, Applied Sciences","Minimum 60% aggregate in 10+2 (Physics, Chemistry, Mathematics/Biology)",85446 per semester,5328,4001,3848,Active Training and Placement Cell,Strictly for registered final-year students,80% in 2023,4.1 Lakh Per Annum,36.9 Lakh Per Annum,3.8 Lakh Per Annum,"TCS, Infosys, Wipro, Cognizant, Amazon, Microsoft",Minimum 6.0 CGPA with no active backlogs,Mandatory 6-week summer internship,Stipend based on company selection,"Yes, across major city routes",28430,Over 15 designated routes,7:30 AM to 5:30 PM,Central Air-Conditioned Library,"Reading Room, Reference Section, Digital Access",76659,Available with remote access,"IEEE, Springer, ScienceDirect",8:00 AM to 8:00 PM,"Yes, for Boys and Girls",Available with 500+ capacity,Available with 300+ capacity,80737,33809,9:30 PM,Prior permission from Warden required,Strict anti-ragging policies enforced,"Yes, indoor and outdoor facilities","Football ground, Cricket pitch, Basketball courts","Table Tennis, Badminton, Chess","Football, Cricket, Volleyball, Athletics",Well-equipped modern gymnasium,Semester System (CBCS),Minimum 75% attendance mandatory,25% weightage,75% weightage,Minimum 40% aggregate required to pass,Conducted within 1 month of result declaration,Available for a maximum of 3 subjects,Maximum 4 backlogs allowed to promote to next year,Merit-based and Category-based scholarships available,Dedicated Student Counselling Centre,"Technical, Cultural, and Sports Clubs",Anti-Ragging Squad and Grievance Cell,End-semester anonymous feedback system,4.0/5,4.1/5,4.2/5,4.0/5,4.5/5,4.5/5,4.1/5
UNI175,Jaypee Institute of Information Technology,nan,http://www.jiit.ac.in/,1994,UGC Recognized,NAAC 'A' Grade,110,"Engineering: Computer Science (CSE), Civil, Mechanical, ICT","B.Tech CSE, MBA Finance, B.Sc","Computer Science, Mechanical Engineering, Civil Engineering, Management Studies, Applied Sciences","Minimum 60% aggregate in 10+2 (Physics, Chemistry, Mathematics/Biology)",127876 per semester,6704,4942,5499,Active Training and Placement Cell,Strictly for registered final-year students,96% in 2023,10.0 Lakh Per Annum,22.6 Lakh Per Annum,3.9 Lakh Per Annum,"TCS, Infosys, Wipro, Cognizant, Amazon, Microsoft",Minimum 6.0 CGPA with no active backlogs,Mandatory 6-week summer internship,Stipend based on company selection,"Yes, across major city routes",20475,Over 15 designated routes,7:30 AM to 5:30 PM,Central Air-Conditioned Library,"Reading Room, Reference Section, Digital Access",194993,Available with remote access,"IEEE, Springer, ScienceDirect",8:00 AM to 8:00 PM,"Yes, for Boys and Girls",Available with 500+ capacity,Available with 300+ capacity,70199,31485,9:30 PM,Prior permission from Warden required,Strict anti-ragging policies enforced,"Yes, indoor and outdoor facilities","Football ground, Cricket pitch, Basketball courts","Table Tennis, Badminton, Chess","Football, Cricket, Volleyball, Athletics",Well-equipped modern gymnasium,Semester System (CBCS),Minimum 75% attendance mandatory,25% weightage,75% weightage,Minimum 40% aggregate required to pass,Conducted within 1 month of result declaration,Available for a maximum of 3 subjects,Maximum 4 backlogs allowed to promote to next year,Merit-based and Category-based scholarships available,Dedicated Student Counselling Centre,"Technical, Cultural, and Sports Clubs",Anti-Ragging Squad and Grievance Cell,End-semester anonymous feedback system,4.6/5,3.9/5,3.8/5,3.9/5,4.3/5,4.8/5,4.3/5
UNI176,Jiwaji University,nan,http://www.jiwaji.edu/,1983,UGC Recognized,NAAC 'A' Grade,102,"Engineering: CSE, Mechanical | Management: MBA, BBA | Science: B.Sc, M.Sc","B.Tech CSE, MBA Finance, B.Sc","Computer Science, Mechanical Engineering, Civil Engineering, Management Studies, Applied Sciences","Minimum 60% aggregate in 10+2 (Physics, Chemistry, Mathematics/Biology)",67281 per semester,14936,2040,4592,Active Training and Placement Cell,Strictly for registered final-year students,80% in 2023,5.3 Lakh Per Annum,22.7 Lakh Per Annum,3.9 Lakh Per Annum,"TCS, Infosys, Wipro, Cognizant, Amazon, Microsoft",Minimum 6.0 CGPA with no active backlogs,Mandatory 6-week summer internship,Stipend based on company selection,"Yes, across major city routes",27887,Over 15 designated routes,7:30 AM to 5:30 PM,Central Air-Conditioned Library,"Reading Room, Reference Section, Digital Access",146193,Available with remote access,"IEEE, Springer, ScienceDirect",8:00 AM to 8:00 PM,"Yes, for Boys and Girls",Available with 500+ capacity,Available with 300+ capacity,56988,40582,9:30 PM,Prior permission from Warden required,Strict anti-ragging policies enforced,"Yes, indoor and outdoor facilities","Football ground, Cricket pitch, Basketball courts","Table Tennis, Badminton, Chess","Football, Cricket, Volleyball, Athletics",Well-equipped modern gymnasium,Semester System (CBCS),Minimum 75% attendance mandatory,25% weightage,75% weightage,Minimum 40% aggregate required to pass,Conducted within 1 month of result declaration,Available for a maximum of 3 subjects,Maximum 4 backlogs allowed to promote to next year,Merit-based and Category-based scholarships available,Dedicated Student Counselling Centre,"Technical, Cultural, and Sports Clubs",Anti-Ragging Squad and Grievance Cell,End-semester anonymous feedback system,4.6/5,4.2/5,3.9/5,4.6/5,4.5/5,4.2/5,4.4/5
UNI177,Jamia Millia Islamia University,Delhi,http://jmi.nic.in/,1964,UGC Recognized,NAAC 'A' Grade,24,"Engineering: CSE, Mechanical | Management: MBA, BBA | Science: B.Sc, M.Sc","B.Tech CSE, MBA Finance, B.Sc","Computer Science, Mechanical Engineering, Civil Engineering, Management Studies, Applied Sciences","Minimum 60% aggregate in 10+2 (Physics, Chemistry, Mathematics/Biology)",84259 per semester,22020,2390,3675,Active Training and Placement Cell,Strictly for registered final-year students,80% in 2023,11.4 Lakh Per Annum,18.9 Lakh Per Annum,3.1 Lakh Per Annum,"TCS, Infosys, Wipro, Cognizant, Amazon, Microsoft",Minimum 6.0 CGPA with no active backlogs,Mandatory 6-week summer internship,Stipend based on company selection,"Yes, across major city routes",21266,Over 15 designated routes,7:30 AM to 5:30 PM,Central Air-Conditioned Library,"Reading Room, Reference Section, Digital Access",57505,Available with remote access,"IEEE, Springer, ScienceDirect",8:00 AM to 8:00 PM,"Yes, for Boys and Girls",Available with 500+ capacity,Available with 300+ capacity,46528,25086,9:30 PM,Prior permission from Warden required,Strict anti-ragging policies enforced,"Yes, indoor and outdoor facilities","Football ground, Cricket pitch, Basketball courts","Table Tennis, Badminton, Chess","Football, Cricket, Volleyball, Athletics",Well-equipped modern gymnasium,Semester System (CBCS),Minimum 75% attendance mandatory,25% weightage,75% weightage,Minimum 40% aggregate required to pass,Conducted within 1 month of result declaration,Available for a maximum of 3 subjects,Maximum 4 backlogs allowed to promote to next year,Merit-based and Category-based scholarships available,Dedicated Student Counselling Centre,"Technical, Cultural, and Sports Clubs",Anti-Ragging Squad and Grievance Cell,End-semester anonymous feedback system,4.5/5,4.6/5,3.6/5,4.2/5,4.4/5,4.4/5,4.7/5
UNI178,Jawaharlal Nehru Centre for Advanced Scientific Research,nan,http://www.jncasr.ac.in/,1979,UGC Recognized,NAAC 'A' Grade,36,"Engineering: CSE, Mechanical | Management: MBA, BBA | Science: B.Sc, M.Sc","B.Tech CSE, MBA Finance, B.Sc","Computer Science, Mechanical Engineering, Civil Engineering, Management Studies, Applied Sciences","Minimum 60% aggregate in 10+2 (Physics, Chemistry, Mathematics/Biology)",42391 per semester,8669,2215,7678,Active Training and Placement Cell,Strictly for registered final-year students,78% in 2023,10.0 Lakh Per Annum,29.3 Lakh Per Annum,3.5 Lakh Per Annum,"TCS, Infosys, Wipro, Cognizant, Amazon, Microsoft",Minimum 6.0 CGPA with no active backlogs,Mandatory 6-week summer internship,Stipend based on company selection,"Yes, across major city routes",29564,Over 15 designated routes,7:30 AM to 5:30 PM,Central Air-Conditioned Library,"Reading Room, Reference Section, Digital Access",75180,Available with remote access,"IEEE, Springer, ScienceDirect",8:00 AM to 8:00 PM,"Yes, for Boys and Girls",Available with 500+ capacity,Available with 300+ capacity,69697,38348,9:30 PM,Prior permission from Warden required,Strict anti-ragging policies enforced,"Yes, indoor and outdoor facilities","Football ground, Cricket pitch, Basketball courts","Table Tennis, Badminton, Chess","Football, Cricket, Volleyball, Athletics",Well-equipped modern gymnasium,Semester System (CBCS),Minimum 75% attendance mandatory,25% weightage,75% weightage,Minimum 40% aggregate required to pass,Conducted within 1 month of result declaration,Available for a maximum of 3 subjects,Maximum 4 backlogs allowed to promote to next year,Merit-based and Category-based scholarships available,Dedicated Student Counselling Centre,"Technical, Cultural, and Sports Clubs",Anti-Ragging Squad and Grievance Cell,End-semester anonymous feedback system,4.2/5,4.1/5,3.9/5,4.3/5,4.7/5,4.4/5,4.7/5
UNI179,Jawaharlal Nehru Agricultural University,nan,http://www.jnkvv.nic.in/,1978,UGC Recognized,NAAC 'A' Grade,23,"Engineering: CSE, Mechanical | Management: MBA, BBA | Science: B.Sc, M.Sc","B.Tech CSE, MBA Finance, B.Sc","Computer Science, Mechanical Engineering, Civil Engineering, Management Studies, Applied Sciences","Minimum 60% aggregate in 10+2 (Physics, Chemistry, Mathematics/Biology)",81594 per semester,16999,3757,2921,Active Training and Placement Cell,Strictly for registered final-year students,85% in 2023,8.4 Lakh Per Annum,28.0 Lakh Per Annum,3.3 Lakh Per Annum,"TCS, Infosys, Wipro, Cognizant, Amazon, Microsoft",Minimum 6.0 CGPA with no active backlogs,Mandatory 6-week summer internship,Stipend based on company selection,"Yes, across major city routes",31034,Over 15 designated routes,7:30 AM to 5:30 PM,Central Air-Conditioned Library,"Reading Room, Reference Section, Digital Access",218410,Available with remote access,"IEEE, Springer, ScienceDirect",8:00 AM to 8:00 PM,"Yes, for Boys and Girls",Available with 500+ capacity,Available with 300+ capacity,45771,41871,9:30 PM,Prior permission from Warden required,Strict anti-ragging policies enforced,"Yes, indoor and outdoor facilities","Football ground, Cricket pitch, Basketball courts","Table Tennis, Badminton, Chess","Football, Cricket, Volleyball, Athletics",Well-equipped modern gymnasium,Semester System (CBCS),Minimum 75% attendance mandatory,25% weightage,75% weightage,Minimum 40% aggregate required to pass,Conducted within 1 month of result declaration,Available for a maximum of 3 subjects,Maximum 4 backlogs allowed to promote to next year,Merit-based and Category-based scholarships available,Dedicated Student Counselling Centre,"Technical, Cultural, and Sports Clubs",Anti-Ragging Squad and Grievance Cell,End-semester anonymous feedback system,4.1/5,3.8/5,3.8/5,3.9/5,4.2/5,4.6/5,4.7/5
UNI180,Jawaharlal Nehru Technological University Hyderabad,Telangana,http://www.jntuh.ac.in/,1993,UGC Recognized,NAAC 'A' Grade,25,"Engineering: Computer Science (CSE), Civil, Mechanical, ICT","B.Tech CSE, MBA Finance, B.Sc","Computer Science, Mechanical Engineering, Civil Engineering, Management Studies, Applied Sciences","Minimum 60% aggregate in 10+2 (Physics, Chemistry, Mathematics/Biology)",122543 per semester,10972,1541,9494,Active Training and Placement Cell,Strictly for registered final-year students,95% in 2023,8.9 Lakh Per Annum,28.4 Lakh Per Annum,2.5 Lakh Per Annum,"TCS, Infosys, Wipro, Cognizant, Amazon, Microsoft",Minimum 6.0 CGPA with no active backlogs,Mandatory 6-week summer internship,Stipend based on company selection,"Yes, across major city routes",23311,Over 15 designated routes,7:30 AM to 5:30 PM,Central Air-Conditioned Library,"Reading Room, Reference Section, Digital Access",209415,Available with remote access,"IEEE, Springer, ScienceDirect",8:00 AM to 8:00 PM,"Yes, for Boys and Girls",Available with 500+ capacity,Available with 300+ capacity,61050,31250,9:30 PM,Prior permission from Warden required,Strict anti-ragging policies enforced,"Yes, indoor and outdoor facilities","Football ground, Cricket pitch, Basketball courts","Table Tennis, Badminton, Chess","Football, Cricket, Volleyball, Athletics",Well-equipped modern gymnasium,Semester System (CBCS),Minimum 75% attendance mandatory,25% weightage,75% weightage,Minimum 40% aggregate required to pass,Conducted within 1 month of result declaration,Available for a maximum of 3 subjects,Maximum 4 backlogs allowed to promote to next year,Merit-based and Category-based scholarships available,Dedicated Student Counselling Centre,"Technical, Cultural, and Sports Clubs",Anti-Ragging Squad and Grievance Cell,End-semester anonymous feedback system,4.6/5,4.1/5,3.8/5,3.8/5,4.5/5,4.7/5,4.0/5
UNI181,Jawaharlal Nehru University,Delhi,http://www.jnu.ac.in/,1984,UGC Recognized,NAAC 'A' Grade,122,"Engineering: CSE, Mechanical | Management: MBA, BBA | Science: B.Sc, M.Sc","B.Tech CSE, MBA Finance, B.Sc","Computer Science, Mechanical Engineering, Civil Engineering, Management Studies, Applied Sciences","Minimum 60% aggregate in 10+2 (Physics, Chemistry, Mathematics/Biology)",82409 per semester,12183,2906,7725,Active Training and Placement Cell,Strictly for registered final-year students,76% in 2023,8.7 Lakh Per Annum,20.6 Lakh Per Annum,2.9 Lakh Per Annum,"TCS, Infosys, Wipro, Cognizant, Amazon, Microsoft",Minimum 6.0 CGPA with no active backlogs,Mandatory 6-week summer internship,Stipend based on company selection,"Yes, across major city routes",34169,Over 15 designated routes,7:30 AM to 5:30 PM,Central Air-Conditioned Library,"Reading Room, Reference Section, Digital Access",2025,Available with remote access,"IEEE, Springer, ScienceDirect",8:00 AM to 8:00 PM,"Yes, for Boys and Girls",Available with 500+ capacity,Available with 300+ capacity,74780,29127,9:30 PM,Prior permission from Warden required,Strict anti-ragging policies enforced,"Yes, indoor and outdoor facilities","Football ground, Cricket pitch, Basketball courts","Table Tennis, Badminton, Chess","Football, Cricket, Volleyball, Athletics",Well-equipped modern gymnasium,Semester System (CBCS),Minimum 75% attendance mandatory,25% weightage,75% weightage,Minimum 40% aggregate required to pass,Conducted within 1 month of result declaration,Available for a maximum of 3 subjects,Maximum 4 backlogs allowed to promote to next year,Merit-based and Category-based scholarships available,Dedicated Student Counselling Centre,"Technical, Cultural, and Sports Clubs",Anti-Ragging Squad and Grievance Cell,End-semester anonymous feedback system,4.5/5,4.2/5,3.8/5,4.4/5,4.5/5,4.1/5,4.1/5
UNI182,Jaipur National University,Rajasthan,http://www.jnujaipur.ac.in/,2005,UGC Recognized,NAAC 'A' Grade,82,"Engineering: CSE, Mechanical | Management: MBA, BBA | Science: B.Sc, M.Sc","B.Tech CSE, MBA Finance, B.Sc","Computer Science, Mechanical Engineering, Civil Engineering, Management Studies, Applied Sciences","Minimum 60% aggregate in 10+2 (Physics, Chemistry, Mathematics/Biology)",81731 per semester,10655,2583,7306,Active Training and Placement Cell,Strictly for registered final-year students,99% in 2023,6.1 Lakh Per Annum,23.8 Lakh Per Annum,3.7 Lakh Per Annum,"TCS, Infosys, Wipro, Cognizant, Amazon, Microsoft",Minimum 6.0 CGPA with no active backlogs,Mandatory 6-week summer internship,Stipend based on company selection,"Yes, across major city routes",25789,Over 15 designated routes,7:30 AM to 5:30 PM,Central Air-Conditioned Library,"Reading Room, Reference Section, Digital Access",104596,Available with remote access,"IEEE, Springer, ScienceDirect",8:00 AM to 8:00 PM,"Yes, for Boys and Girls",Available with 500+ capacity,Available with 300+ capacity,84381,35556,9:30 PM,Prior permission from Warden required,Strict anti-ragging policies enforced,"Yes, indoor and outdoor facilities","Football ground, Cricket pitch, Basketball courts","Table Tennis, Badminton, Chess","Football, Cricket, Volleyball, Athletics",Well-equipped modern gymnasium,Semester System (CBCS),Minimum 75% attendance mandatory,25% weightage,75% weightage,Minimum 40% aggregate required to pass,Conducted within 1 month of result declaration,Available for a maximum of 3 subjects,Maximum 4 backlogs allowed to promote to next year,Merit-based and Category-based scholarships available,Dedicated Student Counselling Centre,"Technical, Cultural, and Sports Clubs",Anti-Ragging Squad and Grievance Cell,End-semester anonymous feedback system,4.0/5,3.9/5,4.3/5,4.5/5,4.5/5,4.4/5,4.1/5
UNI183,Jodhpur National University,Rajasthan,http://www.jodhpurnationaluniversity.com/,1992,UGC Recognized,NAAC 'A' Grade,66,"Engineering: CSE, Mechanical | Management: MBA, BBA | Science: B.Sc, M.Sc","B.Tech CSE, MBA Finance, B.Sc","Computer Science, Mechanical Engineering, Civil Engineering, Management Studies, Applied Sciences","Minimum 60% aggregate in 10+2 (Physics, Chemistry, Mathematics/Biology)",2015 per semester,12711,2073,4843,Active Training and Placement Cell,Strictly for registered final-year students,77% in 2023,8.1 Lakh Per Annum,16.4 Lakh Per Annum,3.4 Lakh Per Annum,"TCS, Infosys, Wipro, Cognizant, Amazon, Microsoft",Minimum 6.0 CGPA with no active backlogs,Mandatory 6-week summer internship,Stipend based on company selection,"Yes, across major city routes",25134,Over 15 designated routes,7:30 AM to 5:30 PM,Central Air-Conditioned Library,"Reading Room, Reference Section, Digital Access",103636,Available with remote access,"IEEE, Springer, ScienceDirect",8:00 AM to 8:00 PM,"Yes, for Boys and Girls",Available with 500+ capacity,Available with 300+ capacity,67011,31205,9:30 PM,Prior permission from Warden required,Strict anti-ragging policies enforced,"Yes, indoor and outdoor facilities","Football ground, Cricket pitch, Basketball courts","Table Tennis, Badminton, Chess","Football, Cricket, Volleyball, Athletics",Well-equipped modern gymnasium,Semester System (CBCS),Minimum 75% attendance mandatory,25% weightage,75% weightage,Minimum 40% aggregate required to pass,Conducted within 1 month of result declaration,Available for a maximum of 3 subjects,Maximum 4 backlogs allowed to promote to next year,Merit-based and Category-based scholarships available,Dedicated Student Counselling Centre,"Technical, Cultural, and Sports Clubs",Anti-Ragging Squad and Grievance Cell,End-semester anonymous feedback system,4.2/5,4.6/5,3.7/5,4.0/5,4.3/5,4.4/5,4.1/5
UNI184,Jai Prakash University,nan,http://jpv.bih.nic.in/,1955,UGC Recognized,NAAC 'A' Grade,49,"Engineering: CSE, Mechanical | Management: MBA, BBA | Science: B.Sc, M.Sc","B.Tech CSE, MBA Finance, B.Sc","Computer Science, Mechanical Engineering, Civil Engineering, Management Studies, Applied Sciences","Minimum 60% aggregate in 10+2 (Physics, Chemistry, Mathematics/Biology)",52997 per semester,12339,2368,8028,Active Training and Placement Cell,Strictly for registered final-year students,92% in 2023,4.6 Lakh Per Annum,34.5 Lakh Per Annum,3.1 Lakh Per Annum,"TCS, Infosys, Wipro, Cognizant, Amazon, Microsoft",Minimum 6.0 CGPA with no active backlogs,Mandatory 6-week summer internship,Stipend based on company selection,"Yes, across major city routes",15460,Over 15 designated routes,7:30 AM to 5:30 PM,Central Air-Conditioned Library,"Reading Room, Reference Section, Digital Access",115666,Available with remote access,"IEEE, Springer, ScienceDirect",8:00 AM to 8:00 PM,"Yes, for Boys and Girls",Available with 500+ capacity,Available with 300+ capacity,70400,31140,9:30 PM,Prior permission from Warden required,Strict anti-ragging policies enforced,"Yes, indoor and outdoor facilities","Football ground, Cricket pitch, Basketball courts","Table Tennis, Badminton, Chess","Football, Cricket, Volleyball, Athletics",Well-equipped modern gymnasium,Semester System (CBCS),Minimum 75% attendance mandatory,25% weightage,75% weightage,Minimum 40% aggregate required to pass,Conducted within 1 month of result declaration,Available for a maximum of 3 subjects,Maximum 4 backlogs allowed to promote to next year,Merit-based and Category-based scholarships available,Dedicated Student Counselling Centre,"Technical, Cultural, and Sports Clubs",Anti-Ragging Squad and Grievance Cell,End-semester anonymous feedback system,4.0/5,4.5/5,3.5/5,4.0/5,4.5/5,4.5/5,4.0/5
UNI185,Rajasthan Vidyapeeth University,Rajasthan,http://www.jrnrvu.org/,1990,UGC Recognized,NAAC 'A' Grade,41,"Engineering: CSE, Mechanical | Management: MBA, BBA | Science: B.Sc, M.Sc","B.Tech CSE, MBA Finance, B.Sc","Computer Science, Mechanical Engineering, Civil Engineering, Management Studies, Applied Sciences","Minimum 60% aggregate in 10+2 (Physics, Chemistry, Mathematics/Biology)",143729 per semester,15503,4890,4980,Active Training and Placement Cell,Strictly for registered final-year students,82% in 2023,7.5 Lakh Per Annum,23.0 Lakh Per Annum,2.7 Lakh Per Annum,"TCS, Infosys, Wipro, Cognizant, Amazon, Microsoft",Minimum 6.0 CGPA with no active backlogs,Mandatory 6-week summer internship,Stipend based on company selection,"Yes, across major city routes",21063,Over 15 designated routes,7:30 AM to 5:30 PM,Central Air-Conditioned Library,"Reading Room, Reference Section, Digital Access",153453,Available with remote access,"IEEE, Springer, ScienceDirect",8:00 AM to 8:00 PM,"Yes, for Boys and Girls",Available with 500+ capacity,Available with 300+ capacity,47435,35899,9:30 PM,Prior permission from Warden required,Strict anti-ragging policies enforced,"Yes, indoor and outdoor facilities","Football ground, Cricket pitch, Basketball courts","Table Tennis, Badminton, Chess","Football, Cricket, Volleyball, Athletics",Well-equipped modern gymnasium,Semester System (CBCS),Minimum 75% attendance mandatory,25% weightage,75% weightage,Minimum 40% aggregate required to pass,Conducted within 1 month of result declaration,Available for a maximum of 3 subjects,Maximum 4 backlogs allowed to promote to next year,Merit-based and Category-based scholarships available,Dedicated Student Counselling Centre,"Technical, Cultural, and Sports Clubs",Anti-Ragging Squad and Grievance Cell,End-semester anonymous feedback system,4.0/5,4.6/5,3.8/5,3.8/5,4.4/5,4.7/5,4.8/5
UNI186,Jain Vishva Bharati Institute,nan,http://www.jvbi.ac.in/,1962,UGC Recognized,NAAC 'A' Grade,39,"Engineering: CSE, Mechanical | Management: MBA, BBA | Science: B.Sc, M.Sc","B.Tech CSE, MBA Finance, B.Sc","Computer Science, Mechanical Engineering, Civil Engineering, Management Studies, Applied Sciences","Minimum 60% aggregate in 10+2 (Physics, Chemistry, Mathematics/Biology)",145354 per semester,20581,3227,5899,Active Training and Placement Cell,Strictly for registered final-year students,83% in 2023,10.1 Lakh Per Annum,31.8 Lakh Per Annum,3.1 Lakh Per Annum,"TCS, Infosys, Wipro, Cognizant, Amazon, Microsoft",Minimum 6.0 CGPA with no active backlogs,Mandatory 6-week summer internship,Stipend based on company selection,"Yes, across major city routes",32317,Over 15 designated routes,7:30 AM to 5:30 PM,Central Air-Conditioned Library,"Reading Room, Reference Section, Digital Access",238776,Available with remote access,"IEEE, Springer, ScienceDirect",8:00 AM to 8:00 PM,"Yes, for Boys and Girls",Available with 500+ capacity,Available with 300+ capacity,72045,42951,9:30 PM,Prior permission from Warden required,Strict anti-ragging policies enforced,"Yes, indoor and outdoor facilities","Football ground, Cricket pitch, Basketball courts","Table Tennis, Badminton, Chess","Football, Cricket, Volleyball, Athletics",Well-equipped modern gymnasium,Semester System (CBCS),Minimum 75% attendance mandatory,25% weightage,75% weightage,Minimum 40% aggregate required to pass,Conducted within 1 month of result declaration,Available for a maximum of 3 subjects,Maximum 4 backlogs allowed to promote to next year,Merit-based and Category-based scholarships available,Dedicated Student Counselling Centre,"Technical, Cultural, and Sports Clubs",Anti-Ragging Squad and Grievance Cell,End-semester anonymous feedback system,4.0/5,4.1/5,4.3/5,4.3/5,4.3/5,4.2/5,4.6/5
UNI187,Kalinga University,Chhattisgarh,http://www.kalingauniversity.com/,1942,UGC Recognized,NAAC 'A' Grade,18,"Engineering: CSE, Mechanical | Management: MBA, BBA | Science: B.Sc, M.Sc","B.Tech CSE, MBA Finance, B.Sc","Computer Science, Mechanical Engineering, Civil Engineering, Management Studies, Applied Sciences","Minimum 60% aggregate in 10+2 (Physics, Chemistry, Mathematics/Biology)",80916 per semester,9224,1879,9564,Active Training and Placement Cell,Strictly for registered final-year students,98% in 2023,12.3 Lakh Per Annum,38.8 Lakh Per Annum,3.9 Lakh Per Annum,"TCS, Infosys, Wipro, Cognizant, Amazon, Microsoft",Minimum 6.0 CGPA with no active backlogs,Mandatory 6-week summer internship,Stipend based on company selection,"Yes, across major city routes",33141,Over 15 designated routes,7:30 AM to 5:30 PM,Central Air-Conditioned Library,"Reading Room, Reference Section, Digital Access",66762,Available with remote access,"IEEE, Springer, ScienceDirect",8:00 AM to 8:00 PM,"Yes, for Boys and Girls",Available with 500+ capacity,Available with 300+ capacity,53266,33494,9:30 PM,Prior permission from Warden required,Strict anti-ragging policies enforced,"Yes, indoor and outdoor facilities","Football ground, Cricket pitch, Basketball courts","Table Tennis, Badminton, Chess","Football, Cricket, Volleyball, Athletics",Well-equipped modern gymnasium,Semester System (CBCS),Minimum 75% attendance mandatory,25% weightage,75% weightage,Minimum 40% aggregate required to pass,Conducted within 1 month of result declaration,Available for a maximum of 3 subjects,Maximum 4 backlogs allowed to promote to next year,Merit-based and Category-based scholarships available,Dedicated Student Counselling Centre,"Technical, Cultural, and Sports Clubs",Anti-Ragging Squad and Grievance Cell,End-semester anonymous feedback system,4.2/5,3.9/5,3.6/5,4.1/5,4.9/5,4.3/5,4.4/5
UNI188,Sri Chandrasekharendra Saraswathi Viswa Mahavidyalaya,nan,http://www.kanchiuniv.ac.in/,1985,UGC Recognized,NAAC 'A' Grade,94,"Engineering: CSE, Mechanical | Management: MBA, BBA | Science: B.Sc, M.Sc","B.Tech CSE, MBA Finance, B.Sc","Computer Science, Mechanical Engineering, Civil Engineering, Management Studies, Applied Sciences","Minimum 60% aggregate in 10+2 (Physics, Chemistry, Mathematics/Biology)",2026 per semester,22741,4851,2508,Active Training and Placement Cell,Strictly for registered final-year students,96% in 2023,9.2 Lakh Per Annum,36.9 Lakh Per Annum,3.0 Lakh Per Annum,"TCS, Infosys, Wipro, Cognizant, Amazon, Microsoft",Minimum 6.0 CGPA with no active backlogs,Mandatory 6-week summer internship,Stipend based on company selection,"Yes, across major city routes",25320,Over 15 designated routes,7:30 AM to 5:30 PM,Central Air-Conditioned Library,"Reading Room, Reference Section, Digital Access",156344,Available with remote access,"IEEE, Springer, ScienceDirect",8:00 AM to 8:00 PM,"Yes, for Boys and Girls",Available with 500+ capacity,Available with 300+ capacity,80903,41261,9:30 PM,Prior permission from Warden required,Strict anti-ragging policies enforced,"Yes, indoor and outdoor facilities","Football ground, Cricket pitch, Basketball courts","Table Tennis, Badminton, Chess","Football, Cricket, Volleyball, Athletics",Well-equipped modern gymnasium,Semester System (CBCS),Minimum 75% attendance mandatory,25% weightage,75% weightage,Minimum 40% aggregate required to pass,Conducted within 1 month of result declaration,Available for a maximum of 3 subjects,Maximum 4 backlogs allowed to promote to next year,Merit-based and Category-based scholarships available,Dedicated Student Counselling Centre,"Technical, Cultural, and Sports Clubs",Anti-Ragging Squad and Grievance Cell,End-semester anonymous feedback system,4.6/5,4.1/5,3.7/5,4.3/5,4.3/5,4.4/5,4.3/5
UNI189,Kannada University,Karnataka,http://www.kannadauniversity.org/,1961,UGC Recognized,NAAC 'A' Grade,57,"Engineering: CSE, Mechanical | Management: MBA, BBA | Science: B.Sc, M.Sc","B.Tech CSE, MBA Finance, B.Sc","Computer Science, Mechanical Engineering, Civil Engineering, Management Studies, Applied Sciences","Minimum 60% aggregate in 10+2 (Physics, Chemistry, Mathematics/Biology)",96067 per semester,8796,2272,2379,Active Training and Placement Cell,Strictly for registered final-year students,81% in 2023,11.4 Lakh Per Annum,39.9 Lakh Per Annum,3.0 Lakh Per Annum,"TCS, Infosys, Wipro, Cognizant, Amazon, Microsoft",Minimum 6.0 CGPA with no active backlogs,Mandatory 6-week summer internship,Stipend based on company selection,"Yes, across major city routes",23650,Over 15 designated routes,7:30 AM to 5:30 PM,Central Air-Conditioned Library,"Reading Room, Reference Section, Digital Access",112821,Available with remote access,"IEEE, Springer, ScienceDirect",8:00 AM to 8:00 PM,"Yes, for Boys and Girls",Available with 500+ capacity,Available with 300+ capacity,57296,35615,9:30 PM,Prior permission from Warden required,Strict anti-ragging policies enforced,"Yes, indoor and outdoor facilities","Football ground, Cricket pitch, Basketball courts","Table Tennis, Badminton, Chess","Football, Cricket, Volleyball, Athletics",Well-equipped modern gymnasium,Semester System (CBCS),Minimum 75% attendance mandatory,25% weightage,75% weightage,Minimum 40% aggregate required to pass,Conducted within 1 month of result declaration,Available for a maximum of 3 subjects,Maximum 4 backlogs allowed to promote to next year,Merit-based and Category-based scholarships available,Dedicated Student Counselling Centre,"Technical, Cultural, and Sports Clubs",Anti-Ragging Squad and Grievance Cell,End-semester anonymous feedback system,4.3/5,4.6/5,3.5/5,4.3/5,4.3/5,4.2/5,4.1/5
UNI190,Kannur University,nan,http://www.kannuruniversity.ac.in/,1946,UGC Recognized,NAAC 'A' Grade,101,"Engineering: CSE, Mechanical | Management: MBA, BBA | Science: B.Sc, M.Sc","B.Tech CSE, MBA Finance, B.Sc","Computer Science, Mechanical Engineering, Civil Engineering, Management Studies, Applied Sciences","Minimum 60% aggregate in 10+2 (Physics, Chemistry, Mathematics/Biology)",148107 per semester,17749,2387,2184,Active Training and Placement Cell,Strictly for registered final-year students,92% in 2023,6.9 Lakh Per Annum,38.6 Lakh Per Annum,3.3 Lakh Per Annum,"TCS, Infosys, Wipro, Cognizant, Amazon, Microsoft",Minimum 6.0 CGPA with no active backlogs,Mandatory 6-week summer internship,Stipend based on company selection,"Yes, across major city routes",30058,Over 15 designated routes,7:30 AM to 5:30 PM,Central Air-Conditioned Library,"Reading Room, Reference Section, Digital Access",172755,Available with remote access,"IEEE, Springer, ScienceDirect",8:00 AM to 8:00 PM,"Yes, for Boys and Girls",Available with 500+ capacity,Available with 300+ capacity,70999,29628,9:30 PM,Prior permission from Warden required,Strict anti-ragging policies enforced,"Yes, indoor and outdoor facilities","Football ground, Cricket pitch, Basketball courts","Table Tennis, Badminton, Chess","Football, Cricket, Volleyball, Athletics",Well-equipped modern gymnasium,Semester System (CBCS),Minimum 75% attendance mandatory,25% weightage,75% weightage,Minimum 40% aggregate required to pass,Conducted within 1 month of result declaration,Available for a maximum of 3 subjects,Maximum 4 backlogs allowed to promote to next year,Merit-based and Category-based scholarships available,Dedicated Student Counselling Centre,"Technical, Cultural, and Sports Clubs",Anti-Ragging Squad and Grievance Cell,End-semester anonymous feedback system,4.5/5,3.8/5,3.8/5,4.1/5,4.8/5,4.5/5,4.7/5
UNI191,Chhatrapati Shahu Ji Maharaj University,nan,http://www.kanpuruniversity.org/,1975,UGC Recognized,NAAC 'A' Grade,123,"Engineering: CSE, Mechanical | Management: MBA, BBA | Science: B.Sc, M.Sc","B.Tech CSE, MBA Finance, B.Sc","Computer Science, Mechanical Engineering, Civil Engineering, Management Studies, Applied Sciences","Minimum 60% aggregate in 10+2 (Physics, Chemistry, Mathematics/Biology)",95395 per semester,8838,2913,6246,Active Training and Placement Cell,Strictly for registered final-year students,75% in 2023,4.3 Lakh Per Annum,42.1 Lakh Per Annum,3.2 Lakh Per Annum,"TCS, Infosys, Wipro, Cognizant, Amazon, Microsoft",Minimum 6.0 CGPA with no active backlogs,Mandatory 6-week summer internship,Stipend based on company selection,"Yes, across major city routes",34528,Over 15 designated routes,7:30 AM to 5:30 PM,Central Air-Conditioned Library,"Reading Room, Reference Section, Digital Access",110925,Available with remote access,"IEEE, Springer, ScienceDirect",8:00 AM to 8:00 PM,"Yes, for Boys and Girls",Available with 500+ capacity,Available with 300+ capacity,74609,37329,9:30 PM,Prior permission from Warden required,Strict anti-ragging policies enforced,"Yes, indoor and outdoor facilities","Football ground, Cricket pitch, Basketball courts","Table Tennis, Badminton, Chess","Football, Cricket, Volleyball, Athletics",Well-equipped modern gymnasium,Semester System (CBCS),Minimum 75% attendance mandatory,25% weightage,75% weightage,Minimum 40% aggregate required to pass,Conducted within 1 month of result declaration,Available for a maximum of 3 subjects,Maximum 4 backlogs allowed to promote to next year,Merit-based and Category-based scholarships available,Dedicated Student Counselling Centre,"Technical, Cultural, and Sports Clubs",Anti-Ragging Squad and Grievance Cell,End-semester anonymous feedback system,4.8/5,4.5/5,3.9/5,3.8/5,4.3/5,4.7/5,4.6/5
UNI192,Karnataka State Open University,Karnataka,http://www.karnatakastateopenuniversity.in/,1952,UGC Recognized,NAAC 'A' Grade,141,"Engineering: CSE, Mechanical | Management: MBA, BBA | Science: B.Sc, M.Sc","B.Tech CSE, MBA Finance, B.Sc","Computer Science, Mechanical Engineering, Civil Engineering, Management Studies, Applied Sciences","Minimum 60% aggregate in 10+2 (Physics, Chemistry, Mathematics/Biology)",147944 per semester,5643,3195,8367,Active Training and Placement Cell,Strictly for registered final-year students,80% in 2023,11.0 Lakh Per Annum,21.3 Lakh Per Annum,3.9 Lakh Per Annum,"TCS, Infosys, Wipro, Cognizant, Amazon, Microsoft",Minimum 6.0 CGPA with no active backlogs,Mandatory 6-week summer internship,Stipend based on company selection,"Yes, across major city routes",16000,Over 15 designated routes,7:30 AM to 5:30 PM,Central Air-Conditioned Library,"Reading Room, Reference Section, Digital Access",238504,Available with remote access,"IEEE, Springer, ScienceDirect",8:00 AM to 8:00 PM,"Yes, for Boys and Girls",Available with 500+ capacity,Available with 300+ capacity,52614,37585,9:30 PM,Prior permission from Warden required,Strict anti-ragging policies enforced,"Yes, indoor and outdoor facilities","Football ground, Cricket pitch, Basketball courts","Table Tennis, Badminton, Chess","Football, Cricket, Volleyball, Athletics",Well-equipped modern gymnasium,Semester System (CBCS),Minimum 75% attendance mandatory,25% weightage,75% weightage,Minimum 40% aggregate required to pass,Conducted within 1 month of result declaration,Available for a maximum of 3 subjects,Maximum 4 backlogs allowed to promote to next year,Merit-based and Category-based scholarships available,Dedicated Student Counselling Centre,"Technical, Cultural, and Sports Clubs",Anti-Ragging Squad and Grievance Cell,End-semester anonymous feedback system,4.1/5,4.2/5,4.4/5,3.9/5,4.5/5,4.7/5,4.7/5
UNI193,Karpagam University,Tamil Nadu,http://www.karpagamuniv.com/,1977,UGC Recognized,NAAC 'A' Grade,117,"Engineering: CSE, Mechanical | Management: MBA, BBA | Science: B.Sc, M.Sc","B.Tech CSE, MBA Finance, B.Sc","Computer Science, Mechanical Engineering, Civil Engineering, Management Studies, Applied Sciences","Minimum 60% aggregate in 10+2 (Physics, Chemistry, Mathematics/Biology)",147637 per semester,12054,3160,7947,Active Training and Placement Cell,Strictly for registered final-year students,81% in 2023,9.6 Lakh Per Annum,26.3 Lakh Per Annum,3.1 Lakh Per Annum,"TCS, Infosys, Wipro, Cognizant, Amazon, Microsoft",Minimum 6.0 CGPA with no active backlogs,Mandatory 6-week summer internship,Stipend based on company selection,"Yes, across major city routes",17264,Over 15 designated routes,7:30 AM to 5:30 PM,Central Air-Conditioned Library,"Reading Room, Reference Section, Digital Access",214610,Available with remote access,"IEEE, Springer, ScienceDirect",8:00 AM to 8:00 PM,"Yes, for Boys and Girls",Available with 500+ capacity,Available with 300+ capacity,59928,36017,9:30 PM,Prior permission from Warden required,Strict anti-ragging policies enforced,"Yes, indoor and outdoor facilities","Football ground, Cricket pitch, Basketball courts","Table Tennis, Badminton, Chess","Football, Cricket, Volleyball, Athletics",Well-equipped modern gymnasium,Semester System (CBCS),Minimum 75% attendance mandatory,25% weightage,75% weightage,Minimum 40% aggregate required to pass,Conducted within 1 month of result declaration,Available for a maximum of 3 subjects,Maximum 4 backlogs allowed to promote to next year,Merit-based and Category-based scholarships available,Dedicated Student Counselling Centre,"Technical, Cultural, and Sports Clubs",Anti-Ragging Squad and Grievance Cell,End-semester anonymous feedback system,4.5/5,3.9/5,4.1/5,4.3/5,4.6/5,4.7/5,4.2/5
UNI194,Karunya Institute Of Technology,Tamil Nadu,http://www.karunya.edu/,1983,UGC Recognized,NAAC 'A' Grade,88,"Engineering: Computer Science (CSE), Civil, Mechanical, ICT","B.Tech CSE, MBA Finance, B.Sc","Computer Science, Mechanical Engineering, Civil Engineering, Management Studies, Applied Sciences","Minimum 60% aggregate in 10+2 (Physics, Chemistry, Mathematics/Biology)",87931 per semester,16458,3746,9472,Active Training and Placement Cell,Strictly for registered final-year students,97% in 2023,4.3 Lakh Per Annum,40.7 Lakh Per Annum,2.7 Lakh Per Annum,"TCS, Infosys, Wipro, Cognizant, Amazon, Microsoft",Minimum 6.0 CGPA with no active backlogs,Mandatory 6-week summer internship,Stipend based on company selection,"Yes, across major city routes",19147,Over 15 designated routes,7:30 AM to 5:30 PM,Central Air-Conditioned Library,"Reading Room, Reference Section, Digital Access",242228,Available with remote access,"IEEE, Springer, ScienceDirect",8:00 AM to 8:00 PM,"Yes, for Boys and Girls",Available with 500+ capacity,Available with 300+ capacity,64024,25100,9:30 PM,Prior permission from Warden required,Strict anti-ragging policies enforced,"Yes, indoor and outdoor facilities","Football ground, Cricket pitch, Basketball courts","Table Tennis, Badminton, Chess","Football, Cricket, Volleyball, Athletics",Well-equipped modern gymnasium,Semester System (CBCS),Minimum 75% attendance mandatory,25% weightage,75% weightage,Minimum 40% aggregate required to pass,Conducted within 1 month of result declaration,Available for a maximum of 3 subjects,Maximum 4 backlogs allowed to promote to next year,Merit-based and Category-based scholarships available,Dedicated Student Counselling Centre,"Technical, Cultural, and Sports Clubs",Anti-Ragging Squad and Grievance Cell,End-semester anonymous feedback system,4.5/5,4.2/5,4.4/5,4.2/5,4.4/5,4.8/5,4.1/5
UNI195,University of Kashmir,Kashmir,http://kashmiruniversity.net/,1991,UGC Recognized,NAAC 'A' Grade,137,"Engineering: CSE, Mechanical | Management: MBA, BBA | Science: B.Sc, M.Sc","B.Tech CSE, MBA Finance, B.Sc","Computer Science, Mechanical Engineering, Civil Engineering, Management Studies, Applied Sciences","Minimum 60% aggregate in 10+2 (Physics, Chemistry, Mathematics/Biology)",55043 per semester,16096,1747,7667,Active Training and Placement Cell,Strictly for registered final-year students,79% in 2023,4.9 Lakh Per Annum,25.1 Lakh Per Annum,3.4 Lakh Per Annum,"TCS, Infosys, Wipro, Cognizant, Amazon, Microsoft",Minimum 6.0 CGPA with no active backlogs,Mandatory 6-week summer internship,Stipend based on company selection,"Yes, across major city routes",19448,Over 15 designated routes,7:30 AM to 5:30 PM,Central Air-Conditioned Library,"Reading Room, Reference Section, Digital Access",115355,Available with remote access,"IEEE, Springer, ScienceDirect",8:00 AM to 8:00 PM,"Yes, for Boys and Girls",Available with 500+ capacity,Available with 300+ capacity,51976,29443,9:30 PM,Prior permission from Warden required,Strict anti-ragging policies enforced,"Yes, indoor and outdoor facilities","Football ground, Cricket pitch, Basketball courts","Table Tennis, Badminton, Chess","Football, Cricket, Volleyball, Athletics",Well-equipped modern gymnasium,Semester System (CBCS),Minimum 75% attendance mandatory,25% weightage,75% weightage,Minimum 40% aggregate required to pass,Conducted within 1 month of result declaration,Available for a maximum of 3 subjects,Maximum 4 backlogs allowed to promote to next year,Merit-based and Category-based scholarships available,Dedicated Student Counselling Centre,"Technical, Cultural, and Sports Clubs",Anti-Ragging Squad and Grievance Cell,End-semester anonymous feedback system,4.5/5,4.0/5,3.5/5,4.3/5,4.9/5,4.6/5,4.5/5
UNI196,Kerala Agricultural University,Kerala,http://www.kau.edu/,1969,UGC Recognized,NAAC 'A' Grade,94,"Engineering: CSE, Mechanical | Management: MBA, BBA | Science: B.Sc, M.Sc","B.Tech CSE, MBA Finance, B.Sc","Computer Science, Mechanical Engineering, Civil Engineering, Management Studies, Applied Sciences","Minimum 60% aggregate in 10+2 (Physics, Chemistry, Mathematics/Biology)",113031 per semester,11303,2800,4051,Active Training and Placement Cell,Strictly for registered final-year students,86% in 2023,4.5 Lakh Per Annum,44.9 Lakh Per Annum,3.2 Lakh Per Annum,"TCS, Infosys, Wipro, Cognizant, Amazon, Microsoft",Minimum 6.0 CGPA with no active backlogs,Mandatory 6-week summer internship,Stipend based on company selection,"Yes, across major city routes",25563,Over 15 designated routes,7:30 AM to 5:30 PM,Central Air-Conditioned Library,"Reading Room, Reference Section, Digital Access",162812,Available with remote access,"IEEE, Springer, ScienceDirect",8:00 AM to 8:00 PM,"Yes, for Boys and Girls",Available with 500+ capacity,Available with 300+ capacity,66429,30646,9:30 PM,Prior permission from Warden required,Strict anti-ragging policies enforced,"Yes, indoor and outdoor facilities","Football ground, Cricket pitch, Basketball courts","Table Tennis, Badminton, Chess","Football, Cricket, Volleyball, Athletics",Well-equipped modern gymnasium,Semester System (CBCS),Minimum 75% attendance mandatory,25% weightage,75% weightage,Minimum 40% aggregate required to pass,Conducted within 1 month of result declaration,Available for a maximum of 3 subjects,Maximum 4 backlogs allowed to promote to next year,Merit-based and Category-based scholarships available,Dedicated Student Counselling Centre,"Technical, Cultural, and Sports Clubs",Anti-Ragging Squad and Grievance Cell,End-semester anonymous feedback system,4.1/5,4.6/5,3.7/5,4.4/5,4.3/5,4.6/5,4.5/5
UNI197,University of Kerala,Kerala,http://www.keralauniversity.ac.in/,1974,UGC Recognized,NAAC 'A' Grade,143,"Engineering: CSE, Mechanical | Management: MBA, BBA | Science: B.Sc, M.Sc","B.Tech CSE, MBA Finance, B.Sc","Computer Science, Mechanical Engineering, Civil Engineering, Management Studies, Applied Sciences","Minimum 60% aggregate in 10+2 (Physics, Chemistry, Mathematics/Biology)",139914 per semester,18847,3983,3067,Active Training and Placement Cell,Strictly for registered final-year students,90% in 2023,11.0 Lakh Per Annum,24.7 Lakh Per Annum,3.4 Lakh Per Annum,"TCS, Infosys, Wipro, Cognizant, Amazon, Microsoft",Minimum 6.0 CGPA with no active backlogs,Mandatory 6-week summer internship,Stipend based on company selection,"Yes, across major city routes",17840,Over 15 designated routes,7:30 AM to 5:30 PM,Central Air-Conditioned Library,"Reading Room, Reference Section, Digital Access",220625,Available with remote access,"IEEE, Springer, ScienceDirect",8:00 AM to 8:00 PM,"Yes, for Boys and Girls",Available with 500+ capacity,Available with 300+ capacity,66528,42506,9:30 PM,Prior permission from Warden required,Strict anti-ragging policies enforced,"Yes, indoor and outdoor facilities","Football ground, Cricket pitch, Basketball courts","Table Tennis, Badminton, Chess","Football, Cricket, Volleyball, Athletics",Well-equipped modern gymnasium,Semester System (CBCS),Minimum 75% attendance mandatory,25% weightage,75% weightage,Minimum 40% aggregate required to pass,Conducted within 1 month of result declaration,Available for a maximum of 3 subjects,Maximum 4 backlogs allowed to promote to next year,Merit-based and Category-based scholarships available,Dedicated Student Counselling Centre,"Technical, Cultural, and Sports Clubs",Anti-Ragging Squad and Grievance Cell,End-semester anonymous feedback system,4.5/5,3.9/5,4.1/5,4.2/5,4.7/5,4.7/5,4.5/5
UNI198,Kohinoor School of Hospitality Management,nan,http://kimi.kohinoor.ac.in/,1989,UGC Recognized,NAAC 'A' Grade,114,"Management: MBA (Finance, Marketing, HR), BBA","B.Tech CSE, MBA Finance, B.Sc","Computer Science, Mechanical Engineering, Civil Engineering, Management Studies, Applied Sciences","Minimum 60% aggregate in 10+2 (Physics, Chemistry, Mathematics/Biology)",117615 per semester,14416,4732,7117,Active Training and Placement Cell,Strictly for registered final-year students,81% in 2023,10.9 Lakh Per Annum,20.9 Lakh Per Annum,3.8 Lakh Per Annum,"TCS, Infosys, Wipro, Cognizant, Amazon, Microsoft",Minimum 6.0 CGPA with no active backlogs,Mandatory 6-week summer internship,Stipend based on company selection,"Yes, across major city routes",24876,Over 15 designated routes,7:30 AM to 5:30 PM,Central Air-Conditioned Library,"Reading Room, Reference Section, Digital Access",128982,Available with remote access,"IEEE, Springer, ScienceDirect",8:00 AM to 8:00 PM,"Yes, for Boys and Girls",Available with 500+ capacity,Available with 300+ capacity,46508,35956,9:30 PM,Prior permission from Warden required,Strict anti-ragging policies enforced,"Yes, indoor and outdoor facilities","Football ground, Cricket pitch, Basketball courts","Table Tennis, Badminton, Chess","Football, Cricket, Volleyball, Athletics",Well-equipped modern gymnasium,Semester System (CBCS),Minimum 75% attendance mandatory,25% weightage,75% weightage,Minimum 40% aggregate required to pass,Conducted within 1 month of result declaration,Available for a maximum of 3 subjects,Maximum 4 backlogs allowed to promote to next year,Merit-based and Category-based scholarships available,Dedicated Student Counselling Centre,"Technical, Cultural, and Sports Clubs",Anti-Ragging Squad and Grievance Cell,End-semester anonymous feedback system,4.7/5,4.5/5,3.5/5,4.6/5,4.9/5,4.8/5,4.1/5
UNI199,University of Kalyani,nan,http://www.klyuniv.ac.in/,1960,UGC Recognized,NAAC 'A' Grade,17,"Engineering: CSE, Mechanical | Management: MBA, BBA | Science: B.Sc, M.Sc","B.Tech CSE, MBA Finance, B.Sc","Computer Science, Mechanical Engineering, Civil Engineering, Management Studies, Applied Sciences","Minimum 60% aggregate in 10+2 (Physics, Chemistry, Mathematics/Biology)",108799 per semester,12219,2897,7119,Active Training and Placement Cell,Strictly for registered final-year students,91% in 2023,5.1 Lakh Per Annum,31.2 Lakh Per Annum,3.4 Lakh Per Annum,"TCS, Infosys, Wipro, Cognizant, Amazon, Microsoft",Minimum 6.0 CGPA with no active backlogs,Mandatory 6-week summer internship,Stipend based on company selection,"Yes, across major city routes",26628,Over 15 designated routes,7:30 AM to 5:30 PM,Central Air-Conditioned Library,"Reading Room, Reference Section, Digital Access",2024,Available with remote access,"IEEE, Springer, ScienceDirect",8:00 AM to 8:00 PM,"Yes, for Boys and Girls",Available with 500+ capacity,Available with 300+ capacity,63284,26489,9:30 PM,Prior permission from Warden required,Strict anti-ragging policies enforced,"Yes, indoor and outdoor facilities","Football ground, Cricket pitch, Basketball courts","Table Tennis, Badminton, Chess","Football, Cricket, Volleyball, Athletics",Well-equipped modern gymnasium,Semester System (CBCS),Minimum 75% attendance mandatory,25% weightage,75% weightage,Minimum 40% aggregate required to pass,Conducted within 1 month of result declaration,Available for a maximum of 3 subjects,Maximum 4 backlogs allowed to promote to next year,Merit-based and Category-based scholarships available,Dedicated Student Counselling Centre,"Technical, Cultural, and Sports Clubs",Anti-Ragging Squad and Grievance Cell,End-semester anonymous feedback system,4.3/5,4.3/5,4.0/5,4.5/5,4.5/5,4.5/5,4.3/5
UNI200,Krishna University,nan,http://www.krishnauniversity.ac.in/,1966,UGC Recognized,NAAC 'A' Grade,145,"Engineering: CSE, Mechanical | Management: MBA, BBA | Science: B.Sc, M.Sc","B.Tech CSE, MBA Finance, B.Sc","Computer Science, Mechanical Engineering, Civil Engineering, Management Studies, Applied Sciences","Minimum 60% aggregate in 10+2 (Physics, Chemistry, Mathematics/Biology)",59436 per semester,16549,1562,2492,Active Training and Placement Cell,Strictly for registered final-year students,83% in 2023,11.8 Lakh Per Annum,31.7 Lakh Per Annum,2.8 Lakh Per Annum,"TCS, Infosys, Wipro, Cognizant, Amazon, Microsoft",Minimum 6.0 CGPA with no active backlogs,Mandatory 6-week summer internship,Stipend based on company selection,"Yes, across major city routes",25442,Over 15 designated routes,7:30 AM to 5:30 PM,Central Air-Conditioned Library,"Reading Room, Reference Section, Digital Access",205544,Available with remote access,"IEEE, Springer, ScienceDirect",8:00 AM to 8:00 PM,"Yes, for Boys and Girls",Available with 500+ capacity,Available with 300+ capacity,47251,37094,9:30 PM,Prior permission from Warden required,Strict anti-ragging policies enforced,"Yes, indoor and outdoor facilities","Football ground, Cricket pitch, Basketball courts","Table Tennis, Badminton, Chess","Football, Cricket, Volleyball, Athletics",Well-equipped modern gymnasium,Semester System (CBCS),Minimum 75% attendance mandatory,25% weightage,75% weightage,Minimum 40% aggregate required to pass,Conducted within 1 month of result declaration,Available for a maximum of 3 subjects,Maximum 4 backlogs allowed to promote to next year,Merit-based and Category-based scholarships available,Dedicated Student Counselling Centre,"Technical, Cultural, and Sports Clubs",Anti-Ragging Squad and Grievance Cell,End-semester anonymous feedback system,4.3/5,4.1/5,4.1/5,4.6/5,4.3/5,4.1/5,4.0/5
UNI201,Kameshwar Singh Darbhanga Sanskrit University,nan,http://www.ksdsu.edu.in/,1984,UGC Recognized,NAAC 'A' Grade,16,"Engineering: CSE, Mechanical | Management: MBA, BBA | Science: B.Sc, M.Sc","B.Tech CSE, MBA Finance, B.Sc","Computer Science, Mechanical Engineering, Civil Engineering, Management Studies, Applied Sciences","Minimum 60% aggregate in 10+2 (Physics, Chemistry, Mathematics/Biology)",146060 per semester,13148,2072,6485,Active Training and Placement Cell,Strictly for registered final-year students,84% in 2023,11.9 Lakh Per Annum,30.1 Lakh Per Annum,3.4 Lakh Per Annum,"TCS, Infosys, Wipro, Cognizant, Amazon, Microsoft",Minimum 6.0 CGPA with no active backlogs,Mandatory 6-week summer internship,Stipend based on company selection,"Yes, across major city routes",22995,Over 15 designated routes,7:30 AM to 5:30 PM,Central Air-Conditioned Library,"Reading Room, Reference Section, Digital Access",111891,Available with remote access,"IEEE, Springer, ScienceDirect",8:00 AM to 8:00 PM,"Yes, for Boys and Girls",Available with 500+ capacity,Available with 300+ capacity,66117,42758,9:30 PM,Prior permission from Warden required,Strict anti-ragging policies enforced,"Yes, indoor and outdoor facilities","Football ground, Cricket pitch, Basketball courts","Table Tennis, Badminton, Chess","Football, Cricket, Volleyball, Athletics",Well-equipped modern gymnasium,Semester System (CBCS),Minimum 75% attendance mandatory,25% weightage,75% weightage,Minimum 40% aggregate required to pass,Conducted within 1 month of result declaration,Available for a maximum of 3 subjects,Maximum 4 backlogs allowed to promote to next year,Merit-based and Category-based scholarships available,Dedicated Student Counselling Centre,"Technical, Cultural, and Sports Clubs",Anti-Ragging Squad and Grievance Cell,End-semester anonymous feedback system,4.5/5,3.9/5,3.8/5,4.3/5,4.9/5,4.6/5,4.6/5
UNI202,Karnataka State Law University,Karnataka,http://www.kslu.ac.in/,1972,UGC Recognized,NAAC 'A' Grade,98,"Engineering: CSE, Mechanical | Management: MBA, BBA | Science: B.Sc, M.Sc","B.Tech CSE, MBA Finance, B.Sc","Computer Science, Mechanical Engineering, Civil Engineering, Management Studies, Applied Sciences","Minimum 60% aggregate in 10+2 (Physics, Chemistry, Mathematics/Biology)",106254 per semester,5882,4256,3620,Active Training and Placement Cell,Strictly for registered final-year students,79% in 2023,6.8 Lakh Per Annum,18.4 Lakh Per Annum,3.6 Lakh Per Annum,"TCS, Infosys, Wipro, Cognizant, Amazon, Microsoft",Minimum 6.0 CGPA with no active backlogs,Mandatory 6-week summer internship,Stipend based on company selection,"Yes, across major city routes",26306,Over 15 designated routes,7:30 AM to 5:30 PM,Central Air-Conditioned Library,"Reading Room, Reference Section, Digital Access",188778,Available with remote access,"IEEE, Springer, ScienceDirect",8:00 AM to 8:00 PM,"Yes, for Boys and Girls",Available with 500+ capacity,Available with 300+ capacity,62785,43141,9:30 PM,Prior permission from Warden required,Strict anti-ragging policies enforced,"Yes, indoor and outdoor facilities","Football ground, Cricket pitch, Basketball courts","Table Tennis, Badminton, Chess","Football, Cricket, Volleyball, Athletics",Well-equipped modern gymnasium,Semester System (CBCS),Minimum 75% attendance mandatory,25% weightage,75% weightage,Minimum 40% aggregate required to pass,Conducted within 1 month of result declaration,Available for a maximum of 3 subjects,Maximum 4 backlogs allowed to promote to next year,Merit-based and Category-based scholarships available,Dedicated Student Counselling Centre,"Technical, Cultural, and Sports Clubs",Anti-Ragging Squad and Grievance Cell,End-semester anonymous feedback system,4.6/5,4.5/5,3.6/5,3.9/5,4.5/5,4.2/5,4.4/5
UNI203,Karnatak University,nan,http://www.kud.ac.in/,1979,UGC Recognized,NAAC 'A' Grade,121,"Engineering: CSE, Mechanical | Management: MBA, BBA | Science: B.Sc, M.Sc","B.Tech CSE, MBA Finance, B.Sc","Computer Science, Mechanical Engineering, Civil Engineering, Management Studies, Applied Sciences","Minimum 60% aggregate in 10+2 (Physics, Chemistry, Mathematics/Biology)",46083 per semester,12436,3137,2067,Active Training and Placement Cell,Strictly for registered final-year students,99% in 2023,9.2 Lakh Per Annum,16.2 Lakh Per Annum,3.2 Lakh Per Annum,"TCS, Infosys, Wipro, Cognizant, Amazon, Microsoft",Minimum 6.0 CGPA with no active backlogs,Mandatory 6-week summer internship,Stipend based on company selection,"Yes, across major city routes",24729,Over 15 designated routes,7:30 AM to 5:30 PM,Central Air-Conditioned Library,"Reading Room, Reference Section, Digital Access",223948,Available with remote access,"IEEE, Springer, ScienceDirect",8:00 AM to 8:00 PM,"Yes, for Boys and Girls",Available with 500+ capacity,Available with 300+ capacity,59613,37122,9:30 PM,Prior permission from Warden required,Strict anti-ragging policies enforced,"Yes, indoor and outdoor facilities","Football ground, Cricket pitch, Basketball courts","Table Tennis, Badminton, Chess","Football, Cricket, Volleyball, Athletics",Well-equipped modern gymnasium,Semester System (CBCS),Minimum 75% attendance mandatory,25% weightage,75% weightage,Minimum 40% aggregate required to pass,Conducted within 1 month of result declaration,Available for a maximum of 3 subjects,Maximum 4 backlogs allowed to promote to next year,Merit-based and Category-based scholarships available,Dedicated Student Counselling Centre,"Technical, Cultural, and Sports Clubs",Anti-Ragging Squad and Grievance Cell,End-semester anonymous feedback system,4.5/5,4.2/5,4.2/5,4.5/5,4.5/5,4.8/5,4.5/5
UNI204,Kerala University of Fisheries and Ocean Sciences,Kerala,http://www.kufos.ac.in/,1990,UGC Recognized,NAAC 'A' Grade,58,"Engineering: CSE, Mechanical | Management: MBA, BBA | Science: B.Sc, M.Sc","B.Tech CSE, MBA Finance, B.Sc","Computer Science, Mechanical Engineering, Civil Engineering, Management Studies, Applied Sciences","Minimum 60% aggregate in 10+2 (Physics, Chemistry, Mathematics/Biology)",76813 per semester,21749,3371,5620,Active Training and Placement Cell,Strictly for registered final-year students,86% in 2023,5.2 Lakh Per Annum,35.8 Lakh Per Annum,3.9 Lakh Per Annum,"TCS, Infosys, Wipro, Cognizant, Amazon, Microsoft",Minimum 6.0 CGPA with no active backlogs,Mandatory 6-week summer internship,Stipend based on company selection,"Yes, across major city routes",30000,Over 15 designated routes,7:30 AM to 5:30 PM,Central Air-Conditioned Library,"Reading Room, Reference Section, Digital Access",235209,Available with remote access,"IEEE, Springer, ScienceDirect",8:00 AM to 8:00 PM,"Yes, for Boys and Girls",Available with 500+ capacity,Available with 300+ capacity,51235,43071,9:30 PM,Prior permission from Warden required,Strict anti-ragging policies enforced,"Yes, indoor and outdoor facilities","Football ground, Cricket pitch, Basketball courts","Table Tennis, Badminton, Chess","Football, Cricket, Volleyball, Athletics",Well-equipped modern gymnasium,Semester System (CBCS),Minimum 75% attendance mandatory,25% weightage,75% weightage,Minimum 40% aggregate required to pass,Conducted within 1 month of result declaration,Available for a maximum of 3 subjects,Maximum 4 backlogs allowed to promote to next year,Merit-based and Category-based scholarships available,Dedicated Student Counselling Centre,"Technical, Cultural, and Sports Clubs",Anti-Ragging Squad and Grievance Cell,End-semester anonymous feedback system,4.0/5,4.3/5,4.4/5,4.3/5,4.7/5,4.5/5,4.3/5
UNI205,Kurukshetra University,nan,http://www.kukinfo.com/,1969,UGC Recognized,NAAC 'A' Grade,52,"Engineering: CSE, Mechanical | Management: MBA, BBA | Science: B.Sc, M.Sc","B.Tech CSE, MBA Finance, B.Sc","Computer Science, Mechanical Engineering, Civil Engineering, Management Studies, Applied Sciences","Minimum 60% aggregate in 10+2 (Physics, Chemistry, Mathematics/Biology)",71458 per semester,17100,3993,3964,Active Training and Placement Cell,Strictly for registered final-year students,90% in 2023,8.5 Lakh Per Annum,38.0 Lakh Per Annum,3.3 Lakh Per Annum,"TCS, Infosys, Wipro, Cognizant, Amazon, Microsoft",Minimum 6.0 CGPA with no active backlogs,Mandatory 6-week summer internship,Stipend based on company selection,"Yes, across major city routes",17188,Over 15 designated routes,7:30 AM to 5:30 PM,Central Air-Conditioned Library,"Reading Room, Reference Section, Digital Access",210027,Available with remote access,"IEEE, Springer, ScienceDirect",8:00 AM to 8:00 PM,"Yes, for Boys and Girls",Available with 500+ capacity,Available with 300+ capacity,53169,37569,9:30 PM,Prior permission from Warden required,Strict anti-ragging policies enforced,"Yes, indoor and outdoor facilities","Football ground, Cricket pitch, Basketball courts","Table Tennis, Badminton, Chess","Football, Cricket, Volleyball, Athletics",Well-equipped modern gymnasium,Semester System (CBCS),Minimum 75% attendance mandatory,25% weightage,75% weightage,Minimum 40% aggregate required to pass,Conducted within 1 month of result declaration,Available for a maximum of 3 subjects,Maximum 4 backlogs allowed to promote to next year,Merit-based and Category-based scholarships available,Dedicated Student Counselling Centre,"Technical, Cultural, and Sports Clubs",Anti-Ragging Squad and Grievance Cell,End-semester anonymous feedback system,4.2/5,4.3/5,3.7/5,4.6/5,4.5/5,4.1/5,4.6/5
UNI206,Kumaraguru College of Technology,Tamil Nadu,http://www.kct.ac.in/,1975,UGC Recognized,NAAC 'A' Grade,104,"Engineering: Computer Science (CSE), Civil, Mechanical, ICT","B.Tech CSE, MBA Finance, B.Sc","Computer Science, Mechanical Engineering, Civil Engineering, Management Studies, Applied Sciences","Minimum 60% aggregate in 10+2 (Physics, Chemistry, Mathematics/Biology)",58754 per semester,8248,3863,8740,Active Training and Placement Cell,Strictly for registered final-year students,96% in 2023,6.8 Lakh Per Annum,39.1 Lakh Per Annum,2.5 Lakh Per Annum,"TCS, Infosys, Wipro, Cognizant, Amazon, Microsoft",Minimum 6.0 CGPA with no active backlogs,Mandatory 6-week summer internship,Stipend based on company selection,"Yes, across major city routes",28498,Over 15 designated routes,7:30 AM to 5:30 PM,Central Air-Conditioned Library,"Reading Room, Reference Section, Digital Access",65218,Available with remote access,"IEEE, Springer, ScienceDirect",8:00 AM to 8:00 PM,"Yes, for Boys and Girls",Available with 500+ capacity,Available with 300+ capacity,68043,27646,9:30 PM,Prior permission from Warden required,Strict anti-ragging policies enforced,"Yes, indoor and outdoor facilities","Football ground, Cricket pitch, Basketball courts","Table Tennis, Badminton, Chess","Football, Cricket, Volleyball, Athletics",Well-equipped modern gymnasium,Semester System (CBCS),Minimum 75% attendance mandatory,25% weightage,75% weightage,Minimum 40% aggregate required to pass,Conducted within 1 month of result declaration,Available for a maximum of 3 subjects,Maximum 4 backlogs allowed to promote to next year,Merit-based and Category-based scholarships available,Dedicated Student Counselling Centre,"Technical, Cultural, and Sports Clubs",Anti-Ragging Squad and Grievance Cell,End-semester anonymous feedback system,4.3/5,3.9/5,4.0/5,4.5/5,4.3/5,4.1/5,4.5/5
UNI207,Kumaun University,nan,http://www.kumaununiversity.org/,1982,UGC Recognized,NAAC 'A' Grade,109,"Engineering: CSE, Mechanical | Management: MBA, BBA | Science: B.Sc, M.Sc","B.Tech CSE, MBA Finance, B.Sc","Computer Science, Mechanical Engineering, Civil Engineering, Management Studies, Applied Sciences","Minimum 60% aggregate in 10+2 (Physics, Chemistry, Mathematics/Biology)",97016 per semester,15064,3404,9114,Active Training and Placement Cell,Strictly for registered final-year students,76% in 2023,5.3 Lakh Per Annum,32.9 Lakh Per Annum,4.0 Lakh Per Annum,"TCS, Infosys, Wipro, Cognizant, Amazon, Microsoft",Minimum 6.0 CGPA with no active backlogs,Mandatory 6-week summer internship,Stipend based on company selection,"Yes, across major city routes",16041,Over 15 designated routes,7:30 AM to 5:30 PM,Central Air-Conditioned Library,"Reading Room, Reference Section, Digital Access",172076,Available with remote access,"IEEE, Springer, ScienceDirect",8:00 AM to 8:00 PM,"Yes, for Boys and Girls",Available with 500+ capacity,Available with 300+ capacity,47568,43243,9:30 PM,Prior permission from Warden required,Strict anti-ragging policies enforced,"Yes, indoor and outdoor facilities","Football ground, Cricket pitch, Basketball courts","Table Tennis, Badminton, Chess","Football, Cricket, Volleyball, Athletics",Well-equipped modern gymnasium,Semester System (CBCS),Minimum 75% attendance mandatory,25% weightage,75% weightage,Minimum 40% aggregate required to pass,Conducted within 1 month of result declaration,Available for a maximum of 3 subjects,Maximum 4 backlogs allowed to promote to next year,Merit-based and Category-based scholarships available,Dedicated Student Counselling Centre,"Technical, Cultural, and Sports Clubs",Anti-Ragging Squad and Grievance Cell,End-semester anonymous feedback system,4.7/5,4.2/5,4.2/5,4.2/5,4.6/5,4.8/5,4.5/5
UNI208,Kuvempu University,nan,http://www.kuvempu.ac.in/,1950,UGC Recognized,NAAC 'A' Grade,59,"Engineering: CSE, Mechanical | Management: MBA, BBA | Science: B.Sc, M.Sc","B.Tech CSE, MBA Finance, B.Sc","Computer Science, Mechanical Engineering, Civil Engineering, Management Studies, Applied Sciences","Minimum 60% aggregate in 10+2 (Physics, Chemistry, Mathematics/Biology)",98911 per semester,24813,3433,7435,Active Training and Placement Cell,Strictly for registered final-year students,76% in 2023,10.8 Lakh Per Annum,23.9 Lakh Per Annum,3.0 Lakh Per Annum,"TCS, Infosys, Wipro, Cognizant, Amazon, Microsoft",Minimum 6.0 CGPA with no active backlogs,Mandatory 6-week summer internship,Stipend based on company selection,"Yes, across major city routes",28579,Over 15 designated routes,7:30 AM to 5:30 PM,Central Air-Conditioned Library,"Reading Room, Reference Section, Digital Access",220866,Available with remote access,"IEEE, Springer, ScienceDirect",8:00 AM to 8:00 PM,"Yes, for Boys and Girls",Available with 500+ capacity,Available with 300+ capacity,71260,28971,9:30 PM,Prior permission from Warden required,Strict anti-ragging policies enforced,"Yes, indoor and outdoor facilities","Football ground, Cricket pitch, Basketball courts","Table Tennis, Badminton, Chess","Football, Cricket, Volleyball, Athletics",Well-equipped modern gymnasium,Semester System (CBCS),Minimum 75% attendance mandatory,25% weightage,75% weightage,Minimum 40% aggregate required to pass,Conducted within 1 month of result declaration,Available for a maximum of 3 subjects,Maximum 4 backlogs allowed to promote to next year,Merit-based and Category-based scholarships available,Dedicated Student Counselling Centre,"Technical, Cultural, and Sports Clubs",Anti-Ragging Squad and Grievance Cell,End-semester anonymous feedback system,4.5/5,4.0/5,4.2/5,3.9/5,4.8/5,4.3/5,4.0/5
UNI209,Kakatiya University,nan,http://www.kuwarangal.com/,1968,UGC Recognized,NAAC 'A' Grade,89,"Engineering: CSE, Mechanical | Management: MBA, BBA | Science: B.Sc, M.Sc","B.Tech CSE, MBA Finance, B.Sc","Computer Science, Mechanical Engineering, Civil Engineering, Management Studies, Applied Sciences","Minimum 60% aggregate in 10+2 (Physics, Chemistry, Mathematics/Biology)",41822 per semester,11454,2284,4859,Active Training and Placement Cell,Strictly for registered final-year students,77% in 2023,7.7 Lakh Per Annum,25.4 Lakh Per Annum,3.3 Lakh Per Annum,"TCS, Infosys, Wipro, Cognizant, Amazon, Microsoft",Minimum 6.0 CGPA with no active backlogs,Mandatory 6-week summer internship,Stipend based on company selection,"Yes, across major city routes",31213,Over 15 designated routes,7:30 AM to 5:30 PM,Central Air-Conditioned Library,"Reading Room, Reference Section, Digital Access",113717,Available with remote access,"IEEE, Springer, ScienceDirect",8:00 AM to 8:00 PM,"Yes, for Boys and Girls",Available with 500+ capacity,Available with 300+ capacity,65150,35621,9:30 PM,Prior permission from Warden required,Strict anti-ragging policies enforced,"Yes, indoor and outdoor facilities","Football ground, Cricket pitch, Basketball courts","Table Tennis, Badminton, Chess","Football, Cricket, Volleyball, Athletics",Well-equipped modern gymnasium,Semester System (CBCS),Minimum 75% attendance mandatory,25% weightage,75% weightage,Minimum 40% aggregate required to pass,Conducted within 1 month of result declaration,Available for a maximum of 3 subjects,Maximum 4 backlogs allowed to promote to next year,Merit-based and Category-based scholarships available,Dedicated Student Counselling Centre,"Technical, Cultural, and Sports Clubs",Anti-Ragging Squad and Grievance Cell,End-semester anonymous feedback system,4.1/5,4.3/5,3.9/5,4.3/5,4.3/5,4.6/5,4.2/5
UNI210,L.D.College of Engineering,nan,http://www.ldceahd.org/,2003,UGC Recognized,NAAC 'A' Grade,144,"Engineering: Computer Science (CSE), Civil, Mechanical, ICT","B.Tech CSE, MBA Finance, B.Sc","Computer Science, Mechanical Engineering, Civil Engineering, Management Studies, Applied Sciences","Minimum 60% aggregate in 10+2 (Physics, Chemistry, Mathematics/Biology)",58833 per semester,13736,4936,3642,Active Training and Placement Cell,Strictly for registered final-year students,93% in 2023,4.3 Lakh Per Annum,44.3 Lakh Per Annum,3.1 Lakh Per Annum,"TCS, Infosys, Wipro, Cognizant, Amazon, Microsoft",Minimum 6.0 CGPA with no active backlogs,Mandatory 6-week summer internship,Stipend based on company selection,"Yes, across major city routes",15635,Over 15 designated routes,7:30 AM to 5:30 PM,Central Air-Conditioned Library,"Reading Room, Reference Section, Digital Access",154705,Available with remote access,"IEEE, Springer, ScienceDirect",8:00 AM to 8:00 PM,"Yes, for Boys and Girls",Available with 500+ capacity,Available with 300+ capacity,60230,25613,9:30 PM,Prior permission from Warden required,Strict anti-ragging policies enforced,"Yes, indoor and outdoor facilities","Football ground, Cricket pitch, Basketball courts","Table Tennis, Badminton, Chess","Football, Cricket, Volleyball, Athletics",Well-equipped modern gymnasium,Semester System (CBCS),Minimum 75% attendance mandatory,25% weightage,75% weightage,Minimum 40% aggregate required to pass,Conducted within 1 month of result declaration,Available for a maximum of 3 subjects,Maximum 4 backlogs allowed to promote to next year,Merit-based and Category-based scholarships available,Dedicated Student Counselling Centre,"Technical, Cultural, and Sports Clubs",Anti-Ragging Squad and Grievance Cell,End-semester anonymous feedback system,4.5/5,4.4/5,4.4/5,4.2/5,4.8/5,4.8/5,4.7/5
UNI211,Lakshmibai National Institute of Physical Education,nan,http://www.lnipe.edu/,2007,UGC Recognized,NAAC 'A' Grade,105,"Engineering: CSE, Mechanical | Management: MBA, BBA | Science: B.Sc, M.Sc","B.Tech CSE, MBA Finance, B.Sc","Computer Science, Mechanical Engineering, Civil Engineering, Management Studies, Applied Sciences","Minimum 60% aggregate in 10+2 (Physics, Chemistry, Mathematics/Biology)",115206 per semester,19337,4451,7220,Active Training and Placement Cell,Strictly for registered final-year students,95% in 2023,9.2 Lakh Per Annum,15.1 Lakh Per Annum,2.9 Lakh Per Annum,"TCS, Infosys, Wipro, Cognizant, Amazon, Microsoft",Minimum 6.0 CGPA with no active backlogs,Mandatory 6-week summer internship,Stipend based on company selection,"Yes, across major city routes",33676,Over 15 designated routes,7:30 AM to 5:30 PM,Central Air-Conditioned Library,"Reading Room, Reference Section, Digital Access",118716,Available with remote access,"IEEE, Springer, ScienceDirect",8:00 AM to 8:00 PM,"Yes, for Boys and Girls",Available with 500+ capacity,Available with 300+ capacity,54851,40669,9:30 PM,Prior permission from Warden required,Strict anti-ragging policies enforced,"Yes, indoor and outdoor facilities","Football ground, Cricket pitch, Basketball courts","Table Tennis, Badminton, Chess","Football, Cricket, Volleyball, Athletics",Well-equipped modern gymnasium,Semester System (CBCS),Minimum 75% attendance mandatory,25% weightage,75% weightage,Minimum 40% aggregate required to pass,Conducted within 1 month of result declaration,Available for a maximum of 3 subjects,Maximum 4 backlogs allowed to promote to next year,Merit-based and Category-based scholarships available,Dedicated Student Counselling Centre,"Technical, Cultural, and Sports Clubs",Anti-Ragging Squad and Grievance Cell,End-semester anonymous feedback system,4.8/5,4.1/5,3.8/5,4.2/5,4.6/5,4.1/5,4.8/5
UNI212,Lalit Narayan Mithila University,nan,http://lnmu.bih.nic.in/,1979,UGC Recognized,NAAC 'A' Grade,129,"Engineering: CSE, Mechanical | Management: MBA, BBA | Science: B.Sc, M.Sc","B.Tech CSE, MBA Finance, B.Sc","Computer Science, Mechanical Engineering, Civil Engineering, Management Studies, Applied Sciences","Minimum 60% aggregate in 10+2 (Physics, Chemistry, Mathematics/Biology)",115352 per semester,6856,3968,5532,Active Training and Placement Cell,Strictly for registered final-year students,94% in 2023,8.0 Lakh Per Annum,37.8 Lakh Per Annum,3.1 Lakh Per Annum,"TCS, Infosys, Wipro, Cognizant, Amazon, Microsoft",Minimum 6.0 CGPA with no active backlogs,Mandatory 6-week summer internship,Stipend based on company selection,"Yes, across major city routes",34538,Over 15 designated routes,7:30 AM to 5:30 PM,Central Air-Conditioned Library,"Reading Room, Reference Section, Digital Access",153235,Available with remote access,"IEEE, Springer, ScienceDirect",8:00 AM to 8:00 PM,"Yes, for Boys and Girls",Available with 500+ capacity,Available with 300+ capacity,56948,28130,9:30 PM,Prior permission from Warden required,Strict anti-ragging policies enforced,"Yes, indoor and outdoor facilities","Football ground, Cricket pitch, Basketball courts","Table Tennis, Badminton, Chess","Football, Cricket, Volleyball, Athletics",Well-equipped modern gymnasium,Semester System (CBCS),Minimum 75% attendance mandatory,25% weightage,75% weightage,Minimum 40% aggregate required to pass,Conducted within 1 month of result declaration,Available for a maximum of 3 subjects,Maximum 4 backlogs allowed to promote to next year,Merit-based and Category-based scholarships available,Dedicated Student Counselling Centre,"Technical, Cultural, and Sports Clubs",Anti-Ragging Squad and Grievance Cell,End-semester anonymous feedback system,4.6/5,4.7/5,3.8/5,4.6/5,4.7/5,4.4/5,4.5/5
UNI213,University of Lucknow,Uttar Pradesh,http://www.lucknowuniv.org/,1994,UGC Recognized,NAAC 'A' Grade,92,"Engineering: CSE, Mechanical | Management: MBA, BBA | Science: B.Sc, M.Sc","B.Tech CSE, MBA Finance, B.Sc","Computer Science, Mechanical Engineering, Civil Engineering, Management Studies, Applied Sciences","Minimum 60% aggregate in 10+2 (Physics, Chemistry, Mathematics/Biology)",57003 per semester,22256,4687,7866,Active Training and Placement Cell,Strictly for registered final-year students,84% in 2023,8.8 Lakh Per Annum,30.9 Lakh Per Annum,2.8 Lakh Per Annum,"TCS, Infosys, Wipro, Cognizant, Amazon, Microsoft",Minimum 6.0 CGPA with no active backlogs,Mandatory 6-week summer internship,Stipend based on company selection,"Yes, across major city routes",34236,Over 15 designated routes,7:30 AM to 5:30 PM,Central Air-Conditioned Library,"Reading Room, Reference Section, Digital Access",184492,Available with remote access,"IEEE, Springer, ScienceDirect",8:00 AM to 8:00 PM,"Yes, for Boys and Girls",Available with 500+ capacity,Available with 300+ capacity,54704,37190,9:30 PM,Prior permission from Warden required,Strict anti-ragging policies enforced,"Yes, indoor and outdoor facilities","Football ground, Cricket pitch, Basketball courts","Table Tennis, Badminton, Chess","Football, Cricket, Volleyball, Athletics",Well-equipped modern gymnasium,Semester System (CBCS),Minimum 75% attendance mandatory,25% weightage,75% weightage,Minimum 40% aggregate required to pass,Conducted within 1 month of result declaration,Available for a maximum of 3 subjects,Maximum 4 backlogs allowed to promote to next year,Merit-based and Category-based scholarships available,Dedicated Student Counselling Centre,"Technical, Cultural, and Sports Clubs",Anti-Ragging Squad and Grievance Cell,End-semester anonymous feedback system,4.4/5,4.2/5,3.6/5,3.8/5,4.2/5,4.1/5,4.7/5
UNI214,Mar Athanasios College for Advanced Studies,nan,http://www.macfast.org/,2001,UGC Recognized,NAAC 'A' Grade,95,"Engineering: CSE, Mechanical | Management: MBA, BBA | Science: B.Sc, M.Sc","B.Tech CSE, MBA Finance, B.Sc","Computer Science, Mechanical Engineering, Civil Engineering, Management Studies, Applied Sciences","Minimum 60% aggregate in 10+2 (Physics, Chemistry, Mathematics/Biology)",97355 per semester,12950,2439,8261,Active Training and Placement Cell,Strictly for registered final-year students,96% in 2023,4.2 Lakh Per Annum,29.6 Lakh Per Annum,3.5 Lakh Per Annum,"TCS, Infosys, Wipro, Cognizant, Amazon, Microsoft",Minimum 6.0 CGPA with no active backlogs,Mandatory 6-week summer internship,Stipend based on company selection,"Yes, across major city routes",25153,Over 15 designated routes,7:30 AM to 5:30 PM,Central Air-Conditioned Library,"Reading Room, Reference Section, Digital Access",234440,Available with remote access,"IEEE, Springer, ScienceDirect",8:00 AM to 8:00 PM,"Yes, for Boys and Girls",Available with 500+ capacity,Available with 300+ capacity,84357,38188,9:30 PM,Prior permission from Warden required,Strict anti-ragging policies enforced,"Yes, indoor and outdoor facilities","Football ground, Cricket pitch, Basketball courts","Table Tennis, Badminton, Chess","Football, Cricket, Volleyball, Athletics",Well-equipped modern gymnasium,Semester System (CBCS),Minimum 75% attendance mandatory,25% weightage,75% weightage,Minimum 40% aggregate required to pass,Conducted within 1 month of result declaration,Available for a maximum of 3 subjects,Maximum 4 backlogs allowed to promote to next year,Merit-based and Category-based scholarships available,Dedicated Student Counselling Centre,"Technical, Cultural, and Sports Clubs",Anti-Ragging Squad and Grievance Cell,End-semester anonymous feedback system,4.8/5,3.8/5,3.9/5,4.1/5,4.8/5,4.3/5,4.0/5
UNI215,Magadh University,nan,http://www.magadhuniversity.org/,1984,UGC Recognized,NAAC 'A' Grade,138,"Engineering: CSE, Mechanical | Management: MBA, BBA | Science: B.Sc, M.Sc","B.Tech CSE, MBA Finance, B.Sc","Computer Science, Mechanical Engineering, Civil Engineering, Management Studies, Applied Sciences","Minimum 60% aggregate in 10+2 (Physics, Chemistry, Mathematics/Biology)",67401 per semester,20548,3010,5119,Active Training and Placement Cell,Strictly for registered final-year students,97% in 2023,11.7 Lakh Per Annum,19.3 Lakh Per Annum,3.3 Lakh Per Annum,"TCS, Infosys, Wipro, Cognizant, Amazon, Microsoft",Minimum 6.0 CGPA with no active backlogs,Mandatory 6-week summer internship,Stipend based on company selection,"Yes, across major city routes",16886,Over 15 designated routes,7:30 AM to 5:30 PM,Central Air-Conditioned Library,"Reading Room, Reference Section, Digital Access",140395,Available with remote access,"IEEE, Springer, ScienceDirect",8:00 AM to 8:00 PM,"Yes, for Boys and Girls",Available with 500+ capacity,Available with 300+ capacity,65078,26247,9:30 PM,Prior permission from Warden required,Strict anti-ragging policies enforced,"Yes, indoor and outdoor facilities","Football ground, Cricket pitch, Basketball courts","Table Tennis, Badminton, Chess","Football, Cricket, Volleyball, Athletics",Well-equipped modern gymnasium,Semester System (CBCS),Minimum 75% attendance mandatory,25% weightage,75% weightage,Minimum 40% aggregate required to pass,Conducted within 1 month of result declaration,Available for a maximum of 3 subjects,Maximum 4 backlogs allowed to promote to next year,Merit-based and Category-based scholarships available,Dedicated Student Counselling Centre,"Technical, Cultural, and Sports Clubs",Anti-Ragging Squad and Grievance Cell,End-semester anonymous feedback system,4.5/5,4.4/5,4.4/5,4.5/5,4.6/5,4.8/5,4.5/5
UNI216,Mangalore University,Karnataka,http://www.mangaloreuniversity.ac.in/,1985,UGC Recognized,NAAC 'A' Grade,109,"Engineering: CSE, Mechanical | Management: MBA, BBA | Science: B.Sc, M.Sc","B.Tech CSE, MBA Finance, B.Sc","Computer Science, Mechanical Engineering, Civil Engineering, Management Studies, Applied Sciences","Minimum 60% aggregate in 10+2 (Physics, Chemistry, Mathematics/Biology)",85439 per semester,11065,2026,5873,Active Training and Placement Cell,Strictly for registered final-year students,93% in 2023,12.4 Lakh Per Annum,44.4 Lakh Per Annum,2.6 Lakh Per Annum,"TCS, Infosys, Wipro, Cognizant, Amazon, Microsoft",Minimum 6.0 CGPA with no active backlogs,Mandatory 6-week summer internship,Stipend based on company selection,"Yes, across major city routes",23758,Over 15 designated routes,7:30 AM to 5:30 PM,Central Air-Conditioned Library,"Reading Room, Reference Section, Digital Access",65327,Available with remote access,"IEEE, Springer, ScienceDirect",8:00 AM to 8:00 PM,"Yes, for Boys and Girls",Available with 500+ capacity,Available with 300+ capacity,69243,25293,9:30 PM,Prior permission from Warden required,Strict anti-ragging policies enforced,"Yes, indoor and outdoor facilities","Football ground, Cricket pitch, Basketball courts","Table Tennis, Badminton, Chess","Football, Cricket, Volleyball, Athletics",Well-equipped modern gymnasium,Semester System (CBCS),Minimum 75% attendance mandatory,25% weightage,75% weightage,Minimum 40% aggregate required to pass,Conducted within 1 month of result declaration,Available for a maximum of 3 subjects,Maximum 4 backlogs allowed to promote to next year,Merit-based and Category-based scholarships available,Dedicated Student Counselling Centre,"Technical, Cultural, and Sports Clubs",Anti-Ragging Squad and Grievance Cell,End-semester anonymous feedback system,4.7/5,4.3/5,4.2/5,3.8/5,4.8/5,4.7/5,4.7/5
UNI217,Manipal University,Karnataka,http://www.manipal.edu/,1971,UGC Recognized,NAAC 'A' Grade,53,"Engineering: CSE, Mechanical | Management: MBA, BBA | Science: B.Sc, M.Sc","B.Tech CSE, MBA Finance, B.Sc","Computer Science, Mechanical Engineering, Civil Engineering, Management Studies, Applied Sciences","Minimum 60% aggregate in 10+2 (Physics, Chemistry, Mathematics/Biology)",44734 per semester,21697,4702,2268,Active Training and Placement Cell,Strictly for registered final-year students,95% in 2023,9.1 Lakh Per Annum,15.6 Lakh Per Annum,2.7 Lakh Per Annum,"TCS, Infosys, Wipro, Cognizant, Amazon, Microsoft",Minimum 6.0 CGPA with no active backlogs,Mandatory 6-week summer internship,Stipend based on company selection,"Yes, across major city routes",20758,Over 15 designated routes,7:30 AM to 5:30 PM,Central Air-Conditioned Library,"Reading Room, Reference Section, Digital Access",151041,Available with remote access,"IEEE, Springer, ScienceDirect",8:00 AM to 8:00 PM,"Yes, for Boys and Girls",Available with 500+ capacity,Available with 300+ capacity,46512,30144,9:30 PM,Prior permission from Warden required,Strict anti-ragging policies enforced,"Yes, indoor and outdoor facilities","Football ground, Cricket pitch, Basketball courts","Table Tennis, Badminton, Chess","Football, Cricket, Volleyball, Athletics",Well-equipped modern gymnasium,Semester System (CBCS),Minimum 75% attendance mandatory,25% weightage,75% weightage,Minimum 40% aggregate required to pass,Conducted within 1 month of result declaration,Available for a maximum of 3 subjects,Maximum 4 backlogs allowed to promote to next year,Merit-based and Category-based scholarships available,Dedicated Student Counselling Centre,"Technical, Cultural, and Sports Clubs",Anti-Ragging Squad and Grievance Cell,End-semester anonymous feedback system,4.1/5,4.6/5,4.1/5,3.9/5,4.7/5,4.6/5,4.7/5
UNI218,Manipur University,Manipur,https://www.manipuruniv.ac.in/,1989,UGC Recognized,NAAC 'A' Grade,99,"Engineering: CSE, Mechanical | Management: MBA, BBA | Science: B.Sc, M.Sc","B.Tech CSE, MBA Finance, B.Sc","Computer Science, Mechanical Engineering, Civil Engineering, Management Studies, Applied Sciences","Minimum 60% aggregate in 10+2 (Physics, Chemistry, Mathematics/Biology)",2025 per semester,15208,4770,7429,Active Training and Placement Cell,Strictly for registered final-year students,83% in 2023,4.4 Lakh Per Annum,27.9 Lakh Per Annum,3.8 Lakh Per Annum,"TCS, Infosys, Wipro, Cognizant, Amazon, Microsoft",Minimum 6.0 CGPA with no active backlogs,Mandatory 6-week summer internship,Stipend based on company selection,"Yes, across major city routes",32355,Over 15 designated routes,7:30 AM to 5:30 PM,Central Air-Conditioned Library,"Reading Room, Reference Section, Digital Access",196268,Available with remote access,"IEEE, Springer, ScienceDirect",8:00 AM to 8:00 PM,"Yes, for Boys and Girls",Available with 500+ capacity,Available with 300+ capacity,2023,27745,9:30 PM,Prior permission from Warden required,Strict anti-ragging policies enforced,"Yes, indoor and outdoor facilities","Football ground, Cricket pitch, Basketball courts","Table Tennis, Badminton, Chess","Football, Cricket, Volleyball, Athletics",Well-equipped modern gymnasium,Semester System (CBCS),Minimum 75% attendance mandatory,25% weightage,75% weightage,Minimum 40% aggregate required to pass,Conducted within 1 month of result declaration,Available for a maximum of 3 subjects,Maximum 4 backlogs allowed to promote to next year,Merit-based and Category-based scholarships available,Dedicated Student Counselling Centre,"Technical, Cultural, and Sports Clubs",Anti-Ragging Squad and Grievance Cell,End-semester anonymous feedback system,4.2/5,4.5/5,3.8/5,4.5/5,4.9/5,4.6/5,4.1/5
UNI219,Moulana Azad national Urdu University,nan,http://www.manuu.ac.in/,1988,UGC Recognized,NAAC 'A' Grade,140,"Engineering: CSE, Mechanical | Management: MBA, BBA | Science: B.Sc, M.Sc","B.Tech CSE, MBA Finance, B.Sc","Computer Science, Mechanical Engineering, Civil Engineering, Management Studies, Applied Sciences","Minimum 60% aggregate in 10+2 (Physics, Chemistry, Mathematics/Biology)",147321 per semester,8610,2891,5479,Active Training and Placement Cell,Strictly for registered final-year students,90% in 2023,12.1 Lakh Per Annum,16.3 Lakh Per Annum,3.7 Lakh Per Annum,"TCS, Infosys, Wipro, Cognizant, Amazon, Microsoft",Minimum 6.0 CGPA with no active backlogs,Mandatory 6-week summer internship,Stipend based on company selection,"Yes, across major city routes",17108,Over 15 designated routes,7:30 AM to 5:30 PM,Central Air-Conditioned Library,"Reading Room, Reference Section, Digital Access",141212,Available with remote access,"IEEE, Springer, ScienceDirect",8:00 AM to 8:00 PM,"Yes, for Boys and Girls",Available with 500+ capacity,Available with 300+ capacity,65845,43881,9:30 PM,Prior permission from Warden required,Strict anti-ragging policies enforced,"Yes, indoor and outdoor facilities","Football ground, Cricket pitch, Basketball courts","Table Tennis, Badminton, Chess","Football, Cricket, Volleyball, Athletics",Well-equipped modern gymnasium,Semester System (CBCS),Minimum 75% attendance mandatory,25% weightage,75% weightage,Minimum 40% aggregate required to pass,Conducted within 1 month of result declaration,Available for a maximum of 3 subjects,Maximum 4 backlogs allowed to promote to next year,Merit-based and Category-based scholarships available,Dedicated Student Counselling Centre,"Technical, Cultural, and Sports Clubs",Anti-Ragging Squad and Grievance Cell,End-semester anonymous feedback system,4.8/5,3.8/5,4.1/5,3.9/5,4.9/5,4.1/5,4.2/5
UNI220,Makanlal Chutur Vedi University,nan,http://www.mcu.ac.in/,2006,UGC Recognized,NAAC 'A' Grade,134,"Engineering: CSE, Mechanical | Management: MBA, BBA | Science: B.Sc, M.Sc","B.Tech CSE, MBA Finance, B.Sc","Computer Science, Mechanical Engineering, Civil Engineering, Management Studies, Applied Sciences","Minimum 60% aggregate in 10+2 (Physics, Chemistry, Mathematics/Biology)",66110 per semester,11238,4758,5861,Active Training and Placement Cell,Strictly for registered final-year students,88% in 2023,8.1 Lakh Per Annum,39.6 Lakh Per Annum,3.1 Lakh Per Annum,"TCS, Infosys, Wipro, Cognizant, Amazon, Microsoft",Minimum 6.0 CGPA with no active backlogs,Mandatory 6-week summer internship,Stipend based on company selection,"Yes, across major city routes",25223,Over 15 designated routes,7:30 AM to 5:30 PM,Central Air-Conditioned Library,"Reading Room, Reference Section, Digital Access",227809,Available with remote access,"IEEE, Springer, ScienceDirect",8:00 AM to 8:00 PM,"Yes, for Boys and Girls",Available with 500+ capacity,Available with 300+ capacity,48569,27867,9:30 PM,Prior permission from Warden required,Strict anti-ragging policies enforced,"Yes, indoor and outdoor facilities","Football ground, Cricket pitch, Basketball courts","Table Tennis, Badminton, Chess","Football, Cricket, Volleyball, Athletics",Well-equipped modern gymnasium,Semester System (CBCS),Minimum 75% attendance mandatory,25% weightage,75% weightage,Minimum 40% aggregate required to pass,Conducted within 1 month of result declaration,Available for a maximum of 3 subjects,Maximum 4 backlogs allowed to promote to next year,Merit-based and Category-based scholarships available,Dedicated Student Counselling Centre,"Technical, Cultural, and Sports Clubs",Anti-Ragging Squad and Grievance Cell,End-semester anonymous feedback system,4.5/5,4.0/5,3.5/5,4.0/5,4.6/5,4.5/5,4.6/5
UNI221,Maharshi Dayanand Sarswati University Ajmer,nan,http://www.mdsuajmer.ac.in/,1944,UGC Recognized,NAAC 'A' Grade,144,"Engineering: CSE, Mechanical | Management: MBA, BBA | Science: B.Sc, M.Sc","B.Tech CSE, MBA Finance, B.Sc","Computer Science, Mechanical Engineering, Civil Engineering, Management Studies, Applied Sciences","Minimum 60% aggregate in 10+2 (Physics, Chemistry, Mathematics/Biology)",51052 per semester,12065,2027,4663,Active Training and Placement Cell,Strictly for registered final-year students,97% in 2023,11.5 Lakh Per Annum,23.1 Lakh Per Annum,4.0 Lakh Per Annum,"TCS, Infosys, Wipro, Cognizant, Amazon, Microsoft",Minimum 6.0 CGPA with no active backlogs,Mandatory 6-week summer internship,Stipend based on company selection,"Yes, across major city routes",30689,Over 15 designated routes,7:30 AM to 5:30 PM,Central Air-Conditioned Library,"Reading Room, Reference Section, Digital Access",100021,Available with remote access,"IEEE, Springer, ScienceDirect",8:00 AM to 8:00 PM,"Yes, for Boys and Girls",Available with 500+ capacity,Available with 300+ capacity,69373,31467,9:30 PM,Prior permission from Warden required,Strict anti-ragging policies enforced,"Yes, indoor and outdoor facilities","Football ground, Cricket pitch, Basketball courts","Table Tennis, Badminton, Chess","Football, Cricket, Volleyball, Athletics",Well-equipped modern gymnasium,Semester System (CBCS),Minimum 75% attendance mandatory,25% weightage,75% weightage,Minimum 40% aggregate required to pass,Conducted within 1 month of result declaration,Available for a maximum of 3 subjects,Maximum 4 backlogs allowed to promote to next year,Merit-based and Category-based scholarships available,Dedicated Student Counselling Centre,"Technical, Cultural, and Sports Clubs",Anti-Ragging Squad and Grievance Cell,End-semester anonymous feedback system,4.2/5,4.1/5,4.3/5,4.1/5,4.8/5,4.3/5,4.0/5
UNI222,"Maharishi Dayanand University, Rohtak",Haryana,http://www.mdurohtak.com/,2004,UGC Recognized,NAAC 'A' Grade,111,"Engineering: CSE, Mechanical | Management: MBA, BBA | Science: B.Sc, M.Sc","B.Tech CSE, MBA Finance, B.Sc","Computer Science, Mechanical Engineering, Civil Engineering, Management Studies, Applied Sciences","Minimum 60% aggregate in 10+2 (Physics, Chemistry, Mathematics/Biology)",114106 per semester,11746,4191,4477,Active Training and Placement Cell,Strictly for registered final-year students,81% in 2023,11.3 Lakh Per Annum,31.7 Lakh Per Annum,2.7 Lakh Per Annum,"TCS, Infosys, Wipro, Cognizant, Amazon, Microsoft",Minimum 6.0 CGPA with no active backlogs,Mandatory 6-week summer internship,Stipend based on company selection,"Yes, across major city routes",18775,Over 15 designated routes,7:30 AM to 5:30 PM,Central Air-Conditioned Library,"Reading Room, Reference Section, Digital Access",162975,Available with remote access,"IEEE, Springer, ScienceDirect",8:00 AM to 8:00 PM,"Yes, for Boys and Girls",Available with 500+ capacity,Available with 300+ capacity,74205,26435,9:30 PM,Prior permission from Warden required,Strict anti-ragging policies enforced,"Yes, indoor and outdoor facilities","Football ground, Cricket pitch, Basketball courts","Table Tennis, Badminton, Chess","Football, Cricket, Volleyball, Athletics",Well-equipped modern gymnasium,Semester System (CBCS),Minimum 75% attendance mandatory,25% weightage,75% weightage,Minimum 40% aggregate required to pass,Conducted within 1 month of result declaration,Available for a maximum of 3 subjects,Maximum 4 backlogs allowed to promote to next year,Merit-based and Category-based scholarships available,Dedicated Student Counselling Centre,"Technical, Cultural, and Sports Clubs",Anti-Ragging Squad and Grievance Cell,End-semester anonymous feedback system,4.5/5,4.7/5,3.8/5,4.3/5,4.2/5,4.3/5,4.5/5
UNI223,Mahatma Gandhi Kashi Vidyapith,nan,http://www.mgkvp.ac.in/,1945,UGC Recognized,NAAC 'A' Grade,20,"Engineering: CSE, Mechanical | Management: MBA, BBA | Science: B.Sc, M.Sc","B.Tech CSE, MBA Finance, B.Sc","Computer Science, Mechanical Engineering, Civil Engineering, Management Studies, Applied Sciences","Minimum 60% aggregate in 10+2 (Physics, Chemistry, Mathematics/Biology)",132895 per semester,17396,1929,2363,Active Training and Placement Cell,Strictly for registered final-year students,79% in 2023,10.1 Lakh Per Annum,38.5 Lakh Per Annum,3.0 Lakh Per Annum,"TCS, Infosys, Wipro, Cognizant, Amazon, Microsoft",Minimum 6.0 CGPA with no active backlogs,Mandatory 6-week summer internship,Stipend based on company selection,"Yes, across major city routes",31300,Over 15 designated routes,7:30 AM to 5:30 PM,Central Air-Conditioned Library,"Reading Room, Reference Section, Digital Access",222026,Available with remote access,"IEEE, Springer, ScienceDirect",8:00 AM to 8:00 PM,"Yes, for Boys and Girls",Available with 500+ capacity,Available with 300+ capacity,69570,33847,9:30 PM,Prior permission from Warden required,Strict anti-ragging policies enforced,"Yes, indoor and outdoor facilities","Football ground, Cricket pitch, Basketball courts","Table Tennis, Badminton, Chess","Football, Cricket, Volleyball, Athletics",Well-equipped modern gymnasium,Semester System (CBCS),Minimum 75% attendance mandatory,25% weightage,75% weightage,Minimum 40% aggregate required to pass,Conducted within 1 month of result declaration,Available for a maximum of 3 subjects,Maximum 4 backlogs allowed to promote to next year,Merit-based and Category-based scholarships available,Dedicated Student Counselling Centre,"Technical, Cultural, and Sports Clubs",Anti-Ragging Squad and Grievance Cell,End-semester anonymous feedback system,4.4/5,3.9/5,4.2/5,4.2/5,4.8/5,4.5/5,4.5/5
UNI224,"Maharaja Ganga Singh University, Bikaner",nan,http://www.mgsubikaner.ac.in/,1942,UGC Recognized,NAAC 'A' Grade,22,"Engineering: CSE, Mechanical | Management: MBA, BBA | Science: B.Sc, M.Sc","B.Tech CSE, MBA Finance, B.Sc","Computer Science, Mechanical Engineering, Civil Engineering, Management Studies, Applied Sciences","Minimum 60% aggregate in 10+2 (Physics, Chemistry, Mathematics/Biology)",76823 per semester,16834,1810,6939,Active Training and Placement Cell,Strictly for registered final-year students,84% in 2023,5.3 Lakh Per Annum,22.7 Lakh Per Annum,3.9 Lakh Per Annum,"TCS, Infosys, Wipro, Cognizant, Amazon, Microsoft",Minimum 6.0 CGPA with no active backlogs,Mandatory 6-week summer internship,Stipend based on company selection,"Yes, across major city routes",16300,Over 15 designated routes,7:30 AM to 5:30 PM,Central Air-Conditioned Library,"Reading Room, Reference Section, Digital Access",71054,Available with remote access,"IEEE, Springer, ScienceDirect",8:00 AM to 8:00 PM,"Yes, for Boys and Girls",Available with 500+ capacity,Available with 300+ capacity,54209,36015,9:30 PM,Prior permission from Warden required,Strict anti-ragging policies enforced,"Yes, indoor and outdoor facilities","Football ground, Cricket pitch, Basketball courts","Table Tennis, Badminton, Chess","Football, Cricket, Volleyball, Athletics",Well-equipped modern gymnasium,Semester System (CBCS),Minimum 75% attendance mandatory,25% weightage,75% weightage,Minimum 40% aggregate required to pass,Conducted within 1 month of result declaration,Available for a maximum of 3 subjects,Maximum 4 backlogs allowed to promote to next year,Merit-based and Category-based scholarships available,Dedicated Student Counselling Centre,"Technical, Cultural, and Sports Clubs",Anti-Ragging Squad and Grievance Cell,End-semester anonymous feedback system,4.6/5,4.1/5,4.1/5,4.4/5,4.9/5,4.7/5,4.5/5
UNI225,"Mahatma Gandhi University, Kerala",Kerala,http://www.mgu.ac.in/,1952,UGC Recognized,NAAC 'A' Grade,117,"Engineering: CSE, Mechanical | Management: MBA, BBA | Science: B.Sc, M.Sc","B.Tech CSE, MBA Finance, B.Sc","Computer Science, Mechanical Engineering, Civil Engineering, Management Studies, Applied Sciences","Minimum 60% aggregate in 10+2 (Physics, Chemistry, Mathematics/Biology)",140270 per semester,9872,3951,6261,Active Training and Placement Cell,Strictly for registered final-year students,80% in 2023,5.7 Lakh Per Annum,24.1 Lakh Per Annum,3.5 Lakh Per Annum,"TCS, Infosys, Wipro, Cognizant, Amazon, Microsoft",Minimum 6.0 CGPA with no active backlogs,Mandatory 6-week summer internship,Stipend based on company selection,"Yes, across major city routes",30808,Over 15 designated routes,7:30 AM to 5:30 PM,Central Air-Conditioned Library,"Reading Room, Reference Section, Digital Access",148419,Available with remote access,"IEEE, Springer, ScienceDirect",8:00 AM to 8:00 PM,"Yes, for Boys and Girls",Available with 500+ capacity,Available with 300+ capacity,84875,32596,9:30 PM,Prior permission from Warden required,Strict anti-ragging policies enforced,"Yes, indoor and outdoor facilities","Football ground, Cricket pitch, Basketball courts","Table Tennis, Badminton, Chess","Football, Cricket, Volleyball, Athletics",Well-equipped modern gymnasium,Semester System (CBCS),Minimum 75% attendance mandatory,25% weightage,75% weightage,Minimum 40% aggregate required to pass,Conducted within 1 month of result declaration,Available for a maximum of 3 subjects,Maximum 4 backlogs allowed to promote to next year,Merit-based and Category-based scholarships available,Dedicated Student Counselling Centre,"Technical, Cultural, and Sports Clubs",Anti-Ragging Squad and Grievance Cell,End-semester anonymous feedback system,4.7/5,4.3/5,4.2/5,3.8/5,4.5/5,4.2/5,4.6/5
UNI226,Mahatma Jyotiba Phule Rohilkhand University Bareilly,nan,http://www.mjpru.ac.in/,1979,UGC Recognized,NAAC 'A' Grade,29,"Engineering: CSE, Mechanical | Management: MBA, BBA | Science: B.Sc, M.Sc","B.Tech CSE, MBA Finance, B.Sc","Computer Science, Mechanical Engineering, Civil Engineering, Management Studies, Applied Sciences","Minimum 60% aggregate in 10+2 (Physics, Chemistry, Mathematics/Biology)",116430 per semester,21731,2134,9128,Active Training and Placement Cell,Strictly for registered final-year students,82% in 2023,4.9 Lakh Per Annum,29.0 Lakh Per Annum,3.6 Lakh Per Annum,"TCS, Infosys, Wipro, Cognizant, Amazon, Microsoft",Minimum 6.0 CGPA with no active backlogs,Mandatory 6-week summer internship,Stipend based on company selection,"Yes, across major city routes",28710,Over 15 designated routes,7:30 AM to 5:30 PM,Central Air-Conditioned Library,"Reading Room, Reference Section, Digital Access",183198,Available with remote access,"IEEE, Springer, ScienceDirect",8:00 AM to 8:00 PM,"Yes, for Boys and Girls",Available with 500+ capacity,Available with 300+ capacity,63136,27616,9:30 PM,Prior permission from Warden required,Strict anti-ragging policies enforced,"Yes, indoor and outdoor facilities","Football ground, Cricket pitch, Basketball courts","Table Tennis, Badminton, Chess","Football, Cricket, Volleyball, Athletics",Well-equipped modern gymnasium,Semester System (CBCS),Minimum 75% attendance mandatory,25% weightage,75% weightage,Minimum 40% aggregate required to pass,Conducted within 1 month of result declaration,Available for a maximum of 3 subjects,Maximum 4 backlogs allowed to promote to next year,Merit-based and Category-based scholarships available,Dedicated Student Counselling Centre,"Technical, Cultural, and Sports Clubs",Anti-Ragging Squad and Grievance Cell,End-semester anonymous feedback system,4.5/5,4.2/5,3.6/5,4.0/5,4.6/5,4.7/5,4.4/5
UNI227,Madurai Kamaraj University,Tamil Nadu,http://www.mkuhyd.com/,1942,UGC Recognized,NAAC 'A' Grade,79,"Engineering: CSE, Mechanical | Management: MBA, BBA | Science: B.Sc, M.Sc","B.Tech CSE, MBA Finance, B.Sc","Computer Science, Mechanical Engineering, Civil Engineering, Management Studies, Applied Sciences","Minimum 60% aggregate in 10+2 (Physics, Chemistry, Mathematics/Biology)",104502 per semester,24553,2427,8529,Active Training and Placement Cell,Strictly for registered final-year students,75% in 2023,11.4 Lakh Per Annum,21.7 Lakh Per Annum,3.6 Lakh Per Annum,"TCS, Infosys, Wipro, Cognizant, Amazon, Microsoft",Minimum 6.0 CGPA with no active backlogs,Mandatory 6-week summer internship,Stipend based on company selection,"Yes, across major city routes",32302,Over 15 designated routes,7:30 AM to 5:30 PM,Central Air-Conditioned Library,"Reading Room, Reference Section, Digital Access",61058,Available with remote access,"IEEE, Springer, ScienceDirect",8:00 AM to 8:00 PM,"Yes, for Boys and Girls",Available with 500+ capacity,Available with 300+ capacity,74244,41534,9:30 PM,Prior permission from Warden required,Strict anti-ragging policies enforced,"Yes, indoor and outdoor facilities","Football ground, Cricket pitch, Basketball courts","Table Tennis, Badminton, Chess","Football, Cricket, Volleyball, Athletics",Well-equipped modern gymnasium,Semester System (CBCS),Minimum 75% attendance mandatory,25% weightage,75% weightage,Minimum 40% aggregate required to pass,Conducted within 1 month of result declaration,Available for a maximum of 3 subjects,Maximum 4 backlogs allowed to promote to next year,Merit-based and Category-based scholarships available,Dedicated Student Counselling Centre,"Technical, Cultural, and Sports Clubs",Anti-Ragging Squad and Grievance Cell,End-semester anonymous feedback system,4.0/5,4.5/5,4.2/5,4.0/5,4.7/5,4.6/5,4.7/5
UNI228,Marathwada Agricultural University,nan,http://mkv2.mah.nic.in/,1967,UGC Recognized,NAAC 'A' Grade,143,"Engineering: CSE, Mechanical | Management: MBA, BBA | Science: B.Sc, M.Sc","B.Tech CSE, MBA Finance, B.Sc","Computer Science, Mechanical Engineering, Civil Engineering, Management Studies, Applied Sciences","Minimum 60% aggregate in 10+2 (Physics, Chemistry, Mathematics/Biology)",119330 per semester,18188,1696,4857,Active Training and Placement Cell,Strictly for registered final-year students,80% in 2023,5.3 Lakh Per Annum,34.1 Lakh Per Annum,2.7 Lakh Per Annum,"TCS, Infosys, Wipro, Cognizant, Amazon, Microsoft",Minimum 6.0 CGPA with no active backlogs,Mandatory 6-week summer internship,Stipend based on company selection,"Yes, across major city routes",27875,Over 15 designated routes,7:30 AM to 5:30 PM,Central Air-Conditioned Library,"Reading Room, Reference Section, Digital Access",244298,Available with remote access,"IEEE, Springer, ScienceDirect",8:00 AM to 8:00 PM,"Yes, for Boys and Girls",Available with 500+ capacity,Available with 300+ capacity,57380,34892,9:30 PM,Prior permission from Warden required,Strict anti-ragging policies enforced,"Yes, indoor and outdoor facilities","Football ground, Cricket pitch, Basketball courts","Table Tennis, Badminton, Chess","Football, Cricket, Volleyball, Athletics",Well-equipped modern gymnasium,Semester System (CBCS),Minimum 75% attendance mandatory,25% weightage,75% weightage,Minimum 40% aggregate required to pass,Conducted within 1 month of result declaration,Available for a maximum of 3 subjects,Maximum 4 backlogs allowed to promote to next year,Merit-based and Category-based scholarships available,Dedicated Student Counselling Centre,"Technical, Cultural, and Sports Clubs",Anti-Ragging Squad and Grievance Cell,End-semester anonymous feedback system,4.1/5,4.1/5,4.1/5,4.2/5,4.7/5,4.8/5,4.8/5
UNI229,Mohan Lal Sukhadia University,nan,http://www.mlsu.ac.in/,1987,UGC Recognized,NAAC 'A' Grade,106,"Engineering: CSE, Mechanical | Management: MBA, BBA | Science: B.Sc, M.Sc","B.Tech CSE, MBA Finance, B.Sc","Computer Science, Mechanical Engineering, Civil Engineering, Management Studies, Applied Sciences","Minimum 60% aggregate in 10+2 (Physics, Chemistry, Mathematics/Biology)",91967 per semester,15028,3684,9824,Active Training and Placement Cell,Strictly for registered final-year students,75% in 2023,5.8 Lakh Per Annum,26.3 Lakh Per Annum,2.8 Lakh Per Annum,"TCS, Infosys, Wipro, Cognizant, Amazon, Microsoft",Minimum 6.0 CGPA with no active backlogs,Mandatory 6-week summer internship,Stipend based on company selection,"Yes, across major city routes",26095,Over 15 designated routes,7:30 AM to 5:30 PM,Central Air-Conditioned Library,"Reading Room, Reference Section, Digital Access",205247,Available with remote access,"IEEE, Springer, ScienceDirect",8:00 AM to 8:00 PM,"Yes, for Boys and Girls",Available with 500+ capacity,Available with 300+ capacity,75447,39827,9:30 PM,Prior permission from Warden required,Strict anti-ragging policies enforced,"Yes, indoor and outdoor facilities","Football ground, Cricket pitch, Basketball courts","Table Tennis, Badminton, Chess","Football, Cricket, Volleyball, Athletics",Well-equipped modern gymnasium,Semester System (CBCS),Minimum 75% attendance mandatory,25% weightage,75% weightage,Minimum 40% aggregate required to pass,Conducted within 1 month of result declaration,Available for a maximum of 3 subjects,Maximum 4 backlogs allowed to promote to next year,Merit-based and Category-based scholarships available,Dedicated Student Counselling Centre,"Technical, Cultural, and Sports Clubs",Anti-Ragging Squad and Grievance Cell,End-semester anonymous feedback system,4.3/5,4.6/5,4.3/5,3.9/5,4.5/5,4.6/5,4.2/5
UNI230,Motilal Nehru National Institute Of Technology,nan,http://www.mnnit.ac.in/,1992,UGC Recognized,NAAC 'A' Grade,51,"Engineering: Computer Science (CSE), Civil, Mechanical, ICT","B.Tech CSE, MBA Finance, B.Sc","Computer Science, Mechanical Engineering, Civil Engineering, Management Studies, Applied Sciences","Minimum 60% aggregate in 10+2 (Physics, Chemistry, Mathematics/Biology)",44975 per semester,8555,3624,8704,Active Training and Placement Cell,Strictly for registered final-year students,78% in 2023,4.7 Lakh Per Annum,36.3 Lakh Per Annum,3.2 Lakh Per Annum,"TCS, Infosys, Wipro, Cognizant, Amazon, Microsoft",Minimum 6.0 CGPA with no active backlogs,Mandatory 6-week summer internship,Stipend based on company selection,"Yes, across major city routes",31077,Over 15 designated routes,7:30 AM to 5:30 PM,Central Air-Conditioned Library,"Reading Room, Reference Section, Digital Access",160791,Available with remote access,"IEEE, Springer, ScienceDirect",8:00 AM to 8:00 PM,"Yes, for Boys and Girls",Available with 500+ capacity,Available with 300+ capacity,60753,44104,9:30 PM,Prior permission from Warden required,Strict anti-ragging policies enforced,"Yes, indoor and outdoor facilities","Football ground, Cricket pitch, Basketball courts","Table Tennis, Badminton, Chess","Football, Cricket, Volleyball, Athletics",Well-equipped modern gymnasium,Semester System (CBCS),Minimum 75% attendance mandatory,25% weightage,75% weightage,Minimum 40% aggregate required to pass,Conducted within 1 month of result declaration,Available for a maximum of 3 subjects,Maximum 4 backlogs allowed to promote to next year,Merit-based and Category-based scholarships available,Dedicated Student Counselling Centre,"Technical, Cultural, and Sports Clubs",Anti-Ragging Squad and Grievance Cell,End-semester anonymous feedback system,4.1/5,4.3/5,4.4/5,3.9/5,4.8/5,4.1/5,4.6/5
UNI231,Madhya Pradesh Bhoj (Open) University,Madhya Pradesh,http://www.mpbou.org/,1981,UGC Recognized,NAAC 'A' Grade,20,"Engineering: CSE, Mechanical | Management: MBA, BBA | Science: B.Sc, M.Sc","B.Tech CSE, MBA Finance, B.Sc","Computer Science, Mechanical Engineering, Civil Engineering, Management Studies, Applied Sciences","Minimum 60% aggregate in 10+2 (Physics, Chemistry, Mathematics/Biology)",116430 per semester,17126,2677,3169,Active Training and Placement Cell,Strictly for registered final-year students,95% in 2023,12.4 Lakh Per Annum,27.9 Lakh Per Annum,3.3 Lakh Per Annum,"TCS, Infosys, Wipro, Cognizant, Amazon, Microsoft",Minimum 6.0 CGPA with no active backlogs,Mandatory 6-week summer internship,Stipend based on company selection,"Yes, across major city routes",31905,Over 15 designated routes,7:30 AM to 5:30 PM,Central Air-Conditioned Library,"Reading Room, Reference Section, Digital Access",197721,Available with remote access,"IEEE, Springer, ScienceDirect",8:00 AM to 8:00 PM,"Yes, for Boys and Girls",Available with 500+ capacity,Available with 300+ capacity,48328,27905,9:30 PM,Prior permission from Warden required,Strict anti-ragging policies enforced,"Yes, indoor and outdoor facilities","Football ground, Cricket pitch, Basketball courts","Table Tennis, Badminton, Chess","Football, Cricket, Volleyball, Athletics",Well-equipped modern gymnasium,Semester System (CBCS),Minimum 75% attendance mandatory,25% weightage,75% weightage,Minimum 40% aggregate required to pass,Conducted within 1 month of result declaration,Available for a maximum of 3 subjects,Maximum 4 backlogs allowed to promote to next year,Merit-based and Category-based scholarships available,Dedicated Student Counselling Centre,"Technical, Cultural, and Sports Clubs",Anti-Ragging Squad and Grievance Cell,End-semester anonymous feedback system,4.8/5,4.1/5,4.0/5,4.1/5,4.7/5,4.2/5,4.7/5
UNI232,Mahatma Phule Agricultural University,nan,http://mpkv.mah.nic.in/,1950,UGC Recognized,NAAC 'A' Grade,66,"Engineering: CSE, Mechanical | Management: MBA, BBA | Science: B.Sc, M.Sc","B.Tech CSE, MBA Finance, B.Sc","Computer Science, Mechanical Engineering, Civil Engineering, Management Studies, Applied Sciences","Minimum 60% aggregate in 10+2 (Physics, Chemistry, Mathematics/Biology)",86264 per semester,17425,1737,2083,Active Training and Placement Cell,Strictly for registered final-year students,86% in 2023,8.1 Lakh Per Annum,16.9 Lakh Per Annum,3.9 Lakh Per Annum,"TCS, Infosys, Wipro, Cognizant, Amazon, Microsoft",Minimum 6.0 CGPA with no active backlogs,Mandatory 6-week summer internship,Stipend based on company selection,"Yes, across major city routes",18365,Over 15 designated routes,7:30 AM to 5:30 PM,Central Air-Conditioned Library,"Reading Room, Reference Section, Digital Access",97142,Available with remote access,"IEEE, Springer, ScienceDirect",8:00 AM to 8:00 PM,"Yes, for Boys and Girls",Available with 500+ capacity,Available with 300+ capacity,47894,26613,9:30 PM,Prior permission from Warden required,Strict anti-ragging policies enforced,"Yes, indoor and outdoor facilities","Football ground, Cricket pitch, Basketball courts","Table Tennis, Badminton, Chess","Football, Cricket, Volleyball, Athletics",Well-equipped modern gymnasium,Semester System (CBCS),Minimum 75% attendance mandatory,25% weightage,75% weightage,Minimum 40% aggregate required to pass,Conducted within 1 month of result declaration,Available for a maximum of 3 subjects,Maximum 4 backlogs allowed to promote to next year,Merit-based and Category-based scholarships available,Dedicated Student Counselling Centre,"Technical, Cultural, and Sports Clubs",Anti-Ragging Squad and Grievance Cell,End-semester anonymous feedback system,4.6/5,4.7/5,4.3/5,4.1/5,4.8/5,4.1/5,4.5/5
UNI233,Maharaja Sayajirao University of Baroda,nan,http://www.msubaroda.ac.in/,1964,UGC Recognized,NAAC 'A' Grade,55,"Engineering: CSE, Mechanical | Management: MBA, BBA | Science: B.Sc, M.Sc","B.Tech CSE, MBA Finance, B.Sc","Computer Science, Mechanical Engineering, Civil Engineering, Management Studies, Applied Sciences","Minimum 60% aggregate in 10+2 (Physics, Chemistry, Mathematics/Biology)",47084 per semester,13942,4511,2649,Active Training and Placement Cell,Strictly for registered final-year students,84% in 2023,10.7 Lakh Per Annum,37.5 Lakh Per Annum,3.8 Lakh Per Annum,"TCS, Infosys, Wipro, Cognizant, Amazon, Microsoft",Minimum 6.0 CGPA with no active backlogs,Mandatory 6-week summer internship,Stipend based on company selection,"Yes, across major city routes",29271,Over 15 designated routes,7:30 AM to 5:30 PM,Central Air-Conditioned Library,"Reading Room, Reference Section, Digital Access",2025,Available with remote access,"IEEE, Springer, ScienceDirect",8:00 AM to 8:00 PM,"Yes, for Boys and Girls",Available with 500+ capacity,Available with 300+ capacity,61841,41076,9:30 PM,Prior permission from Warden required,Strict anti-ragging policies enforced,"Yes, indoor and outdoor facilities","Football ground, Cricket pitch, Basketball courts","Table Tennis, Badminton, Chess","Football, Cricket, Volleyball, Athletics",Well-equipped modern gymnasium,Semester System (CBCS),Minimum 75% attendance mandatory,25% weightage,75% weightage,Minimum 40% aggregate required to pass,Conducted within 1 month of result declaration,Available for a maximum of 3 subjects,Maximum 4 backlogs allowed to promote to next year,Merit-based and Category-based scholarships available,Dedicated Student Counselling Centre,"Technical, Cultural, and Sports Clubs",Anti-Ragging Squad and Grievance Cell,End-semester anonymous feedback system,4.2/5,3.9/5,4.1/5,4.5/5,4.6/5,4.7/5,4.6/5
UNI234,University of Mumbai,Maharashtra,http://www.mu.ac.in/,1970,UGC Recognized,NAAC 'A' Grade,45,"Engineering: CSE, Mechanical | Management: MBA, BBA | Science: B.Sc, M.Sc","B.Tech CSE, MBA Finance, B.Sc","Computer Science, Mechanical Engineering, Civil Engineering, Management Studies, Applied Sciences","Minimum 60% aggregate in 10+2 (Physics, Chemistry, Mathematics/Biology)",117572 per semester,10970,4729,6664,Active Training and Placement Cell,Strictly for registered final-year students,83% in 2023,9.8 Lakh Per Annum,41.4 Lakh Per Annum,2.6 Lakh Per Annum,"TCS, Infosys, Wipro, Cognizant, Amazon, Microsoft",Minimum 6.0 CGPA with no active backlogs,Mandatory 6-week summer internship,Stipend based on company selection,"Yes, across major city routes",18795,Over 15 designated routes,7:30 AM to 5:30 PM,Central Air-Conditioned Library,"Reading Room, Reference Section, Digital Access",103452,Available with remote access,"IEEE, Springer, ScienceDirect",8:00 AM to 8:00 PM,"Yes, for Boys and Girls",Available with 500+ capacity,Available with 300+ capacity,63457,39121,9:30 PM,Prior permission from Warden required,Strict anti-ragging policies enforced,"Yes, indoor and outdoor facilities","Football ground, Cricket pitch, Basketball courts","Table Tennis, Badminton, Chess","Football, Cricket, Volleyball, Athletics",Well-equipped modern gymnasium,Semester System (CBCS),Minimum 75% attendance mandatory,25% weightage,75% weightage,Minimum 40% aggregate required to pass,Conducted within 1 month of result declaration,Available for a maximum of 3 subjects,Maximum 4 backlogs allowed to promote to next year,Merit-based and Category-based scholarships available,Dedicated Student Counselling Centre,"Technical, Cultural, and Sports Clubs",Anti-Ragging Squad and Grievance Cell,End-semester anonymous feedback system,4.6/5,4.4/5,3.6/5,3.8/5,4.7/5,4.3/5,4.3/5
UNI235,Acharya Nagarjuna University,nan,http://www.nagarjunauniversity.ac.in/,1956,UGC Recognized,NAAC 'A' Grade,90,"Engineering: CSE, Mechanical | Management: MBA, BBA | Science: B.Sc, M.Sc","B.Tech CSE, MBA Finance, B.Sc","Computer Science, Mechanical Engineering, Civil Engineering, Management Studies, Applied Sciences","Minimum 60% aggregate in 10+2 (Physics, Chemistry, Mathematics/Biology)",72815 per semester,20397,2375,7766,Active Training and Placement Cell,Strictly for registered final-year students,98% in 2023,10.9 Lakh Per Annum,28.2 Lakh Per Annum,3.1 Lakh Per Annum,"TCS, Infosys, Wipro, Cognizant, Amazon, Microsoft",Minimum 6.0 CGPA with no active backlogs,Mandatory 6-week summer internship,Stipend based on company selection,"Yes, across major city routes",19417,Over 15 designated routes,7:30 AM to 5:30 PM,Central Air-Conditioned Library,"Reading Room, Reference Section, Digital Access",145543,Available with remote access,"IEEE, Springer, ScienceDirect",8:00 AM to 8:00 PM,"Yes, for Boys and Girls",Available with 500+ capacity,Available with 300+ capacity,79764,34451,9:30 PM,Prior permission from Warden required,Strict anti-ragging policies enforced,"Yes, indoor and outdoor facilities","Football ground, Cricket pitch, Basketball courts","Table Tennis, Badminton, Chess","Football, Cricket, Volleyball, Athletics",Well-equipped modern gymnasium,Semester System (CBCS),Minimum 75% attendance mandatory,25% weightage,75% weightage,Minimum 40% aggregate required to pass,Conducted within 1 month of result declaration,Available for a maximum of 3 subjects,Maximum 4 backlogs allowed to promote to next year,Merit-based and Category-based scholarships available,Dedicated Student Counselling Centre,"Technical, Cultural, and Sports Clubs",Anti-Ragging Squad and Grievance Cell,End-semester anonymous feedback system,4.3/5,4.3/5,3.5/5,4.4/5,4.5/5,4.4/5,4.8/5
UNI236,Nagaland University,Nagaland,http://www.nagauniv.org.in/,1999,UGC Recognized,NAAC 'A' Grade,117,"Engineering: CSE, Mechanical | Management: MBA, BBA | Science: B.Sc, M.Sc","B.Tech CSE, MBA Finance, B.Sc","Computer Science, Mechanical Engineering, Civil Engineering, Management Studies, Applied Sciences","Minimum 60% aggregate in 10+2 (Physics, Chemistry, Mathematics/Biology)",128323 per semester,20211,2561,2385,Active Training and Placement Cell,Strictly for registered final-year students,75% in 2023,5.2 Lakh Per Annum,15.3 Lakh Per Annum,3.7 Lakh Per Annum,"TCS, Infosys, Wipro, Cognizant, Amazon, Microsoft",Minimum 6.0 CGPA with no active backlogs,Mandatory 6-week summer internship,Stipend based on company selection,"Yes, across major city routes",16106,Over 15 designated routes,7:30 AM to 5:30 PM,Central Air-Conditioned Library,"Reading Room, Reference Section, Digital Access",77692,Available with remote access,"IEEE, Springer, ScienceDirect",8:00 AM to 8:00 PM,"Yes, for Boys and Girls",Available with 500+ capacity,Available with 300+ capacity,54640,43392,9:30 PM,Prior permission from Warden required,Strict anti-ragging policies enforced,"Yes, indoor and outdoor facilities","Football ground, Cricket pitch, Basketball courts","Table Tennis, Badminton, Chess","Football, Cricket, Volleyball, Athletics",Well-equipped modern gymnasium,Semester System (CBCS),Minimum 75% attendance mandatory,25% weightage,75% weightage,Minimum 40% aggregate required to pass,Conducted within 1 month of result declaration,Available for a maximum of 3 subjects,Maximum 4 backlogs allowed to promote to next year,Merit-based and Category-based scholarships available,Dedicated Student Counselling Centre,"Technical, Cultural, and Sports Clubs",Anti-Ragging Squad and Grievance Cell,End-semester anonymous feedback system,4.5/5,4.2/5,3.8/5,4.4/5,4.6/5,4.1/5,4.3/5
UNI237,Nagpur University,Maharashtra,http://www.nagpur-university.com/,1953,UGC Recognized,NAAC 'A' Grade,79,"Engineering: CSE, Mechanical | Management: MBA, BBA | Science: B.Sc, M.Sc","B.Tech CSE, MBA Finance, B.Sc","Computer Science, Mechanical Engineering, Civil Engineering, Management Studies, Applied Sciences","Minimum 60% aggregate in 10+2 (Physics, Chemistry, Mathematics/Biology)",56997 per semester,21455,3481,7042,Active Training and Placement Cell,Strictly for registered final-year students,94% in 2023,6.8 Lakh Per Annum,44.0 Lakh Per Annum,3.3 Lakh Per Annum,"TCS, Infosys, Wipro, Cognizant, Amazon, Microsoft",Minimum 6.0 CGPA with no active backlogs,Mandatory 6-week summer internship,Stipend based on company selection,"Yes, across major city routes",20950,Over 15 designated routes,7:30 AM to 5:30 PM,Central Air-Conditioned Library,"Reading Room, Reference Section, Digital Access",79053,Available with remote access,"IEEE, Springer, ScienceDirect",8:00 AM to 8:00 PM,"Yes, for Boys and Girls",Available with 500+ capacity,Available with 300+ capacity,65561,37676,9:30 PM,Prior permission from Warden required,Strict anti-ragging policies enforced,"Yes, indoor and outdoor facilities","Football ground, Cricket pitch, Basketball courts","Table Tennis, Badminton, Chess","Football, Cricket, Volleyball, Athletics",Well-equipped modern gymnasium,Semester System (CBCS),Minimum 75% attendance mandatory,25% weightage,75% weightage,Minimum 40% aggregate required to pass,Conducted within 1 month of result declaration,Available for a maximum of 3 subjects,Maximum 4 backlogs allowed to promote to next year,Merit-based and Category-based scholarships available,Dedicated Student Counselling Centre,"Technical, Cultural, and Sports Clubs",Anti-Ragging Squad and Grievance Cell,End-semester anonymous feedback system,4.1/5,3.9/5,4.2/5,4.2/5,4.2/5,4.3/5,4.1/5
UNI238,Nalanda Open University,nan,http://www.nalandaopenuniversity.info/,1985,UGC Recognized,NAAC 'A' Grade,133,"Engineering: CSE, Mechanical | Management: MBA, BBA | Science: B.Sc, M.Sc","B.Tech CSE, MBA Finance, B.Sc","Computer Science, Mechanical Engineering, Civil Engineering, Management Studies, Applied Sciences","Minimum 60% aggregate in 10+2 (Physics, Chemistry, Mathematics/Biology)",133434 per semester,6037,3444,6183,Active Training and Placement Cell,Strictly for registered final-year students,97% in 2023,4.6 Lakh Per Annum,18.9 Lakh Per Annum,2.7 Lakh Per Annum,"TCS, Infosys, Wipro, Cognizant, Amazon, Microsoft",Minimum 6.0 CGPA with no active backlogs,Mandatory 6-week summer internship,Stipend based on company selection,"Yes, across major city routes",23560,Over 15 designated routes,7:30 AM to 5:30 PM,Central Air-Conditioned Library,"Reading Room, Reference Section, Digital Access",211931,Available with remote access,"IEEE, Springer, ScienceDirect",8:00 AM to 8:00 PM,"Yes, for Boys and Girls",Available with 500+ capacity,Available with 300+ capacity,80610,40695,9:30 PM,Prior permission from Warden required,Strict anti-ragging policies enforced,"Yes, indoor and outdoor facilities","Football ground, Cricket pitch, Basketball courts","Table Tennis, Badminton, Chess","Football, Cricket, Volleyball, Athletics",Well-equipped modern gymnasium,Semester System (CBCS),Minimum 75% attendance mandatory,25% weightage,75% weightage,Minimum 40% aggregate required to pass,Conducted within 1 month of result declaration,Available for a maximum of 3 subjects,Maximum 4 backlogs allowed to promote to next year,Merit-based and Category-based scholarships available,Dedicated Student Counselling Centre,"Technical, Cultural, and Sports Clubs",Anti-Ragging Squad and Grievance Cell,End-semester anonymous feedback system,4.2/5,4.4/5,3.9/5,3.9/5,4.9/5,4.7/5,4.3/5
UNI239,University of North Bengal,West Bengal,http://www.nbu.ac.in/,1976,UGC Recognized,NAAC 'A' Grade,82,"Engineering: CSE, Mechanical | Management: MBA, BBA | Science: B.Sc, M.Sc","B.Tech CSE, MBA Finance, B.Sc","Computer Science, Mechanical Engineering, Civil Engineering, Management Studies, Applied Sciences","Minimum 60% aggregate in 10+2 (Physics, Chemistry, Mathematics/Biology)",130194 per semester,18419,2627,4403,Active Training and Placement Cell,Strictly for registered final-year students,98% in 2023,10.9 Lakh Per Annum,32.0 Lakh Per Annum,2.5 Lakh Per Annum,"TCS, Infosys, Wipro, Cognizant, Amazon, Microsoft",Minimum 6.0 CGPA with no active backlogs,Mandatory 6-week summer internship,Stipend based on company selection,"Yes, across major city routes",17678,Over 15 designated routes,7:30 AM to 5:30 PM,Central Air-Conditioned Library,"Reading Room, Reference Section, Digital Access",120337,Available with remote access,"IEEE, Springer, ScienceDirect",8:00 AM to 8:00 PM,"Yes, for Boys and Girls",Available with 500+ capacity,Available with 300+ capacity,46917,41640,9:30 PM,Prior permission from Warden required,Strict anti-ragging policies enforced,"Yes, indoor and outdoor facilities","Football ground, Cricket pitch, Basketball courts","Table Tennis, Badminton, Chess","Football, Cricket, Volleyball, Athletics",Well-equipped modern gymnasium,Semester System (CBCS),Minimum 75% attendance mandatory,25% weightage,75% weightage,Minimum 40% aggregate required to pass,Conducted within 1 month of result declaration,Available for a maximum of 3 subjects,Maximum 4 backlogs allowed to promote to next year,Merit-based and Category-based scholarships available,Dedicated Student Counselling Centre,"Technical, Cultural, and Sports Clubs",Anti-Ragging Squad and Grievance Cell,End-semester anonymous feedback system,4.5/5,4.1/5,3.6/5,3.9/5,4.6/5,4.6/5,4.2/5
UNI240,National Dairy Research Institute,nan,http://ndri.nic.in/,1940,UGC Recognized,NAAC 'A' Grade,33,"Engineering: CSE, Mechanical | Management: MBA, BBA | Science: B.Sc, M.Sc","B.Tech CSE, MBA Finance, B.Sc","Computer Science, Mechanical Engineering, Civil Engineering, Management Studies, Applied Sciences","Minimum 60% aggregate in 10+2 (Physics, Chemistry, Mathematics/Biology)",89613 per semester,12785,2293,5563,Active Training and Placement Cell,Strictly for registered final-year students,90% in 2023,9.6 Lakh Per Annum,31.5 Lakh Per Annum,3.5 Lakh Per Annum,"TCS, Infosys, Wipro, Cognizant, Amazon, Microsoft",Minimum 6.0 CGPA with no active backlogs,Mandatory 6-week summer internship,Stipend based on company selection,"Yes, across major city routes",25750,Over 15 designated routes,7:30 AM to 5:30 PM,Central Air-Conditioned Library,"Reading Room, Reference Section, Digital Access",233945,Available with remote access,"IEEE, Springer, ScienceDirect",8:00 AM to 8:00 PM,"Yes, for Boys and Girls",Available with 500+ capacity,Available with 300+ capacity,47670,41103,9:30 PM,Prior permission from Warden required,Strict anti-ragging policies enforced,"Yes, indoor and outdoor facilities","Football ground, Cricket pitch, Basketball courts","Table Tennis, Badminton, Chess","Football, Cricket, Volleyball, Athletics",Well-equipped modern gymnasium,Semester System (CBCS),Minimum 75% attendance mandatory,25% weightage,75% weightage,Minimum 40% aggregate required to pass,Conducted within 1 month of result declaration,Available for a maximum of 3 subjects,Maximum 4 backlogs allowed to promote to next year,Merit-based and Category-based scholarships available,Dedicated Student Counselling Centre,"Technical, Cultural, and Sports Clubs",Anti-Ragging Squad and Grievance Cell,End-semester anonymous feedback system,4.2/5,4.5/5,3.5/5,4.2/5,4.2/5,4.2/5,4.7/5
UNI241,Narendra Deva University of Agriculture and Technology,nan,http://www.nduat.nic.in/,1996,UGC Recognized,NAAC 'A' Grade,55,"Engineering: Computer Science (CSE), Civil, Mechanical, ICT","B.Tech CSE, MBA Finance, B.Sc","Computer Science, Mechanical Engineering, Civil Engineering, Management Studies, Applied Sciences","Minimum 60% aggregate in 10+2 (Physics, Chemistry, Mathematics/Biology)",112658 per semester,12985,2039,7779,Active Training and Placement Cell,Strictly for registered final-year students,99% in 2023,8.4 Lakh Per Annum,17.3 Lakh Per Annum,3.7 Lakh Per Annum,"TCS, Infosys, Wipro, Cognizant, Amazon, Microsoft",Minimum 6.0 CGPA with no active backlogs,Mandatory 6-week summer internship,Stipend based on company selection,"Yes, across major city routes",29284,Over 15 designated routes,7:30 AM to 5:30 PM,Central Air-Conditioned Library,"Reading Room, Reference Section, Digital Access",58088,Available with remote access,"IEEE, Springer, ScienceDirect",8:00 AM to 8:00 PM,"Yes, for Boys and Girls",Available with 500+ capacity,Available with 300+ capacity,51000,44256,9:30 PM,Prior permission from Warden required,Strict anti-ragging policies enforced,"Yes, indoor and outdoor facilities","Football ground, Cricket pitch, Basketball courts","Table Tennis, Badminton, Chess","Football, Cricket, Volleyball, Athletics",Well-equipped modern gymnasium,Semester System (CBCS),Minimum 75% attendance mandatory,25% weightage,75% weightage,Minimum 40% aggregate required to pass,Conducted within 1 month of result declaration,Available for a maximum of 3 subjects,Maximum 4 backlogs allowed to promote to next year,Merit-based and Category-based scholarships available,Dedicated Student Counselling Centre,"Technical, Cultural, and Sports Clubs",Anti-Ragging Squad and Grievance Cell,End-semester anonymous feedback system,4.8/5,4.0/5,3.6/5,3.9/5,4.3/5,4.5/5,4.7/5
UNI242,North Eastern Hill University,nan,http://www.nehu.ac.in/,1984,UGC Recognized,NAAC 'A' Grade,76,"Engineering: CSE, Mechanical | Management: MBA, BBA | Science: B.Sc, M.Sc","B.Tech CSE, MBA Finance, B.Sc","Computer Science, Mechanical Engineering, Civil Engineering, Management Studies, Applied Sciences","Minimum 60% aggregate in 10+2 (Physics, Chemistry, Mathematics/Biology)",140792 per semester,6872,2088,4490,Active Training and Placement Cell,Strictly for registered final-year students,89% in 2023,10.5 Lakh Per Annum,36.4 Lakh Per Annum,3.9 Lakh Per Annum,"TCS, Infosys, Wipro, Cognizant, Amazon, Microsoft",Minimum 6.0 CGPA with no active backlogs,Mandatory 6-week summer internship,Stipend based on company selection,"Yes, across major city routes",34479,Over 15 designated routes,7:30 AM to 5:30 PM,Central Air-Conditioned Library,"Reading Room, Reference Section, Digital Access",200634,Available with remote access,"IEEE, Springer, ScienceDirect",8:00 AM to 8:00 PM,"Yes, for Boys and Girls",Available with 500+ capacity,Available with 300+ capacity,79841,31133,9:30 PM,Prior permission from Warden required,Strict anti-ragging policies enforced,"Yes, indoor and outdoor facilities","Football ground, Cricket pitch, Basketball courts","Table Tennis, Badminton, Chess","Football, Cricket, Volleyball, Athletics",Well-equipped modern gymnasium,Semester System (CBCS),Minimum 75% attendance mandatory,25% weightage,75% weightage,Minimum 40% aggregate required to pass,Conducted within 1 month of result declaration,Available for a maximum of 3 subjects,Maximum 4 backlogs allowed to promote to next year,Merit-based and Category-based scholarships available,Dedicated Student Counselling Centre,"Technical, Cultural, and Sports Clubs",Anti-Ragging Squad and Grievance Cell,End-semester anonymous feedback system,4.8/5,4.1/5,4.1/5,4.0/5,4.5/5,4.2/5,4.5/5
UNI243,Hemchandracharay North Gujarat University,Gujarat,http://www.ngu.ac.in/,1979,UGC Recognized,NAAC 'A' Grade,64,"Engineering: CSE, Mechanical | Management: MBA, BBA | Science: B.Sc, M.Sc","B.Tech CSE, MBA Finance, B.Sc","Computer Science, Mechanical Engineering, Civil Engineering, Management Studies, Applied Sciences","Minimum 60% aggregate in 10+2 (Physics, Chemistry, Mathematics/Biology)",45243 per semester,21218,1675,6546,Active Training and Placement Cell,Strictly for registered final-year students,88% in 2023,8.9 Lakh Per Annum,20.3 Lakh Per Annum,3.2 Lakh Per Annum,"TCS, Infosys, Wipro, Cognizant, Amazon, Microsoft",Minimum 6.0 CGPA with no active backlogs,Mandatory 6-week summer internship,Stipend based on company selection,"Yes, across major city routes",31936,Over 15 designated routes,7:30 AM to 5:30 PM,Central Air-Conditioned Library,"Reading Room, Reference Section, Digital Access",68730,Available with remote access,"IEEE, Springer, ScienceDirect",8:00 AM to 8:00 PM,"Yes, for Boys and Girls",Available with 500+ capacity,Available with 300+ capacity,83046,42130,9:30 PM,Prior permission from Warden required,Strict anti-ragging policies enforced,"Yes, indoor and outdoor facilities","Football ground, Cricket pitch, Basketball courts","Table Tennis, Badminton, Chess","Football, Cricket, Volleyball, Athletics",Well-equipped modern gymnasium,Semester System (CBCS),Minimum 75% attendance mandatory,25% weightage,75% weightage,Minimum 40% aggregate required to pass,Conducted within 1 month of result declaration,Available for a maximum of 3 subjects,Maximum 4 backlogs allowed to promote to next year,Merit-based and Category-based scholarships available,Dedicated Student Counselling Centre,"Technical, Cultural, and Sports Clubs",Anti-Ragging Squad and Grievance Cell,End-semester anonymous feedback system,4.4/5,4.6/5,3.9/5,4.2/5,4.5/5,4.0/5,4.3/5
UNI244,National Institute of Mental Health and Neuro Sciences,nan,http://www.nimhans.kar.nic.in/,1991,UGC Recognized,NAAC 'A' Grade,71,"Medical: MBBS, BDS, MD, B.Sc Nursing","B.Tech CSE, MBA Finance, B.Sc","Computer Science, Mechanical Engineering, Civil Engineering, Management Studies, Applied Sciences","Minimum 60% aggregate in 10+2 (Physics, Chemistry, Mathematics/Biology)",83121 per semester,18235,1608,8735,Active Training and Placement Cell,Strictly for registered final-year students,90% in 2023,12.1 Lakh Per Annum,30.5 Lakh Per Annum,3.9 Lakh Per Annum,"TCS, Infosys, Wipro, Cognizant, Amazon, Microsoft",Minimum 6.0 CGPA with no active backlogs,Mandatory 6-week summer internship,Stipend based on company selection,"Yes, across major city routes",25854,Over 15 designated routes,7:30 AM to 5:30 PM,Central Air-Conditioned Library,"Reading Room, Reference Section, Digital Access",75145,Available with remote access,"IEEE, Springer, ScienceDirect",8:00 AM to 8:00 PM,"Yes, for Boys and Girls",Available with 500+ capacity,Available with 300+ capacity,68077,43556,9:30 PM,Prior permission from Warden required,Strict anti-ragging policies enforced,"Yes, indoor and outdoor facilities","Football ground, Cricket pitch, Basketball courts","Table Tennis, Badminton, Chess","Football, Cricket, Volleyball, Athletics",Well-equipped modern gymnasium,Semester System (CBCS),Minimum 75% attendance mandatory,25% weightage,75% weightage,Minimum 40% aggregate required to pass,Conducted within 1 month of result declaration,Available for a maximum of 3 subjects,Maximum 4 backlogs allowed to promote to next year,Merit-based and Category-based scholarships available,Dedicated Student Counselling Centre,"Technical, Cultural, and Sports Clubs",Anti-Ragging Squad and Grievance Cell,End-semester anonymous feedback system,4.3/5,4.0/5,4.5/5,4.4/5,4.2/5,4.6/5,4.5/5
UNI245,Nizam's Institute of Medical Sciences,nan,http://nims.ap.nic.in/,1949,UGC Recognized,NAAC 'A' Grade,110,"Medical: MBBS, BDS, MD, B.Sc Nursing","B.Tech CSE, MBA Finance, B.Sc","Computer Science, Mechanical Engineering, Civil Engineering, Management Studies, Applied Sciences","Minimum 60% aggregate in 10+2 (Physics, Chemistry, Mathematics/Biology)",76238 per semester,17780,4135,7240,Active Training and Placement Cell,Strictly for registered final-year students,82% in 2023,11.3 Lakh Per Annum,20.7 Lakh Per Annum,4.0 Lakh Per Annum,"TCS, Infosys, Wipro, Cognizant, Amazon, Microsoft",Minimum 6.0 CGPA with no active backlogs,Mandatory 6-week summer internship,Stipend based on company selection,"Yes, across major city routes",34045,Over 15 designated routes,7:30 AM to 5:30 PM,Central Air-Conditioned Library,"Reading Room, Reference Section, Digital Access",60300,Available with remote access,"IEEE, Springer, ScienceDirect",8:00 AM to 8:00 PM,"Yes, for Boys and Girls",Available with 500+ capacity,Available with 300+ capacity,52677,35332,9:30 PM,Prior permission from Warden required,Strict anti-ragging policies enforced,"Yes, indoor and outdoor facilities","Football ground, Cricket pitch, Basketball courts","Table Tennis, Badminton, Chess","Football, Cricket, Volleyball, Athletics",Well-equipped modern gymnasium,Semester System (CBCS),Minimum 75% attendance mandatory,25% weightage,75% weightage,Minimum 40% aggregate required to pass,Conducted within 1 month of result declaration,Available for a maximum of 3 subjects,Maximum 4 backlogs allowed to promote to next year,Merit-based and Category-based scholarships available,Dedicated Student Counselling Centre,"Technical, Cultural, and Sports Clubs",Anti-Ragging Squad and Grievance Cell,End-semester anonymous feedback system,4.4/5,3.9/5,3.7/5,4.4/5,4.2/5,4.4/5,4.8/5
UNI246,Institute of Management Studies,nan,http://www.nims.net.in/,1992,UGC Recognized,NAAC 'A' Grade,116,"Management: MBA (Finance, Marketing, HR), BBA","B.Tech CSE, MBA Finance, B.Sc","Computer Science, Mechanical Engineering, Civil Engineering, Management Studies, Applied Sciences","Minimum 60% aggregate in 10+2 (Physics, Chemistry, Mathematics/Biology)",144510 per semester,6604,3567,7296,Active Training and Placement Cell,Strictly for registered final-year students,88% in 2023,10.3 Lakh Per Annum,25.7 Lakh Per Annum,2.7 Lakh Per Annum,"TCS, Infosys, Wipro, Cognizant, Amazon, Microsoft",Minimum 6.0 CGPA with no active backlogs,Mandatory 6-week summer internship,Stipend based on company selection,"Yes, across major city routes",34256,Over 15 designated routes,7:30 AM to 5:30 PM,Central Air-Conditioned Library,"Reading Room, Reference Section, Digital Access",78534,Available with remote access,"IEEE, Springer, ScienceDirect",8:00 AM to 8:00 PM,"Yes, for Boys and Girls",Available with 500+ capacity,Available with 300+ capacity,77037,29158,9:30 PM,Prior permission from Warden required,Strict anti-ragging policies enforced,"Yes, indoor and outdoor facilities","Football ground, Cricket pitch, Basketball courts","Table Tennis, Badminton, Chess","Football, Cricket, Volleyball, Athletics",Well-equipped modern gymnasium,Semester System (CBCS),Minimum 75% attendance mandatory,25% weightage,75% weightage,Minimum 40% aggregate required to pass,Conducted within 1 month of result declaration,Available for a maximum of 3 subjects,Maximum 4 backlogs allowed to promote to next year,Merit-based and Category-based scholarships available,Dedicated Student Counselling Centre,"Technical, Cultural, and Sports Clubs",Anti-Ragging Squad and Grievance Cell,End-semester anonymous feedback system,4.7/5,4.4/5,4.3/5,4.4/5,4.3/5,4.3/5,4.6/5
UNI247,Nirma University,Gujarat,http://www.nirmauni.ac.in/,1966,UGC Recognized,NAAC 'A' Grade,76,"Engineering: CSE, Mechanical | Management: MBA, BBA | Science: B.Sc, M.Sc","B.Tech CSE, MBA Finance, B.Sc","Computer Science, Mechanical Engineering, Civil Engineering, Management Studies, Applied Sciences","Minimum 60% aggregate in 10+2 (Physics, Chemistry, Mathematics/Biology)",79574 per semester,5743,4729,5351,Active Training and Placement Cell,Strictly for registered final-year students,77% in 2023,4.3 Lakh Per Annum,37.6 Lakh Per Annum,2.6 Lakh Per Annum,"TCS, Infosys, Wipro, Cognizant, Amazon, Microsoft",Minimum 6.0 CGPA with no active backlogs,Mandatory 6-week summer internship,Stipend based on company selection,"Yes, across major city routes",18966,Over 15 designated routes,7:30 AM to 5:30 PM,Central Air-Conditioned Library,"Reading Room, Reference Section, Digital Access",158690,Available with remote access,"IEEE, Springer, ScienceDirect",8:00 AM to 8:00 PM,"Yes, for Boys and Girls",Available with 500+ capacity,Available with 300+ capacity,80891,41497,9:30 PM,Prior permission from Warden required,Strict anti-ragging policies enforced,"Yes, indoor and outdoor facilities","Football ground, Cricket pitch, Basketball courts","Table Tennis, Badminton, Chess","Football, Cricket, Volleyball, Athletics",Well-equipped modern gymnasium,Semester System (CBCS),Minimum 75% attendance mandatory,25% weightage,75% weightage,Minimum 40% aggregate required to pass,Conducted within 1 month of result declaration,Available for a maximum of 3 subjects,Maximum 4 backlogs allowed to promote to next year,Merit-based and Category-based scholarships available,Dedicated Student Counselling Centre,"Technical, Cultural, and Sports Clubs",Anti-Ragging Squad and Grievance Cell,End-semester anonymous feedback system,4.7/5,4.3/5,3.6/5,4.1/5,4.6/5,4.4/5,4.3/5
UNI248,National Institute of Industrial Engineering,nan,http://www.nitie.edu/,2003,UGC Recognized,NAAC 'A' Grade,148,"Engineering: Computer Science (CSE), Civil, Mechanical, ICT","B.Tech CSE, MBA Finance, B.Sc","Computer Science, Mechanical Engineering, Civil Engineering, Management Studies, Applied Sciences","Minimum 60% aggregate in 10+2 (Physics, Chemistry, Mathematics/Biology)",137140 per semester,13639,1960,6326,Active Training and Placement Cell,Strictly for registered final-year students,91% in 2023,5.5 Lakh Per Annum,30.6 Lakh Per Annum,3.2 Lakh Per Annum,"TCS, Infosys, Wipro, Cognizant, Amazon, Microsoft",Minimum 6.0 CGPA with no active backlogs,Mandatory 6-week summer internship,Stipend based on company selection,"Yes, across major city routes",32156,Over 15 designated routes,7:30 AM to 5:30 PM,Central Air-Conditioned Library,"Reading Room, Reference Section, Digital Access",194047,Available with remote access,"IEEE, Springer, ScienceDirect",8:00 AM to 8:00 PM,"Yes, for Boys and Girls",Available with 500+ capacity,Available with 300+ capacity,48335,42401,9:30 PM,Prior permission from Warden required,Strict anti-ragging policies enforced,"Yes, indoor and outdoor facilities","Football ground, Cricket pitch, Basketball courts","Table Tennis, Badminton, Chess","Football, Cricket, Volleyball, Athletics",Well-equipped modern gymnasium,Semester System (CBCS),Minimum 75% attendance mandatory,25% weightage,75% weightage,Minimum 40% aggregate required to pass,Conducted within 1 month of result declaration,Available for a maximum of 3 subjects,Maximum 4 backlogs allowed to promote to next year,Merit-based and Category-based scholarships available,Dedicated Student Counselling Centre,"Technical, Cultural, and Sports Clubs",Anti-Ragging Squad and Grievance Cell,End-semester anonymous feedback system,4.2/5,4.5/5,4.5/5,4.3/5,4.9/5,4.4/5,4.2/5
UNI249,National Institute of Technology Agartala,nan,http://www.nita.ac.in/,1974,UGC Recognized,NAAC 'A' Grade,64,"Engineering: Computer Science (CSE), Civil, Mechanical, ICT","B.Tech CSE, MBA Finance, B.Sc","Computer Science, Mechanical Engineering, Civil Engineering, Management Studies, Applied Sciences","Minimum 60% aggregate in 10+2 (Physics, Chemistry, Mathematics/Biology)",124231 per semester,5900,3862,3794,Active Training and Placement Cell,Strictly for registered final-year students,76% in 2023,4.5 Lakh Per Annum,39.3 Lakh Per Annum,3.4 Lakh Per Annum,"TCS, Infosys, Wipro, Cognizant, Amazon, Microsoft",Minimum 6.0 CGPA with no active backlogs,Mandatory 6-week summer internship,Stipend based on company selection,"Yes, across major city routes",34294,Over 15 designated routes,7:30 AM to 5:30 PM,Central Air-Conditioned Library,"Reading Room, Reference Section, Digital Access",168568,Available with remote access,"IEEE, Springer, ScienceDirect",8:00 AM to 8:00 PM,"Yes, for Boys and Girls",Available with 500+ capacity,Available with 300+ capacity,45743,37165,9:30 PM,Prior permission from Warden required,Strict anti-ragging policies enforced,"Yes, indoor and outdoor facilities","Football ground, Cricket pitch, Basketball courts","Table Tennis, Badminton, Chess","Football, Cricket, Volleyball, Athletics",Well-equipped modern gymnasium,Semester System (CBCS),Minimum 75% attendance mandatory,25% weightage,75% weightage,Minimum 40% aggregate required to pass,Conducted within 1 month of result declaration,Available for a maximum of 3 subjects,Maximum 4 backlogs allowed to promote to next year,Merit-based and Category-based scholarships available,Dedicated Student Counselling Centre,"Technical, Cultural, and Sports Clubs",Anti-Ragging Squad and Grievance Cell,End-semester anonymous feedback system,4.2/5,3.8/5,4.3/5,3.8/5,4.4/5,4.2/5,4.4/5
UNI250,National Institute of Technology Andhra Pradesh,Andhra Pradesh,http://www.nitandhra.ac.in/,2000,UGC Recognized,NAAC 'A' Grade,105,"Engineering: Computer Science (CSE), Civil, Mechanical, ICT","B.Tech CSE, MBA Finance, B.Sc","Computer Science, Mechanical Engineering, Civil Engineering, Management Studies, Applied Sciences","Minimum 60% aggregate in 10+2 (Physics, Chemistry, Mathematics/Biology)",89071 per semester,21846,2256,8886,Active Training and Placement Cell,Strictly for registered final-year students,83% in 2023,12.4 Lakh Per Annum,34.4 Lakh Per Annum,2.8 Lakh Per Annum,"TCS, Infosys, Wipro, Cognizant, Amazon, Microsoft",Minimum 6.0 CGPA with no active backlogs,Mandatory 6-week summer internship,Stipend based on company selection,"Yes, across major city routes",25340,Over 15 designated routes,7:30 AM to 5:30 PM,Central Air-Conditioned Library,"Reading Room, Reference Section, Digital Access",69268,Available with remote access,"IEEE, Springer, ScienceDirect",8:00 AM to 8:00 PM,"Yes, for Boys and Girls",Available with 500+ capacity,Available with 300+ capacity,59040,38786,9:30 PM,Prior permission from Warden required,Strict anti-ragging policies enforced,"Yes, indoor and outdoor facilities","Football ground, Cricket pitch, Basketball courts","Table Tennis, Badminton, Chess","Football, Cricket, Volleyball, Athletics",Well-equipped modern gymnasium,Semester System (CBCS),Minimum 75% attendance mandatory,25% weightage,75% weightage,Minimum 40% aggregate required to pass,Conducted within 1 month of result declaration,Available for a maximum of 3 subjects,Maximum 4 backlogs allowed to promote to next year,Merit-based and Category-based scholarships available,Dedicated Student Counselling Centre,"Technical, Cultural, and Sports Clubs",Anti-Ragging Squad and Grievance Cell,End-semester anonymous feedback system,4.0/5,3.9/5,4.3/5,4.3/5,4.8/5,4.5/5,4.3/5
UNI251,National Institute of Technology Arunachal Pradesh,Arunachal Pradesh,http://www.nitap.in/,1965,UGC Recognized,NAAC 'A' Grade,63,"Engineering: Computer Science (CSE), Civil, Mechanical, ICT","B.Tech CSE, MBA Finance, B.Sc","Computer Science, Mechanical Engineering, Civil Engineering, Management Studies, Applied Sciences","Minimum 60% aggregate in 10+2 (Physics, Chemistry, Mathematics/Biology)",140851 per semester,18262,1826,4542,Active Training and Placement Cell,Strictly for registered final-year students,82% in 2023,8.2 Lakh Per Annum,23.3 Lakh Per Annum,2.6 Lakh Per Annum,"TCS, Infosys, Wipro, Cognizant, Amazon, Microsoft",Minimum 6.0 CGPA with no active backlogs,Mandatory 6-week summer internship,Stipend based on company selection,"Yes, across major city routes",26087,Over 15 designated routes,7:30 AM to 5:30 PM,Central Air-Conditioned Library,"Reading Room, Reference Section, Digital Access",209986,Available with remote access,"IEEE, Springer, ScienceDirect",8:00 AM to 8:00 PM,"Yes, for Boys and Girls",Available with 500+ capacity,Available with 300+ capacity,46689,28003,9:30 PM,Prior permission from Warden required,Strict anti-ragging policies enforced,"Yes, indoor and outdoor facilities","Football ground, Cricket pitch, Basketball courts","Table Tennis, Badminton, Chess","Football, Cricket, Volleyball, Athletics",Well-equipped modern gymnasium,Semester System (CBCS),Minimum 75% attendance mandatory,25% weightage,75% weightage,Minimum 40% aggregate required to pass,Conducted within 1 month of result declaration,Available for a maximum of 3 subjects,Maximum 4 backlogs allowed to promote to next year,Merit-based and Category-based scholarships available,Dedicated Student Counselling Centre,"Technical, Cultural, and Sports Clubs",Anti-Ragging Squad and Grievance Cell,End-semester anonymous feedback system,4.1/5,4.5/5,4.0/5,4.4/5,4.3/5,4.6/5,4.0/5
UNI252,National Institute of Technology Calicut,Kerala,http://www.nitc.ac.in/,1951,UGC Recognized,NAAC 'A' Grade,150,"Engineering: Computer Science (CSE), Civil, Mechanical, ICT","B.Tech CSE, MBA Finance, B.Sc","Computer Science, Mechanical Engineering, Civil Engineering, Management Studies, Applied Sciences","Minimum 60% aggregate in 10+2 (Physics, Chemistry, Mathematics/Biology)",48051 per semester,14895,3359,6910,Active Training and Placement Cell,Strictly for registered final-year students,96% in 2023,7.1 Lakh Per Annum,27.5 Lakh Per Annum,3.9 Lakh Per Annum,"TCS, Infosys, Wipro, Cognizant, Amazon, Microsoft",Minimum 6.0 CGPA with no active backlogs,Mandatory 6-week summer internship,Stipend based on company selection,"Yes, across major city routes",26516,Over 15 designated routes,7:30 AM to 5:30 PM,Central Air-Conditioned Library,"Reading Room, Reference Section, Digital Access",177657,Available with remote access,"IEEE, Springer, ScienceDirect",8:00 AM to 8:00 PM,"Yes, for Boys and Girls",Available with 500+ capacity,Available with 300+ capacity,51658,30576,9:30 PM,Prior permission from Warden required,Strict anti-ragging policies enforced,"Yes, indoor and outdoor facilities","Football ground, Cricket pitch, Basketball courts","Table Tennis, Badminton, Chess","Football, Cricket, Volleyball, Athletics",Well-equipped modern gymnasium,Semester System (CBCS),Minimum 75% attendance mandatory,25% weightage,75% weightage,Minimum 40% aggregate required to pass,Conducted within 1 month of result declaration,Available for a maximum of 3 subjects,Maximum 4 backlogs allowed to promote to next year,Merit-based and Category-based scholarships available,Dedicated Student Counselling Centre,"Technical, Cultural, and Sports Clubs",Anti-Ragging Squad and Grievance Cell,End-semester anonymous feedback system,4.1/5,4.5/5,3.8/5,4.2/5,4.7/5,4.5/5,4.3/5
UNI253,National Institute of Technology Delhi,Delhi,http://www.nitdelhi.ac.in/,2010,UGC Recognized,NAAC 'A' Grade,16,"Engineering: Computer Science (CSE), Civil, Mechanical, ICT","B.Tech CSE, MBA Finance, B.Sc","Computer Science, Mechanical Engineering, Civil Engineering, Management Studies, Applied Sciences","Minimum 60% aggregate in 10+2 (Physics, Chemistry, Mathematics/Biology)",107070 per semester,7305,3103,6290,Active Training and Placement Cell,Strictly for registered final-year students,88% in 2023,8.4 Lakh Per Annum,0 Lakh Per Annum,3.7 Lakh Per Annum,"TCS, Infosys, Wipro, Cognizant, Amazon, Microsoft",Minimum 6.0 CGPA with no active backlogs,Mandatory 6-week summer internship,Stipend based on company selection,"Yes, across major city routes",21411,Over 15 designated routes,7:30 AM to 5:30 PM,Central Air-Conditioned Library,"Reading Room, Reference Section, Digital Access",130279,Available with remote access,"IEEE, Springer, ScienceDirect",8:00 AM to 8:00 PM,"Yes, for Boys and Girls",Available with 500+ capacity,Available with 300+ capacity,63419,40869,9:30 PM,Prior permission from Warden required,Strict anti-ragging policies enforced,"Yes, indoor and outdoor facilities","Football ground, Cricket pitch, Basketball courts","Table Tennis, Badminton, Chess","Football, Cricket, Volleyball, Athletics",Well-equipped modern gymnasium,Semester System (CBCS),Minimum 75% attendance mandatory,25% weightage,75% weightage,Minimum 40% aggregate required to pass,Conducted within 1 month of result declaration,Available for a maximum of 3 subjects,Maximum 4 backlogs allowed to promote to next year,Merit-based and Category-based scholarships available,Dedicated Student Counselling Centre,"Technical, Cultural, and Sports Clubs",Anti-Ragging Squad and Grievance Cell,End-semester anonymous feedback system,4.2/5,3.8/5,3.9/5,4.2/5,4.5/5,4.2/5,4.2/5
UNI254,National Institute of Technology Durgapur,West Bengal,http://www.nitdgp.ac.in/,1971,UGC Recognized,NAAC 'A' Grade,38,"Engineering: Computer Science (CSE), Civil, Mechanical, ICT","B.Tech CSE, MBA Finance, B.Sc","Computer Science, Mechanical Engineering, Civil Engineering, Management Studies, Applied Sciences","Minimum 60% aggregate in 10+2 (Physics, Chemistry, Mathematics/Biology)",125608 per semester,24151,4743,2097,Active Training and Placement Cell,Strictly for registered final-year students,99% in 2023,12.0 Lakh Per Annum,24.4 Lakh Per Annum,3.5 Lakh Per Annum,"TCS, Infosys, Wipro, Cognizant, Amazon, Microsoft",Minimum 6.0 CGPA with no active backlogs,Mandatory 6-week summer internship,Stipend based on company selection,"Yes, across major city routes",33254,Over 15 designated routes,7:30 AM to 5:30 PM,Central Air-Conditioned Library,"Reading Room, Reference Section, Digital Access",158764,Available with remote access,"IEEE, Springer, ScienceDirect",8:00 AM to 8:00 PM,"Yes, for Boys and Girls",Available with 500+ capacity,Available with 300+ capacity,48809,31390,9:30 PM,Prior permission from Warden required,Strict anti-ragging policies enforced,"Yes, indoor and outdoor facilities","Football ground, Cricket pitch, Basketball courts","Table Tennis, Badminton, Chess","Football, Cricket, Volleyball, Athletics",Well-equipped modern gymnasium,Semester System (CBCS),Minimum 75% attendance mandatory,25% weightage,75% weightage,Minimum 40% aggregate required to pass,Conducted within 1 month of result declaration,Available for a maximum of 3 subjects,Maximum 4 backlogs allowed to promote to next year,Merit-based and Category-based scholarships available,Dedicated Student Counselling Centre,"Technical, Cultural, and Sports Clubs",Anti-Ragging Squad and Grievance Cell,End-semester anonymous feedback system,4.1/5,3.9/5,3.9/5,4.6/5,4.4/5,4.5/5,4.3/5
UNI255,National Institute of Technology Goa,Goa,http://www.nitgoa.ac.in/,1979,UGC Recognized,NAAC 'A' Grade,22,"Engineering: Computer Science (CSE), Civil, Mechanical, ICT","B.Tech CSE, MBA Finance, B.Sc","Computer Science, Mechanical Engineering, Civil Engineering, Management Studies, Applied Sciences","Minimum 60% aggregate in 10+2 (Physics, Chemistry, Mathematics/Biology)",123183 per semester,5488,4895,3204,Active Training and Placement Cell,Strictly for registered final-year students,85% in 2023,7.1 Lakh Per Annum,38.0 Lakh Per Annum,2.5 Lakh Per Annum,"TCS, Infosys, Wipro, Cognizant, Amazon, Microsoft",Minimum 6.0 CGPA with no active backlogs,Mandatory 6-week summer internship,Stipend based on company selection,"Yes, across major city routes",16348,Over 15 designated routes,7:30 AM to 5:30 PM,Central Air-Conditioned Library,"Reading Room, Reference Section, Digital Access",55300,Available with remote access,"IEEE, Springer, ScienceDirect",8:00 AM to 8:00 PM,"Yes, for Boys and Girls",Available with 500+ capacity,Available with 300+ capacity,62225,31778,9:30 PM,Prior permission from Warden required,Strict anti-ragging policies enforced,"Yes, indoor and outdoor facilities","Football ground, Cricket pitch, Basketball courts","Table Tennis, Badminton, Chess","Football, Cricket, Volleyball, Athletics",Well-equipped modern gymnasium,Semester System (CBCS),Minimum 75% attendance mandatory,25% weightage,75% weightage,Minimum 40% aggregate required to pass,Conducted within 1 month of result declaration,Available for a maximum of 3 subjects,Maximum 4 backlogs allowed to promote to next year,Merit-based and Category-based scholarships available,Dedicated Student Counselling Centre,"Technical, Cultural, and Sports Clubs",Anti-Ragging Squad and Grievance Cell,End-semester anonymous feedback system,4.3/5,4.1/5,3.9/5,3.9/5,4.7/5,4.5/5,4.6/5
UNI256,National Institute of Technology Hamirpur,Himachal Pradesh,http://www.nith.ac.in/,1943,UGC Recognized,NAAC 'A' Grade,145,"Engineering: Computer Science (CSE), Civil, Mechanical, ICT","B.Tech CSE, MBA Finance, B.Sc","Computer Science, Mechanical Engineering, Civil Engineering, Management Studies, Applied Sciences","Minimum 60% aggregate in 10+2 (Physics, Chemistry, Mathematics/Biology)",2026 per semester,15027,4757,4165,Active Training and Placement Cell,Strictly for registered final-year students,76% in 2023,7.4 Lakh Per Annum,16.1 Lakh Per Annum,2.7 Lakh Per Annum,"TCS, Infosys, Wipro, Cognizant, Amazon, Microsoft",Minimum 6.0 CGPA with no active backlogs,Mandatory 6-week summer internship,Stipend based on company selection,"Yes, across major city routes",27490,Over 15 designated routes,7:30 AM to 5:30 PM,Central Air-Conditioned Library,"Reading Room, Reference Section, Digital Access",149754,Available with remote access,"IEEE, Springer, ScienceDirect",8:00 AM to 8:00 PM,"Yes, for Boys and Girls",Available with 500+ capacity,Available with 300+ capacity,2025,2026,9:30 PM,Prior permission from Warden required,Strict anti-ragging policies enforced,"Yes, indoor and outdoor facilities","Football ground, Cricket pitch, Basketball courts","Table Tennis, Badminton, Chess","Football, Cricket, Volleyball, Athletics",Well-equipped modern gymnasium,Semester System (CBCS),Minimum 75% attendance mandatory,25% weightage,75% weightage,Minimum 40% aggregate required to pass,Conducted within 1 month of result declaration,Available for a maximum of 3 subjects,Maximum 4 backlogs allowed to promote to next year,Merit-based and Category-based scholarships available,Dedicated Student Counselling Centre,"Technical, Cultural, and Sports Clubs",Anti-Ragging Squad and Grievance Cell,End-semester anonymous feedback system,4.5/5,4.4/5,3.7/5,3.8/5,4.2/5,4.7/5,4.2/5
UNI257,National Institute of Technology Jamshedpur,Jharkhand,http://www.nitjsr.ac.in/,1974,UGC Recognized,NAAC 'A' Grade,135,"Engineering: Computer Science (CSE), Civil, Mechanical, ICT","B.Tech CSE, MBA Finance, B.Sc","Computer Science, Mechanical Engineering, Civil Engineering, Management Studies, Applied Sciences","Minimum 60% aggregate in 10+2 (Physics, Chemistry, Mathematics/Biology)",57733 per semester,12035,3397,4870,Active Training and Placement Cell,Strictly for registered final-year students,94% in 2023,8.0 Lakh Per Annum,31.6 Lakh Per Annum,3.7 Lakh Per Annum,"TCS, Infosys, Wipro, Cognizant, Amazon, Microsoft",Minimum 6.0 CGPA with no active backlogs,Mandatory 6-week summer internship,Stipend based on company selection,"Yes, across major city routes",32377,Over 15 designated routes,7:30 AM to 5:30 PM,Central Air-Conditioned Library,"Reading Room, Reference Section, Digital Access",241600,Available with remote access,"IEEE, Springer, ScienceDirect",8:00 AM to 8:00 PM,"Yes, for Boys and Girls",Available with 500+ capacity,Available with 300+ capacity,62361,39237,9:30 PM,Prior permission from Warden required,Strict anti-ragging policies enforced,"Yes, indoor and outdoor facilities","Football ground, Cricket pitch, Basketball courts","Table Tennis, Badminton, Chess","Football, Cricket, Volleyball, Athletics",Well-equipped modern gymnasium,Semester System (CBCS),Minimum 75% attendance mandatory,25% weightage,75% weightage,Minimum 40% aggregate required to pass,Conducted within 1 month of result declaration,Available for a maximum of 3 subjects,Maximum 4 backlogs allowed to promote to next year,Merit-based and Category-based scholarships available,Dedicated Student Counselling Centre,"Technical, Cultural, and Sports Clubs",Anti-Ragging Squad and Grievance Cell,End-semester anonymous feedback system,4.3/5,4.2/5,4.0/5,4.1/5,4.3/5,4.3/5,4.5/5
UNI258,National Institute of Technology Kurukshetra,Haryana,http://www.nitkkr.net/,1961,UGC Recognized,NAAC 'A' Grade,63,"Engineering: Computer Science (CSE), Civil, Mechanical, ICT","B.Tech CSE, MBA Finance, B.Sc","Computer Science, Mechanical Engineering, Civil Engineering, Management Studies, Applied Sciences","Minimum 60% aggregate in 10+2 (Physics, Chemistry, Mathematics/Biology)",147048 per semester,12070,3965,2077,Active Training and Placement Cell,Strictly for registered final-year students,88% in 2023,12.0 Lakh Per Annum,37.6 Lakh Per Annum,2.7 Lakh Per Annum,"TCS, Infosys, Wipro, Cognizant, Amazon, Microsoft",Minimum 6.0 CGPA with no active backlogs,Mandatory 6-week summer internship,Stipend based on company selection,"Yes, across major city routes",21546,Over 15 designated routes,7:30 AM to 5:30 PM,Central Air-Conditioned Library,"Reading Room, Reference Section, Digital Access",162646,Available with remote access,"IEEE, Springer, ScienceDirect",8:00 AM to 8:00 PM,"Yes, for Boys and Girls",Available with 500+ capacity,Available with 300+ capacity,83693,36901,9:30 PM,Prior permission from Warden required,Strict anti-ragging policies enforced,"Yes, indoor and outdoor facilities","Football ground, Cricket pitch, Basketball courts","Table Tennis, Badminton, Chess","Football, Cricket, Volleyball, Athletics",Well-equipped modern gymnasium,Semester System (CBCS),Minimum 75% attendance mandatory,25% weightage,75% weightage,Minimum 40% aggregate required to pass,Conducted within 1 month of result declaration,Available for a maximum of 3 subjects,Maximum 4 backlogs allowed to promote to next year,Merit-based and Category-based scholarships available,Dedicated Student Counselling Centre,"Technical, Cultural, and Sports Clubs",Anti-Ragging Squad and Grievance Cell,End-semester anonymous feedback system,4.1/5,3.8/5,4.2/5,4.1/5,4.4/5,4.2/5,4.1/5
UNI259,National Institute of Technology Manipur,Manipur,http://www.nitmanipur.ac.in/,1969,UGC Recognized,NAAC 'A' Grade,120,"Engineering: Computer Science (CSE), Civil, Mechanical, ICT","B.Tech CSE, MBA Finance, B.Sc","Computer Science, Mechanical Engineering, Civil Engineering, Management Studies, Applied Sciences","Minimum 60% aggregate in 10+2 (Physics, Chemistry, Mathematics/Biology)",141877 per semester,16889,3701,8157,Active Training and Placement Cell,Strictly for registered final-year students,93% in 2023,11.4 Lakh Per Annum,43.6 Lakh Per Annum,3.4 Lakh Per Annum,"TCS, Infosys, Wipro, Cognizant, Amazon, Microsoft",Minimum 6.0 CGPA with no active backlogs,Mandatory 6-week summer internship,Stipend based on company selection,"Yes, across major city routes",23499,Over 15 designated routes,7:30 AM to 5:30 PM,Central Air-Conditioned Library,"Reading Room, Reference Section, Digital Access",83851,Available with remote access,"IEEE, Springer, ScienceDirect",8:00 AM to 8:00 PM,"Yes, for Boys and Girls",Available with 500+ capacity,Available with 300+ capacity,75261,40897,9:30 PM,Prior permission from Warden required,Strict anti-ragging policies enforced,"Yes, indoor and outdoor facilities","Football ground, Cricket pitch, Basketball courts","Table Tennis, Badminton, Chess","Football, Cricket, Volleyball, Athletics",Well-equipped modern gymnasium,Semester System (CBCS),Minimum 75% attendance mandatory,25% weightage,75% weightage,Minimum 40% aggregate required to pass,Conducted within 1 month of result declaration,Available for a maximum of 3 subjects,Maximum 4 backlogs allowed to promote to next year,Merit-based and Category-based scholarships available,Dedicated Student Counselling Centre,"Technical, Cultural, and Sports Clubs",Anti-Ragging Squad and Grievance Cell,End-semester anonymous feedback system,4.4/5,4.0/5,3.8/5,3.8/5,4.5/5,4.7/5,4.6/5
UNI260,National Institute of Technology Meghalaya,Meghalaya,http://www.nitm.ac.in/,2010,UGC Recognized,NAAC 'A' Grade,37,"Engineering: Computer Science (CSE), Civil, Mechanical, ICT","B.Tech CSE, MBA Finance, B.Sc","Computer Science, Mechanical Engineering, Civil Engineering, Management Studies, Applied Sciences","Minimum 60% aggregate in 10+2 (Physics, Chemistry, Mathematics/Biology)",120882 per semester,13314,2583,5584,Active Training and Placement Cell,Strictly for registered final-year students,96% in 2023,12.1 Lakh Per Annum,36.4 Lakh Per Annum,2.6 Lakh Per Annum,"TCS, Infosys, Wipro, Cognizant, Amazon, Microsoft",Minimum 6.0 CGPA with no active backlogs,Mandatory 6-week summer internship,Stipend based on company selection,"Yes, across major city routes",25313,Over 15 designated routes,7:30 AM to 5:30 PM,Central Air-Conditioned Library,"Reading Room, Reference Section, Digital Access",131863,Available with remote access,"IEEE, Springer, ScienceDirect",8:00 AM to 8:00 PM,"Yes, for Boys and Girls",Available with 500+ capacity,Available with 300+ capacity,84022,31188,9:30 PM,Prior permission from Warden required,Strict anti-ragging policies enforced,"Yes, indoor and outdoor facilities","Football ground, Cricket pitch, Basketball courts","Table Tennis, Badminton, Chess","Football, Cricket, Volleyball, Athletics",Well-equipped modern gymnasium,Semester System (CBCS),Minimum 75% attendance mandatory,25% weightage,75% weightage,Minimum 40% aggregate required to pass,Conducted within 1 month of result declaration,Available for a maximum of 3 subjects,Maximum 4 backlogs allowed to promote to next year,Merit-based and Category-based scholarships available,Dedicated Student Counselling Centre,"Technical, Cultural, and Sports Clubs",Anti-Ragging Squad and Grievance Cell,End-semester anonymous feedback system,4.8/5,4.4/5,4.4/5,4.5/5,4.4/5,4.2/5,4.1/5
UNI261,National Institute of Technology Mizoram,Mizoram,http://www.nitmz.ac.in/,2009,UGC Recognized,NAAC 'A' Grade,91,"Engineering: Computer Science (CSE), Civil, Mechanical, ICT","B.Tech CSE, MBA Finance, B.Sc","Computer Science, Mechanical Engineering, Civil Engineering, Management Studies, Applied Sciences","Minimum 60% aggregate in 10+2 (Physics, Chemistry, Mathematics/Biology)",51311 per semester,11655,2303,9786,Active Training and Placement Cell,Strictly for registered final-year students,90% in 2023,4.4 Lakh Per Annum,44.4 Lakh Per Annum,3.2 Lakh Per Annum,"TCS, Infosys, Wipro, Cognizant, Amazon, Microsoft",Minimum 6.0 CGPA with no active backlogs,Mandatory 6-week summer internship,Stipend based on company selection,"Yes, across major city routes",29803,Over 15 designated routes,7:30 AM to 5:30 PM,Central Air-Conditioned Library,"Reading Room, Reference Section, Digital Access",224490,Available with remote access,"IEEE, Springer, ScienceDirect",8:00 AM to 8:00 PM,"Yes, for Boys and Girls",Available with 500+ capacity,Available with 300+ capacity,81559,44064,9:30 PM,Prior permission from Warden required,Strict anti-ragging policies enforced,"Yes, indoor and outdoor facilities","Football ground, Cricket pitch, Basketball courts","Table Tennis, Badminton, Chess","Football, Cricket, Volleyball, Athletics",Well-equipped modern gymnasium,Semester System (CBCS),Minimum 75% attendance mandatory,25% weightage,75% weightage,Minimum 40% aggregate required to pass,Conducted within 1 month of result declaration,Available for a maximum of 3 subjects,Maximum 4 backlogs allowed to promote to next year,Merit-based and Category-based scholarships available,Dedicated Student Counselling Centre,"Technical, Cultural, and Sports Clubs",Anti-Ragging Squad and Grievance Cell,End-semester anonymous feedback system,4.4/5,4.3/5,3.7/5,4.3/5,4.4/5,4.7/5,4.7/5
UNI262,National Institute of Technology Nagaland,Nagaland,http://www.nitnagaland.ac.in/,1970,UGC Recognized,NAAC 'A' Grade,39,"Engineering: Computer Science (CSE), Civil, Mechanical, ICT","B.Tech CSE, MBA Finance, B.Sc","Computer Science, Mechanical Engineering, Civil Engineering, Management Studies, Applied Sciences","Minimum 60% aggregate in 10+2 (Physics, Chemistry, Mathematics/Biology)",147504 per semester,18985,3923,8849,Active Training and Placement Cell,Strictly for registered final-year students,80% in 2023,9.9 Lakh Per Annum,16.7 Lakh Per Annum,2.5 Lakh Per Annum,"TCS, Infosys, Wipro, Cognizant, Amazon, Microsoft",Minimum 6.0 CGPA with no active backlogs,Mandatory 6-week summer internship,Stipend based on company selection,"Yes, across major city routes",24356,Over 15 designated routes,7:30 AM to 5:30 PM,Central Air-Conditioned Library,"Reading Room, Reference Section, Digital Access",83002,Available with remote access,"IEEE, Springer, ScienceDirect",8:00 AM to 8:00 PM,"Yes, for Boys and Girls",Available with 500+ capacity,Available with 300+ capacity,57037,38756,9:30 PM,Prior permission from Warden required,Strict anti-ragging policies enforced,"Yes, indoor and outdoor facilities","Football ground, Cricket pitch, Basketball courts","Table Tennis, Badminton, Chess","Football, Cricket, Volleyball, Athletics",Well-equipped modern gymnasium,Semester System (CBCS),Minimum 75% attendance mandatory,25% weightage,75% weightage,Minimum 40% aggregate required to pass,Conducted within 1 month of result declaration,Available for a maximum of 3 subjects,Maximum 4 backlogs allowed to promote to next year,Merit-based and Category-based scholarships available,Dedicated Student Counselling Centre,"Technical, Cultural, and Sports Clubs",Anti-Ragging Squad and Grievance Cell,End-semester anonymous feedback system,4.3/5,4.1/5,3.8/5,4.2/5,4.7/5,4.3/5,4.1/5
UNI263,National Institute of Technology Patna,Bihar,http://www.nitp.ac.in/,1886,UGC Recognized,NAAC 'A' Grade,69,"Engineering: Computer Science (CSE), Civil, Mechanical, ICT","B.Tech CSE, MBA Finance, B.Sc","Computer Science, Mechanical Engineering, Civil Engineering, Management Studies, Applied Sciences","Minimum 60% aggregate in 10+2 (Physics, Chemistry, Mathematics/Biology)",137620 per semester,11192,3494,3894,Active Training and Placement Cell,Strictly for registered final-year students,89% in 2023,11.6 Lakh Per Annum,44.9 Lakh Per Annum,3.0 Lakh Per Annum,"TCS, Infosys, Wipro, Cognizant, Amazon, Microsoft",Minimum 6.0 CGPA with no active backlogs,Mandatory 6-week summer internship,Stipend based on company selection,"Yes, across major city routes",23258,Over 15 designated routes,7:30 AM to 5:30 PM,Central Air-Conditioned Library,"Reading Room, Reference Section, Digital Access",199916,Available with remote access,"IEEE, Springer, ScienceDirect",8:00 AM to 8:00 PM,"Yes, for Boys and Girls",Available with 500+ capacity,Available with 300+ capacity,78104,25024,9:30 PM,Prior permission from Warden required,Strict anti-ragging policies enforced,"Yes, indoor and outdoor facilities","Football ground, Cricket pitch, Basketball courts","Table Tennis, Badminton, Chess","Football, Cricket, Volleyball, Athletics",Well-equipped modern gymnasium,Semester System (CBCS),Minimum 75% attendance mandatory,25% weightage,75% weightage,Minimum 40% aggregate required to pass,Conducted within 1 month of result declaration,Available for a maximum of 3 subjects,Maximum 4 backlogs allowed to promote to next year,Merit-based and Category-based scholarships available,Dedicated Student Counselling Centre,"Technical, Cultural, and Sports Clubs",Anti-Ragging Squad and Grievance Cell,End-semester anonymous feedback system,4.2/5,4.0/5,3.6/5,4.5/5,4.8/5,4.5/5,4.5/5
UNI264,National Institute of Technology Puducherry,Puducherry,http://www.nitpy.ac.in/,1950,UGC Recognized,NAAC 'A' Grade,51,"Engineering: Computer Science (CSE), Civil, Mechanical, ICT","B.Tech CSE, MBA Finance, B.Sc","Computer Science, Mechanical Engineering, Civil Engineering, Management Studies, Applied Sciences","Minimum 60% aggregate in 10+2 (Physics, Chemistry, Mathematics/Biology)",132248 per semester,22968,2553,8060,Active Training and Placement Cell,Strictly for registered final-year students,91% in 2023,10.2 Lakh Per Annum,26.3 Lakh Per Annum,3.2 Lakh Per Annum,"TCS, Infosys, Wipro, Cognizant, Amazon, Microsoft",Minimum 6.0 CGPA with no active backlogs,Mandatory 6-week summer internship,Stipend based on company selection,"Yes, across major city routes",23505,Over 15 designated routes,7:30 AM to 5:30 PM,Central Air-Conditioned Library,"Reading Room, Reference Section, Digital Access",64529,Available with remote access,"IEEE, Springer, ScienceDirect",8:00 AM to 8:00 PM,"Yes, for Boys and Girls",Available with 500+ capacity,Available with 300+ capacity,51081,27971,9:30 PM,Prior permission from Warden required,Strict anti-ragging policies enforced,"Yes, indoor and outdoor facilities","Football ground, Cricket pitch, Basketball courts","Table Tennis, Badminton, Chess","Football, Cricket, Volleyball, Athletics",Well-equipped modern gymnasium,Semester System (CBCS),Minimum 75% attendance mandatory,25% weightage,75% weightage,Minimum 40% aggregate required to pass,Conducted within 1 month of result declaration,Available for a maximum of 3 subjects,Maximum 4 backlogs allowed to promote to next year,Merit-based and Category-based scholarships available,Dedicated Student Counselling Centre,"Technical, Cultural, and Sports Clubs",Anti-Ragging Squad and Grievance Cell,End-semester anonymous feedback system,4.7/5,4.1/5,3.5/5,4.1/5,4.8/5,4.3/5,4.6/5
UNI265,National Institute of Technology Raipur,Chhattisgarh,http://www.nitrr.ac.in/,1942,UGC Recognized,NAAC 'A' Grade,17,"Engineering: Computer Science (CSE), Civil, Mechanical, ICT","B.Tech CSE, MBA Finance, B.Sc","Computer Science, Mechanical Engineering, Civil Engineering, Management Studies, Applied Sciences","Minimum 60% aggregate in 10+2 (Physics, Chemistry, Mathematics/Biology)",118383 per semester,11515,4150,2504,Active Training and Placement Cell,Strictly for registered final-year students,81% in 2023,7.8 Lakh Per Annum,35.8 Lakh Per Annum,2.8 Lakh Per Annum,"TCS, Infosys, Wipro, Cognizant, Amazon, Microsoft",Minimum 6.0 CGPA with no active backlogs,Mandatory 6-week summer internship,Stipend based on company selection,"Yes, across major city routes",31767,Over 15 designated routes,7:30 AM to 5:30 PM,Central Air-Conditioned Library,"Reading Room, Reference Section, Digital Access",150787,Available with remote access,"IEEE, Springer, ScienceDirect",8:00 AM to 8:00 PM,"Yes, for Boys and Girls",Available with 500+ capacity,Available with 300+ capacity,50918,30476,9:30 PM,Prior permission from Warden required,Strict anti-ragging policies enforced,"Yes, indoor and outdoor facilities","Football ground, Cricket pitch, Basketball courts","Table Tennis, Badminton, Chess","Football, Cricket, Volleyball, Athletics",Well-equipped modern gymnasium,Semester System (CBCS),Minimum 75% attendance mandatory,25% weightage,75% weightage,Minimum 40% aggregate required to pass,Conducted within 1 month of result declaration,Available for a maximum of 3 subjects,Maximum 4 backlogs allowed to promote to next year,Merit-based and Category-based scholarships available,Dedicated Student Counselling Centre,"Technical, Cultural, and Sports Clubs",Anti-Ragging Squad and Grievance Cell,End-semester anonymous feedback system,4.1/5,4.4/5,3.9/5,3.9/5,4.5/5,4.2/5,4.0/5
UNI266,National Institute of Technology Rourkela,Odisha,http://www.nitrkl.ac.in/,2006,UGC Recognized,NAAC 'A' Grade,109,"Engineering: Computer Science (CSE), Civil, Mechanical, ICT","B.Tech CSE, MBA Finance, B.Sc","Computer Science, Mechanical Engineering, Civil Engineering, Management Studies, Applied Sciences","Minimum 60% aggregate in 10+2 (Physics, Chemistry, Mathematics/Biology)",75439 per semester,9646,1995,2211,Active Training and Placement Cell,Strictly for registered final-year students,81% in 2023,8.9 Lakh Per Annum,28.4 Lakh Per Annum,3.2 Lakh Per Annum,"TCS, Infosys, Wipro, Cognizant, Amazon, Microsoft",Minimum 6.0 CGPA with no active backlogs,Mandatory 6-week summer internship,Stipend based on company selection,"Yes, across major city routes",20599,Over 15 designated routes,7:30 AM to 5:30 PM,Central Air-Conditioned Library,"Reading Room, Reference Section, Digital Access",134182,Available with remote access,"IEEE, Springer, ScienceDirect",8:00 AM to 8:00 PM,"Yes, for Boys and Girls",Available with 500+ capacity,Available with 300+ capacity,70982,25965,9:30 PM,Prior permission from Warden required,Strict anti-ragging policies enforced,"Yes, indoor and outdoor facilities","Football ground, Cricket pitch, Basketball courts","Table Tennis, Badminton, Chess","Football, Cricket, Volleyball, Athletics",Well-equipped modern gymnasium,Semester System (CBCS),Minimum 75% attendance mandatory,25% weightage,75% weightage,Minimum 40% aggregate required to pass,Conducted within 1 month of result declaration,Available for a maximum of 3 subjects,Maximum 4 backlogs allowed to promote to next year,Merit-based and Category-based scholarships available,Dedicated Student Counselling Centre,"Technical, Cultural, and Sports Clubs",Anti-Ragging Squad and Grievance Cell,End-semester anonymous feedback system,4.7/5,4.1/5,4.4/5,4.2/5,4.6/5,4.3/5,4.5/5
UNI267,National Institute of Technology Sikkim,Sikkim,http://www.nitsikkim.ac.in/,1977,UGC Recognized,NAAC 'A' Grade,94,"Engineering: Computer Science (CSE), Civil, Mechanical, ICT","B.Tech CSE, MBA Finance, B.Sc","Computer Science, Mechanical Engineering, Civil Engineering, Management Studies, Applied Sciences","Minimum 60% aggregate in 10+2 (Physics, Chemistry, Mathematics/Biology)",81183 per semester,24906,3737,2921,Active Training and Placement Cell,Strictly for registered final-year students,90% in 2023,5.2 Lakh Per Annum,28.5 Lakh Per Annum,2.8 Lakh Per Annum,"TCS, Infosys, Wipro, Cognizant, Amazon, Microsoft",Minimum 6.0 CGPA with no active backlogs,Mandatory 6-week summer internship,Stipend based on company selection,"Yes, across major city routes",15593,Over 15 designated routes,7:30 AM to 5:30 PM,Central Air-Conditioned Library,"Reading Room, Reference Section, Digital Access",130298,Available with remote access,"IEEE, Springer, ScienceDirect",8:00 AM to 8:00 PM,"Yes, for Boys and Girls",Available with 500+ capacity,Available with 300+ capacity,73021,41163,9:30 PM,Prior permission from Warden required,Strict anti-ragging policies enforced,"Yes, indoor and outdoor facilities","Football ground, Cricket pitch, Basketball courts","Table Tennis, Badminton, Chess","Football, Cricket, Volleyball, Athletics",Well-equipped modern gymnasium,Semester System (CBCS),Minimum 75% attendance mandatory,25% weightage,75% weightage,Minimum 40% aggregate required to pass,Conducted within 1 month of result declaration,Available for a maximum of 3 subjects,Maximum 4 backlogs allowed to promote to next year,Merit-based and Category-based scholarships available,Dedicated Student Counselling Centre,"Technical, Cultural, and Sports Clubs",Anti-Ragging Squad and Grievance Cell,End-semester anonymous feedback system,4.7/5,4.3/5,4.4/5,3.9/5,4.8/5,4.7/5,4.2/5
UNI268,National Institute of Technology Silchar,Assam,http://www.nits.ac.in/,2026,UGC Recognized,NAAC 'A' Grade,118,"Engineering: Computer Science (CSE), Civil, Mechanical, ICT","B.Tech CSE, MBA Finance, B.Sc","Computer Science, Mechanical Engineering, Civil Engineering, Management Studies, Applied Sciences","Minimum 60% aggregate in 10+2 (Physics, Chemistry, Mathematics/Biology)",2026 per semester,2026,3783,8988,Active Training and Placement Cell,Strictly for registered final-year students,76% in 2023,7.0 Lakh Per Annum,23.3 Lakh Per Annum,3.8 Lakh Per Annum,"TCS, Infosys, Wipro, Cognizant, Amazon, Microsoft",Minimum 6.0 CGPA with no active backlogs,Mandatory 6-week summer internship,Stipend based on company selection,"Yes, across major city routes",23428,Over 15 designated routes,7:30 AM to 5:30 PM,Central Air-Conditioned Library,"Reading Room, Reference Section, Digital Access",128845,Available with remote access,"IEEE, Springer, ScienceDirect",8:00 AM to 8:00 PM,"Yes, for Boys and Girls",Available with 500+ capacity,Available with 300+ capacity,2026,2026,9:30 PM,Prior permission from Warden required,Strict anti-ragging policies enforced,"Yes, indoor and outdoor facilities","Football ground, Cricket pitch, Basketball courts","Table Tennis, Badminton, Chess","Football, Cricket, Volleyball, Athletics",Well-equipped modern gymnasium,Semester System (CBCS),Minimum 75% attendance mandatory,25% weightage,75% weightage,Minimum 40% aggregate required to pass,Conducted within 1 month of result declaration,Available for a maximum of 3 subjects,Maximum 4 backlogs allowed to promote to next year,Merit-based and Category-based scholarships available,Dedicated Student Counselling Centre,"Technical, Cultural, and Sports Clubs",Anti-Ragging Squad and Grievance Cell,End-semester anonymous feedback system,4.4/5,4.1/5,4.1/5,4.2/5,4.4/5,4.3/5,4.1/5
UNI269,National Institute of Technology Srinagar,Jammu and Kashmir,http://www.nitsri.net/,1961,UGC Recognized,NAAC 'A' Grade,69,"Engineering: Computer Science (CSE), Civil, Mechanical, ICT","B.Tech CSE, MBA Finance, B.Sc","Computer Science, Mechanical Engineering, Civil Engineering, Management Studies, Applied Sciences","Minimum 60% aggregate in 10+2 (Physics, Chemistry, Mathematics/Biology)",116611 per semester,23796,3215,2342,Active Training and Placement Cell,Strictly for registered final-year students,75% in 2023,6.1 Lakh Per Annum,25.7 Lakh Per Annum,4.0 Lakh Per Annum,"TCS, Infosys, Wipro, Cognizant, Amazon, Microsoft",Minimum 6.0 CGPA with no active backlogs,Mandatory 6-week summer internship,Stipend based on company selection,"Yes, across major city routes",16458,Over 15 designated routes,7:30 AM to 5:30 PM,Central Air-Conditioned Library,"Reading Room, Reference Section, Digital Access",232038,Available with remote access,"IEEE, Springer, ScienceDirect",8:00 AM to 8:00 PM,"Yes, for Boys and Girls",Available with 500+ capacity,Available with 300+ capacity,80795,32715,9:30 PM,Prior permission from Warden required,Strict anti-ragging policies enforced,"Yes, indoor and outdoor facilities","Football ground, Cricket pitch, Basketball courts","Table Tennis, Badminton, Chess","Football, Cricket, Volleyball, Athletics",Well-equipped modern gymnasium,Semester System (CBCS),Minimum 75% attendance mandatory,25% weightage,75% weightage,Minimum 40% aggregate required to pass,Conducted within 1 month of result declaration,Available for a maximum of 3 subjects,Maximum 4 backlogs allowed to promote to next year,Merit-based and Category-based scholarships available,Dedicated Student Counselling Centre,"Technical, Cultural, and Sports Clubs",Anti-Ragging Squad and Grievance Cell,End-semester anonymous feedback system,4.6/5,3.9/5,4.2/5,4.1/5,4.2/5,4.7/5,4.3/5
UNI270,National Institute of Technology Surathkal,Karnataka,http://www.nitk.ac.in/,1956,UGC Recognized,NAAC 'A' Grade,132,"Engineering: Computer Science (CSE), Civil, Mechanical, ICT","B.Tech CSE, MBA Finance, B.Sc","Computer Science, Mechanical Engineering, Civil Engineering, Management Studies, Applied Sciences","Minimum 60% aggregate in 10+2 (Physics, Chemistry, Mathematics/Biology)",120474 per semester,21920,2907,2755,Active Training and Placement Cell,Strictly for registered final-year students,99% in 2023,12.5 Lakh Per Annum,33.5 Lakh Per Annum,3.1 Lakh Per Annum,"TCS, Infosys, Wipro, Cognizant, Amazon, Microsoft",Minimum 6.0 CGPA with no active backlogs,Mandatory 6-week summer internship,Stipend based on company selection,"Yes, across major city routes",22905,Over 15 designated routes,7:30 AM to 5:30 PM,Central Air-Conditioned Library,"Reading Room, Reference Section, Digital Access",124902,Available with remote access,"IEEE, Springer, ScienceDirect",8:00 AM to 8:00 PM,"Yes, for Boys and Girls",Available with 500+ capacity,Available with 300+ capacity,2020,32370,9:30 PM,Prior permission from Warden required,Strict anti-ragging policies enforced,"Yes, indoor and outdoor facilities","Football ground, Cricket pitch, Basketball courts","Table Tennis, Badminton, Chess","Football, Cricket, Volleyball, Athletics",Well-equipped modern gymnasium,Semester System (CBCS),Minimum 75% attendance mandatory,25% weightage,75% weightage,Minimum 40% aggregate required to pass,Conducted within 1 month of result declaration,Available for a maximum of 3 subjects,Maximum 4 backlogs allowed to promote to next year,Merit-based and Category-based scholarships available,Dedicated Student Counselling Centre,"Technical, Cultural, and Sports Clubs",Anti-Ragging Squad and Grievance Cell,End-semester anonymous feedback system,4.3/5,3.9/5,3.8/5,4.5/5,4.5/5,4.4/5,4.7/5
UNI271,National Institute of Technology Trichy,Tamil Nadu,http://www.nitt.edu/,1951,UGC Recognized,NAAC 'A' Grade,115,"Engineering: Computer Science (CSE), Civil, Mechanical, ICT","B.Tech CSE, MBA Finance, B.Sc","Computer Science, Mechanical Engineering, Civil Engineering, Management Studies, Applied Sciences","Minimum 60% aggregate in 10+2 (Physics, Chemistry, Mathematics/Biology)",108026 per semester,15882,4504,4882,Active Training and Placement Cell,Strictly for registered final-year students,98% in 2023,8.7 Lakh Per Annum,20.9 Lakh Per Annum,2.7 Lakh Per Annum,"TCS, Infosys, Wipro, Cognizant, Amazon, Microsoft",Minimum 6.0 CGPA with no active backlogs,Mandatory 6-week summer internship,Stipend based on company selection,"Yes, across major city routes",27430,Over 15 designated routes,7:30 AM to 5:30 PM,Central Air-Conditioned Library,"Reading Room, Reference Section, Digital Access",220995,Available with remote access,"IEEE, Springer, ScienceDirect",8:00 AM to 8:00 PM,"Yes, for Boys and Girls",Available with 500+ capacity,Available with 300+ capacity,2026,43398,9:30 PM,Prior permission from Warden required,Strict anti-ragging policies enforced,"Yes, indoor and outdoor facilities","Football ground, Cricket pitch, Basketball courts","Table Tennis, Badminton, Chess","Football, Cricket, Volleyball, Athletics",Well-equipped modern gymnasium,Semester System (CBCS),Minimum 75% attendance mandatory,25% weightage,75% weightage,Minimum 40% aggregate required to pass,Conducted within 1 month of result declaration,Available for a maximum of 3 subjects,Maximum 4 backlogs allowed to promote to next year,Merit-based and Category-based scholarships available,Dedicated Student Counselling Centre,"Technical, Cultural, and Sports Clubs",Anti-Ragging Squad and Grievance Cell,End-semester anonymous feedback system,4.8/5,4.5/5,3.5/5,4.1/5,4.3/5,4.2/5,4.3/5
UNI272,National Institute of Technology Uttarakhand,Uttarakhand,http://www.nituk.ac.in/,2026,UGC Recognized,NAAC 'A' Grade,33,"Engineering: Computer Science (CSE), Civil, Mechanical, ICT","B.Tech CSE, MBA Finance, B.Sc","Computer Science, Mechanical Engineering, Civil Engineering, Management Studies, Applied Sciences","Minimum 60% aggregate in 10+2 (Physics, Chemistry, Mathematics/Biology)",98469 per semester,2026,4543,2534,Active Training and Placement Cell,Strictly for registered final-year students,84% in 2023,11.8 Lakh Per Annum,32 Lakh Per Annum,3.8 Lakh Per Annum,"TCS, Infosys, Wipro, Cognizant, Amazon, Microsoft",Minimum 6.0 CGPA with no active backlogs,Mandatory 6-week summer internship,Stipend based on company selection,"Yes, across major city routes",24099,Over 15 designated routes,7:30 AM to 5:30 PM,Central Air-Conditioned Library,"Reading Room, Reference Section, Digital Access",221160,Available with remote access,"IEEE, Springer, ScienceDirect",8:00 AM to 8:00 PM,"Yes, for Boys and Girls",Available with 500+ capacity,Available with 300+ capacity,67497,35361,9:30 PM,Prior permission from Warden required,Strict anti-ragging policies enforced,"Yes, indoor and outdoor facilities","Football ground, Cricket pitch, Basketball courts","Table Tennis, Badminton, Chess","Football, Cricket, Volleyball, Athletics",Well-equipped modern gymnasium,Semester System (CBCS),Minimum 75% attendance mandatory,25% weightage,75% weightage,Minimum 40% aggregate required to pass,Conducted within 1 month of result declaration,Available for a maximum of 3 subjects,Maximum 4 backlogs allowed to promote to next year,Merit-based and Category-based scholarships available,Dedicated Student Counselling Centre,"Technical, Cultural, and Sports Clubs",Anti-Ragging Squad and Grievance Cell,End-semester anonymous feedback system,4.3/5,3.8/5,3.5/5,4.2/5,4.3/5,4.3/5,4.2/5
UNI273,National Institute of Technology Warangal,Telangana,http://www.nitw.ernet.in/,1948,UGC Recognized,NAAC 'A' Grade,34,"Engineering: Computer Science (CSE), Civil, Mechanical, ICT","B.Tech CSE, MBA Finance, B.Sc","Computer Science, Mechanical Engineering, Civil Engineering, Management Studies, Applied Sciences","Minimum 60% aggregate in 10+2 (Physics, Chemistry, Mathematics/Biology)",46342 per semester,20813,2298,8851,Active Training and Placement Cell,Strictly for registered final-year students,88% in 2023,4.5 Lakh Per Annum,25.5 Lakh Per Annum,2.9 Lakh Per Annum,"TCS, Infosys, Wipro, Cognizant, Amazon, Microsoft",Minimum 6.0 CGPA with no active backlogs,Mandatory 6-week summer internship,Stipend based on company selection,"Yes, across major city routes",34487,Over 15 designated routes,7:30 AM to 5:30 PM,Central Air-Conditioned Library,"Reading Room, Reference Section, Digital Access",234090,Available with remote access,"IEEE, Springer, ScienceDirect",8:00 AM to 8:00 PM,"Yes, for Boys and Girls",Available with 500+ capacity,Available with 300+ capacity,54610,30848,9:30 PM,Prior permission from Warden required,Strict anti-ragging policies enforced,"Yes, indoor and outdoor facilities","Football ground, Cricket pitch, Basketball courts","Table Tennis, Badminton, Chess","Football, Cricket, Volleyball, Athletics",Well-equipped modern gymnasium,Semester System (CBCS),Minimum 75% attendance mandatory,25% weightage,75% weightage,Minimum 40% aggregate required to pass,Conducted within 1 month of result declaration,Available for a maximum of 3 subjects,Maximum 4 backlogs allowed to promote to next year,Merit-based and Category-based scholarships available,Dedicated Student Counselling Centre,"Technical, Cultural, and Sports Clubs",Anti-Ragging Squad and Grievance Cell,End-semester anonymous feedback system,4.1/5,3.8/5,3.6/5,4.2/5,4.8/5,4.4/5,4.4/5
UNI274,National Law School of India University,nan,http://www.nls.ac.in/,1990,UGC Recognized,NAAC 'A' Grade,131,"Engineering: CSE, Mechanical | Management: MBA, BBA | Science: B.Sc, M.Sc","B.Tech CSE, MBA Finance, B.Sc","Computer Science, Mechanical Engineering, Civil Engineering, Management Studies, Applied Sciences","Minimum 60% aggregate in 10+2 (Physics, Chemistry, Mathematics/Biology)",87449 per semester,19235,2405,7382,Active Training and Placement Cell,Strictly for registered final-year students,93% in 2023,9.7 Lakh Per Annum,39.9 Lakh Per Annum,3.1 Lakh Per Annum,"TCS, Infosys, Wipro, Cognizant, Amazon, Microsoft",Minimum 6.0 CGPA with no active backlogs,Mandatory 6-week summer internship,Stipend based on company selection,"Yes, across major city routes",15918,Over 15 designated routes,7:30 AM to 5:30 PM,Central Air-Conditioned Library,"Reading Room, Reference Section, Digital Access",63475,Available with remote access,"IEEE, Springer, ScienceDirect",8:00 AM to 8:00 PM,"Yes, for Boys and Girls",Available with 500+ capacity,Available with 300+ capacity,72442,26766,9:30 PM,Prior permission from Warden required,Strict anti-ragging policies enforced,"Yes, indoor and outdoor facilities","Football ground, Cricket pitch, Basketball courts","Table Tennis, Badminton, Chess","Football, Cricket, Volleyball, Athletics",Well-equipped modern gymnasium,Semester System (CBCS),Minimum 75% attendance mandatory,25% weightage,75% weightage,Minimum 40% aggregate required to pass,Conducted within 1 month of result declaration,Available for a maximum of 3 subjects,Maximum 4 backlogs allowed to promote to next year,Merit-based and Category-based scholarships available,Dedicated Student Counselling Centre,"Technical, Cultural, and Sports Clubs",Anti-Ragging Squad and Grievance Cell,End-semester anonymous feedback system,4.6/5,4.1/5,4.5/5,4.3/5,4.4/5,4.4/5,4.2/5
UNI275,Narsee Monjee Institute of Management Studies,nan,http://www.nmims.edu/,1976,UGC Recognized,NAAC 'A' Grade,52,"Management: MBA (Finance, Marketing, HR), BBA","B.Tech CSE, MBA Finance, B.Sc","Computer Science, Mechanical Engineering, Civil Engineering, Management Studies, Applied Sciences","Minimum 60% aggregate in 10+2 (Physics, Chemistry, Mathematics/Biology)",125818 per semester,14745,4066,5650,Active Training and Placement Cell,Strictly for registered final-year students,77% in 2023,6.7 Lakh Per Annum,31.0 Lakh Per Annum,3.5 Lakh Per Annum,"TCS, Infosys, Wipro, Cognizant, Amazon, Microsoft",Minimum 6.0 CGPA with no active backlogs,Mandatory 6-week summer internship,Stipend based on company selection,"Yes, across major city routes",31097,Over 15 designated routes,7:30 AM to 5:30 PM,Central Air-Conditioned Library,"Reading Room, Reference Section, Digital Access",50513,Available with remote access,"IEEE, Springer, ScienceDirect",8:00 AM to 8:00 PM,"Yes, for Boys and Girls",Available with 500+ capacity,Available with 300+ capacity,45763,39724,9:30 PM,Prior permission from Warden required,Strict anti-ragging policies enforced,"Yes, indoor and outdoor facilities","Football ground, Cricket pitch, Basketball courts","Table Tennis, Badminton, Chess","Football, Cricket, Volleyball, Athletics",Well-equipped modern gymnasium,Semester System (CBCS),Minimum 75% attendance mandatory,25% weightage,75% weightage,Minimum 40% aggregate required to pass,Conducted within 1 month of result declaration,Available for a maximum of 3 subjects,Maximum 4 backlogs allowed to promote to next year,Merit-based and Category-based scholarships available,Dedicated Student Counselling Centre,"Technical, Cultural, and Sports Clubs",Anti-Ragging Squad and Grievance Cell,End-semester anonymous feedback system,4.6/5,4.6/5,3.8/5,4.5/5,4.8/5,4.3/5,4.5/5
UNI276,North Maharashtra University,Maharashtra,http://www.nmu.ac.in/,1983,UGC Recognized,NAAC 'A' Grade,142,"Engineering: CSE, Mechanical | Management: MBA, BBA | Science: B.Sc, M.Sc","B.Tech CSE, MBA Finance, B.Sc","Computer Science, Mechanical Engineering, Civil Engineering, Management Studies, Applied Sciences","Minimum 60% aggregate in 10+2 (Physics, Chemistry, Mathematics/Biology)",115663 per semester,18320,3898,3429,Active Training and Placement Cell,Strictly for registered final-year students,78% in 2023,8.7 Lakh Per Annum,26.2 Lakh Per Annum,3.8 Lakh Per Annum,"TCS, Infosys, Wipro, Cognizant, Amazon, Microsoft",Minimum 6.0 CGPA with no active backlogs,Mandatory 6-week summer internship,Stipend based on company selection,"Yes, across major city routes",21441,Over 15 designated routes,7:30 AM to 5:30 PM,Central Air-Conditioned Library,"Reading Room, Reference Section, Digital Access",191158,Available with remote access,"IEEE, Springer, ScienceDirect",8:00 AM to 8:00 PM,"Yes, for Boys and Girls",Available with 500+ capacity,Available with 300+ capacity,58907,36404,9:30 PM,Prior permission from Warden required,Strict anti-ragging policies enforced,"Yes, indoor and outdoor facilities","Football ground, Cricket pitch, Basketball courts","Table Tennis, Badminton, Chess","Football, Cricket, Volleyball, Athletics",Well-equipped modern gymnasium,Semester System (CBCS),Minimum 75% attendance mandatory,25% weightage,75% weightage,Minimum 40% aggregate required to pass,Conducted within 1 month of result declaration,Available for a maximum of 3 subjects,Maximum 4 backlogs allowed to promote to next year,Merit-based and Category-based scholarships available,Dedicated Student Counselling Centre,"Technical, Cultural, and Sports Clubs",Anti-Ragging Squad and Grievance Cell,End-semester anonymous feedback system,4.7/5,4.0/5,3.7/5,4.1/5,4.9/5,4.8/5,4.6/5
UNI277,Netaji Subhas University of Technology,Delhi,http://www.nsut.ac.in/,1961,UGC Recognized,NAAC 'A' Grade,139,"Engineering: Computer Science (CSE), Civil, Mechanical, ICT","B.Tech CSE, MBA Finance, B.Sc","Computer Science, Mechanical Engineering, Civil Engineering, Management Studies, Applied Sciences","Minimum 60% aggregate in 10+2 (Physics, Chemistry, Mathematics/Biology)",123587 per semester,16304,4641,3889,Active Training and Placement Cell,Strictly for registered final-year students,84% in 2023,8.8 Lakh Per Annum,29.5 Lakh Per Annum,2.6 Lakh Per Annum,"TCS, Infosys, Wipro, Cognizant, Amazon, Microsoft",Minimum 6.0 CGPA with no active backlogs,Mandatory 6-week summer internship,Stipend based on company selection,"Yes, across major city routes",29413,Over 15 designated routes,7:30 AM to 5:30 PM,Central Air-Conditioned Library,"Reading Room, Reference Section, Digital Access",205087,Available with remote access,"IEEE, Springer, ScienceDirect",8:00 AM to 8:00 PM,"Yes, for Boys and Girls",Available with 500+ capacity,Available with 300+ capacity,51013,35830,9:30 PM,Prior permission from Warden required,Strict anti-ragging policies enforced,"Yes, indoor and outdoor facilities","Football ground, Cricket pitch, Basketball courts","Table Tennis, Badminton, Chess","Football, Cricket, Volleyball, Athletics",Well-equipped modern gymnasium,Semester System (CBCS),Minimum 75% attendance mandatory,25% weightage,75% weightage,Minimum 40% aggregate required to pass,Conducted within 1 month of result declaration,Available for a maximum of 3 subjects,Maximum 4 backlogs allowed to promote to next year,Merit-based and Category-based scholarships available,Dedicated Student Counselling Centre,"Technical, Cultural, and Sports Clubs",Anti-Ragging Squad and Grievance Cell,End-semester anonymous feedback system,4.8/5,4.4/5,3.9/5,4.0/5,4.9/5,4.8/5,4.7/5
UNI278,Osmania University,nan,http://www.osmania.ac.in/,1962,UGC Recognized,NAAC 'A' Grade,104,"Engineering: CSE, Mechanical | Management: MBA, BBA | Science: B.Sc, M.Sc","B.Tech CSE, MBA Finance, B.Sc","Computer Science, Mechanical Engineering, Civil Engineering, Management Studies, Applied Sciences","Minimum 60% aggregate in 10+2 (Physics, Chemistry, Mathematics/Biology)",41713 per semester,9631,3719,7425,Active Training and Placement Cell,Strictly for registered final-year students,96% in 2023,6.6 Lakh Per Annum,42.9 Lakh Per Annum,3.6 Lakh Per Annum,"TCS, Infosys, Wipro, Cognizant, Amazon, Microsoft",Minimum 6.0 CGPA with no active backlogs,Mandatory 6-week summer internship,Stipend based on company selection,"Yes, across major city routes",30329,Over 15 designated routes,7:30 AM to 5:30 PM,Central Air-Conditioned Library,"Reading Room, Reference Section, Digital Access",211373,Available with remote access,"IEEE, Springer, ScienceDirect",8:00 AM to 8:00 PM,"Yes, for Boys and Girls",Available with 500+ capacity,Available with 300+ capacity,48747,26994,9:30 PM,Prior permission from Warden required,Strict anti-ragging policies enforced,"Yes, indoor and outdoor facilities","Football ground, Cricket pitch, Basketball courts","Table Tennis, Badminton, Chess","Football, Cricket, Volleyball, Athletics",Well-equipped modern gymnasium,Semester System (CBCS),Minimum 75% attendance mandatory,25% weightage,75% weightage,Minimum 40% aggregate required to pass,Conducted within 1 month of result declaration,Available for a maximum of 3 subjects,Maximum 4 backlogs allowed to promote to next year,Merit-based and Category-based scholarships available,Dedicated Student Counselling Centre,"Technical, Cultural, and Sports Clubs",Anti-Ragging Squad and Grievance Cell,End-semester anonymous feedback system,4.5/5,4.2/5,3.6/5,4.5/5,4.9/5,4.6/5,4.8/5
UNI279,Sri Padmavati Women's University,nan,http://www.padmavatiwomen-univ.org/,1991,UGC Recognized,NAAC 'A' Grade,60,"Engineering: CSE, Mechanical | Management: MBA, BBA | Science: B.Sc, M.Sc","B.Tech CSE, MBA Finance, B.Sc","Computer Science, Mechanical Engineering, Civil Engineering, Management Studies, Applied Sciences","Minimum 60% aggregate in 10+2 (Physics, Chemistry, Mathematics/Biology)",124578 per semester,11403,1687,4823,Active Training and Placement Cell,Strictly for registered final-year students,98% in 2023,12.2 Lakh Per Annum,22.3 Lakh Per Annum,3.6 Lakh Per Annum,"TCS, Infosys, Wipro, Cognizant, Amazon, Microsoft",Minimum 6.0 CGPA with no active backlogs,Mandatory 6-week summer internship,Stipend based on company selection,"Yes, across major city routes",16178,Over 15 designated routes,7:30 AM to 5:30 PM,Central Air-Conditioned Library,"Reading Room, Reference Section, Digital Access",128030,Available with remote access,"IEEE, Springer, ScienceDirect",8:00 AM to 8:00 PM,"Yes, for Boys and Girls",Available with 500+ capacity,Available with 300+ capacity,55121,34356,9:30 PM,Prior permission from Warden required,Strict anti-ragging policies enforced,"Yes, indoor and outdoor facilities","Football ground, Cricket pitch, Basketball courts","Table Tennis, Badminton, Chess","Football, Cricket, Volleyball, Athletics",Well-equipped modern gymnasium,Semester System (CBCS),Minimum 75% attendance mandatory,25% weightage,75% weightage,Minimum 40% aggregate required to pass,Conducted within 1 month of result declaration,Available for a maximum of 3 subjects,Maximum 4 backlogs allowed to promote to next year,Merit-based and Category-based scholarships available,Dedicated Student Counselling Centre,"Technical, Cultural, and Sports Clubs",Anti-Ragging Squad and Grievance Cell,End-semester anonymous feedback system,4.8/5,4.6/5,4.4/5,4.1/5,4.9/5,4.2/5,4.5/5
UNI280,Pandit Deendayal Energy University,Gujarat,https://www.pdeu.ac.in/,1955,UGC Recognized,NAAC 'A' Grade,84,"Engineering: CSE, Mechanical | Management: MBA, BBA | Science: B.Sc, M.Sc","B.Tech CSE, MBA Finance, B.Sc","Computer Science, Mechanical Engineering, Civil Engineering, Management Studies, Applied Sciences","Minimum 60% aggregate in 10+2 (Physics, Chemistry, Mathematics/Biology)",107933 per semester,20015,1732,6626,Active Training and Placement Cell,Strictly for registered final-year students,94% in 2023,6.3 Lakh Per Annum,24.2 Lakh Per Annum,3.6 Lakh Per Annum,"TCS, Infosys, Wipro, Cognizant, Amazon, Microsoft",Minimum 6.0 CGPA with no active backlogs,Mandatory 6-week summer internship,Stipend based on company selection,"Yes, across major city routes",32063,Over 15 designated routes,7:30 AM to 5:30 PM,Central Air-Conditioned Library,"Reading Room, Reference Section, Digital Access",155139,Available with remote access,"IEEE, Springer, ScienceDirect",8:00 AM to 8:00 PM,"Yes, for Boys and Girls",Available with 500+ capacity,Available with 300+ capacity,55632,34316,9:30 PM,Prior permission from Warden required,Strict anti-ragging policies enforced,"Yes, indoor and outdoor facilities","Football ground, Cricket pitch, Basketball courts","Table Tennis, Badminton, Chess","Football, Cricket, Volleyball, Athletics",Well-equipped modern gymnasium,Semester System (CBCS),Minimum 75% attendance mandatory,25% weightage,75% weightage,Minimum 40% aggregate required to pass,Conducted within 1 month of result declaration,Available for a maximum of 3 subjects,Maximum 4 backlogs allowed to promote to next year,Merit-based and Category-based scholarships available,Dedicated Student Counselling Centre,"Technical, Cultural, and Sports Clubs",Anti-Ragging Squad and Grievance Cell,End-semester anonymous feedback system,4.0/5,3.8/5,3.8/5,4.2/5,4.4/5,4.7/5,4.2/5
UNI281,Punjab Agricultural University,Punjab,http://www.pau.edu/,1991,UGC Recognized,NAAC 'A' Grade,133,"Engineering: CSE, Mechanical | Management: MBA, BBA | Science: B.Sc, M.Sc","B.Tech CSE, MBA Finance, B.Sc","Computer Science, Mechanical Engineering, Civil Engineering, Management Studies, Applied Sciences","Minimum 60% aggregate in 10+2 (Physics, Chemistry, Mathematics/Biology)",83847 per semester,14294,1723,2027,Active Training and Placement Cell,Strictly for registered final-year students,81% in 2023,5.6 Lakh Per Annum,28.9 Lakh Per Annum,3.9 Lakh Per Annum,"TCS, Infosys, Wipro, Cognizant, Amazon, Microsoft",Minimum 6.0 CGPA with no active backlogs,Mandatory 6-week summer internship,Stipend based on company selection,"Yes, across major city routes",25501,Over 15 designated routes,7:30 AM to 5:30 PM,Central Air-Conditioned Library,"Reading Room, Reference Section, Digital Access",60513,Available with remote access,"IEEE, Springer, ScienceDirect",8:00 AM to 8:00 PM,"Yes, for Boys and Girls",Available with 500+ capacity,Available with 300+ capacity,81299,30134,9:30 PM,Prior permission from Warden required,Strict anti-ragging policies enforced,"Yes, indoor and outdoor facilities","Football ground, Cricket pitch, Basketball courts","Table Tennis, Badminton, Chess","Football, Cricket, Volleyball, Athletics",Well-equipped modern gymnasium,Semester System (CBCS),Minimum 75% attendance mandatory,25% weightage,75% weightage,Minimum 40% aggregate required to pass,Conducted within 1 month of result declaration,Available for a maximum of 3 subjects,Maximum 4 backlogs allowed to promote to next year,Merit-based and Category-based scholarships available,Dedicated Student Counselling Centre,"Technical, Cultural, and Sports Clubs",Anti-Ragging Squad and Grievance Cell,End-semester anonymous feedback system,4.0/5,4.3/5,4.4/5,4.5/5,4.4/5,4.3/5,4.5/5
UNI282,Dr. Panjabrao Deshmukh Krishi Vidyapeeth,nan,http://www.pdkv.ac.in/,1989,UGC Recognized,NAAC 'A' Grade,23,"Engineering: CSE, Mechanical | Management: MBA, BBA | Science: B.Sc, M.Sc","B.Tech CSE, MBA Finance, B.Sc","Computer Science, Mechanical Engineering, Civil Engineering, Management Studies, Applied Sciences","Minimum 60% aggregate in 10+2 (Physics, Chemistry, Mathematics/Biology)",76067 per semester,18834,2229,8045,Active Training and Placement Cell,Strictly for registered final-year students,90% in 2023,7.4 Lakh Per Annum,15.4 Lakh Per Annum,3.9 Lakh Per Annum,"TCS, Infosys, Wipro, Cognizant, Amazon, Microsoft",Minimum 6.0 CGPA with no active backlogs,Mandatory 6-week summer internship,Stipend based on company selection,"Yes, across major city routes",25269,Over 15 designated routes,7:30 AM to 5:30 PM,Central Air-Conditioned Library,"Reading Room, Reference Section, Digital Access",208224,Available with remote access,"IEEE, Springer, ScienceDirect",8:00 AM to 8:00 PM,"Yes, for Boys and Girls",Available with 500+ capacity,Available with 300+ capacity,63087,27949,9:30 PM,Prior permission from Warden required,Strict anti-ragging policies enforced,"Yes, indoor and outdoor facilities","Football ground, Cricket pitch, Basketball courts","Table Tennis, Badminton, Chess","Football, Cricket, Volleyball, Athletics",Well-equipped modern gymnasium,Semester System (CBCS),Minimum 75% attendance mandatory,25% weightage,75% weightage,Minimum 40% aggregate required to pass,Conducted within 1 month of result declaration,Available for a maximum of 3 subjects,Maximum 4 backlogs allowed to promote to next year,Merit-based and Category-based scholarships available,Dedicated Student Counselling Centre,"Technical, Cultural, and Sports Clubs",Anti-Ragging Squad and Grievance Cell,End-semester anonymous feedback system,4.3/5,4.3/5,4.3/5,4.3/5,4.8/5,4.3/5,4.4/5
UNI283,Parul University,nan,http://www.paruluniversity.ac.in/,1947,UGC Recognized,NAAC 'A' Grade,59,"Engineering: CSE, Mechanical | Management: MBA, BBA | Science: B.Sc, M.Sc","B.Tech CSE, MBA Finance, B.Sc","Computer Science, Mechanical Engineering, Civil Engineering, Management Studies, Applied Sciences","Minimum 60% aggregate in 10+2 (Physics, Chemistry, Mathematics/Biology)",84791 per semester,15313,2237,9406,Active Training and Placement Cell,Strictly for registered final-year students,90% in 2023,6 Lakh Per Annum,6 Lakh Per Annum,2.9 Lakh Per Annum,"TCS, Infosys, Wipro, Cognizant, Amazon, Microsoft",Minimum 6.0 CGPA with no active backlogs,Mandatory 6-week summer internship,Stipend based on company selection,"Yes, across major city routes",26064,Over 15 designated routes,7:30 AM to 5:30 PM,Central Air-Conditioned Library,"Reading Room, Reference Section, Digital Access",79408,Available with remote access,"IEEE, Springer, ScienceDirect",8:00 AM to 8:00 PM,"Yes, for Boys and Girls",Available with 500+ capacity,Available with 300+ capacity,66022,30919,9:30 PM,Prior permission from Warden required,Strict anti-ragging policies enforced,"Yes, indoor and outdoor facilities","Football ground, Cricket pitch, Basketball courts","Table Tennis, Badminton, Chess","Football, Cricket, Volleyball, Athletics",Well-equipped modern gymnasium,Semester System (CBCS),Minimum 75% attendance mandatory,25% weightage,75% weightage,Minimum 40% aggregate required to pass,Conducted within 1 month of result declaration,Available for a maximum of 3 subjects,Maximum 4 backlogs allowed to promote to next year,Merit-based and Category-based scholarships available,Dedicated Student Counselling Centre,"Technical, Cultural, and Sports Clubs",Anti-Ragging Squad and Grievance Cell,End-semester anonymous feedback system,4.5/5,4.6/5,4.0/5,4.6/5,4.6/5,4.6/5,4.5/5
UNI284,Punjab Engineering College,Punjab,http://www.pec.ac.in/,1992,UGC Recognized,NAAC 'A' Grade,73,"Engineering: Computer Science (CSE), Civil, Mechanical, ICT","B.Tech CSE, MBA Finance, B.Sc","Computer Science, Mechanical Engineering, Civil Engineering, Management Studies, Applied Sciences","Minimum 60% aggregate in 10+2 (Physics, Chemistry, Mathematics/Biology)",63026 per semester,14988,4518,7117,Active Training and Placement Cell,Strictly for registered final-year students,96% in 2023,6.4 Lakh Per Annum,17.8 Lakh Per Annum,2.5 Lakh Per Annum,"TCS, Infosys, Wipro, Cognizant, Amazon, Microsoft",Minimum 6.0 CGPA with no active backlogs,Mandatory 6-week summer internship,Stipend based on company selection,"Yes, across major city routes",16126,Over 15 designated routes,7:30 AM to 5:30 PM,Central Air-Conditioned Library,"Reading Room, Reference Section, Digital Access",201486,Available with remote access,"IEEE, Springer, ScienceDirect",8:00 AM to 8:00 PM,"Yes, for Boys and Girls",Available with 500+ capacity,Available with 300+ capacity,74736,33658,9:30 PM,Prior permission from Warden required,Strict anti-ragging policies enforced,"Yes, indoor and outdoor facilities","Football ground, Cricket pitch, Basketball courts","Table Tennis, Badminton, Chess","Football, Cricket, Volleyball, Athletics",Well-equipped modern gymnasium,Semester System (CBCS),Minimum 75% attendance mandatory,25% weightage,75% weightage,Minimum 40% aggregate required to pass,Conducted within 1 month of result declaration,Available for a maximum of 3 subjects,Maximum 4 backlogs allowed to promote to next year,Merit-based and Category-based scholarships available,Dedicated Student Counselling Centre,"Technical, Cultural, and Sports Clubs",Anti-Ragging Squad and Grievance Cell,End-semester anonymous feedback system,4.0/5,4.0/5,3.7/5,4.0/5,4.4/5,4.4/5,4.7/5
UNI285,PES University,Karnataka,http://www.pes.edu/,1943,UGC Recognized,NAAC 'A' Grade,73,"Engineering: CSE, Mechanical | Management: MBA, BBA | Science: B.Sc, M.Sc","B.Tech CSE, MBA Finance, B.Sc","Computer Science, Mechanical Engineering, Civil Engineering, Management Studies, Applied Sciences","Minimum 60% aggregate in 10+2 (Physics, Chemistry, Mathematics/Biology)",72202 per semester,11318,2299,8386,Active Training and Placement Cell,Strictly for registered final-year students,98% in 2023,11.6 Lakh Per Annum,26.5 Lakh Per Annum,4.0 Lakh Per Annum,"TCS, Infosys, Wipro, Cognizant, Amazon, Microsoft",Minimum 6.0 CGPA with no active backlogs,Mandatory 6-week summer internship,Stipend based on company selection,"Yes, across major city routes",24631,Over 15 designated routes,7:30 AM to 5:30 PM,Central Air-Conditioned Library,"Reading Room, Reference Section, Digital Access",220788,Available with remote access,"IEEE, Springer, ScienceDirect",8:00 AM to 8:00 PM,"Yes, for Boys and Girls",Available with 500+ capacity,Available with 300+ capacity,71531,42027,9:30 PM,Prior permission from Warden required,Strict anti-ragging policies enforced,"Yes, indoor and outdoor facilities","Football ground, Cricket pitch, Basketball courts","Table Tennis, Badminton, Chess","Football, Cricket, Volleyball, Athletics",Well-equipped modern gymnasium,Semester System (CBCS),Minimum 75% attendance mandatory,25% weightage,75% weightage,Minimum 40% aggregate required to pass,Conducted within 1 month of result declaration,Available for a maximum of 3 subjects,Maximum 4 backlogs allowed to promote to next year,Merit-based and Category-based scholarships available,Dedicated Student Counselling Centre,"Technical, Cultural, and Sports Clubs",Anti-Ragging Squad and Grievance Cell,End-semester anonymous feedback system,4.4/5,4.0/5,4.5/5,4.1/5,4.5/5,4.2/5,4.1/5
UNI286,Postgraduate lnstitute of Medical Education and Research,Punjab and Haryana,http://www.pgimer.nic.in/,2003,UGC Recognized,NAAC 'A' Grade,26,"Medical: MBBS, BDS, MD, B.Sc Nursing","B.Tech CSE, MBA Finance, B.Sc","Computer Science, Mechanical Engineering, Civil Engineering, Management Studies, Applied Sciences","Minimum 60% aggregate in 10+2 (Physics, Chemistry, Mathematics/Biology)",146559 per semester,7202,2763,8182,Active Training and Placement Cell,Strictly for registered final-year students,90% in 2023,4.2 Lakh Per Annum,36.6 Lakh Per Annum,3.8 Lakh Per Annum,"TCS, Infosys, Wipro, Cognizant, Amazon, Microsoft",Minimum 6.0 CGPA with no active backlogs,Mandatory 6-week summer internship,Stipend based on company selection,"Yes, across major city routes",34030,Over 15 designated routes,7:30 AM to 5:30 PM,Central Air-Conditioned Library,"Reading Room, Reference Section, Digital Access",72842,Available with remote access,"IEEE, Springer, ScienceDirect",8:00 AM to 8:00 PM,"Yes, for Boys and Girls",Available with 500+ capacity,Available with 300+ capacity,56708,38319,9:30 PM,Prior permission from Warden required,Strict anti-ragging policies enforced,"Yes, indoor and outdoor facilities","Football ground, Cricket pitch, Basketball courts","Table Tennis, Badminton, Chess","Football, Cricket, Volleyball, Athletics",Well-equipped modern gymnasium,Semester System (CBCS),Minimum 75% attendance mandatory,25% weightage,75% weightage,Minimum 40% aggregate required to pass,Conducted within 1 month of result declaration,Available for a maximum of 3 subjects,Maximum 4 backlogs allowed to promote to next year,Merit-based and Category-based scholarships available,Dedicated Student Counselling Centre,"Technical, Cultural, and Sports Clubs",Anti-Ragging Squad and Grievance Cell,End-semester anonymous feedback system,4.4/5,4.2/5,4.1/5,4.5/5,4.6/5,4.8/5,4.7/5
UNI287,Pondicherry University,Puducherry,http://www.pondiuni.org/,1941,UGC Recognized,NAAC 'A' Grade,22,"Engineering: CSE, Mechanical | Management: MBA, BBA | Science: B.Sc, M.Sc","B.Tech CSE, MBA Finance, B.Sc","Computer Science, Mechanical Engineering, Civil Engineering, Management Studies, Applied Sciences","Minimum 60% aggregate in 10+2 (Physics, Chemistry, Mathematics/Biology)",52640 per semester,22199,3546,4409,Active Training and Placement Cell,Strictly for registered final-year students,90% in 2023,5.5 Lakh Per Annum,42.2 Lakh Per Annum,3.1 Lakh Per Annum,"TCS, Infosys, Wipro, Cognizant, Amazon, Microsoft",Minimum 6.0 CGPA with no active backlogs,Mandatory 6-week summer internship,Stipend based on company selection,"Yes, across major city routes",29009,Over 15 designated routes,7:30 AM to 5:30 PM,Central Air-Conditioned Library,"Reading Room, Reference Section, Digital Access",141323,Available with remote access,"IEEE, Springer, ScienceDirect",8:00 AM to 8:00 PM,"Yes, for Boys and Girls",Available with 500+ capacity,Available with 300+ capacity,62474,29889,9:30 PM,Prior permission from Warden required,Strict anti-ragging policies enforced,"Yes, indoor and outdoor facilities","Football ground, Cricket pitch, Basketball courts","Table Tennis, Badminton, Chess","Football, Cricket, Volleyball, Athletics",Well-equipped modern gymnasium,Semester System (CBCS),Minimum 75% attendance mandatory,25% weightage,75% weightage,Minimum 40% aggregate required to pass,Conducted within 1 month of result declaration,Available for a maximum of 3 subjects,Maximum 4 backlogs allowed to promote to next year,Merit-based and Category-based scholarships available,Dedicated Student Counselling Centre,"Technical, Cultural, and Sports Clubs",Anti-Ragging Squad and Grievance Cell,End-semester anonymous feedback system,4.7/5,4.6/5,3.8/5,4.0/5,4.7/5,4.3/5,4.1/5
UNI288,PSG College of Technology,Tamil Nadu,http://www.psgtech.edu/,1994,UGC Recognized,NAAC 'A' Grade,148,"Engineering: Computer Science (CSE), Civil, Mechanical, ICT","B.Tech CSE, MBA Finance, B.Sc","Computer Science, Mechanical Engineering, Civil Engineering, Management Studies, Applied Sciences","Minimum 60% aggregate in 10+2 (Physics, Chemistry, Mathematics/Biology)",144132 per semester,6188,3531,4902,Active Training and Placement Cell,Strictly for registered final-year students,97% in 2023,7.8 Lakh Per Annum,18.0 Lakh Per Annum,3.6 Lakh Per Annum,"TCS, Infosys, Wipro, Cognizant, Amazon, Microsoft",Minimum 6.0 CGPA with no active backlogs,Mandatory 6-week summer internship,Stipend based on company selection,"Yes, across major city routes",28849,Over 15 designated routes,7:30 AM to 5:30 PM,Central Air-Conditioned Library,"Reading Room, Reference Section, Digital Access",104738,Available with remote access,"IEEE, Springer, ScienceDirect",8:00 AM to 8:00 PM,"Yes, for Boys and Girls",Available with 500+ capacity,Available with 300+ capacity,76511,42859,9:30 PM,Prior permission from Warden required,Strict anti-ragging policies enforced,"Yes, indoor and outdoor facilities","Football ground, Cricket pitch, Basketball courts","Table Tennis, Badminton, Chess","Football, Cricket, Volleyball, Athletics",Well-equipped modern gymnasium,Semester System (CBCS),Minimum 75% attendance mandatory,25% weightage,75% weightage,Minimum 40% aggregate required to pass,Conducted within 1 month of result declaration,Available for a maximum of 3 subjects,Maximum 4 backlogs allowed to promote to next year,Merit-based and Category-based scholarships available,Dedicated Student Counselling Centre,"Technical, Cultural, and Sports Clubs",Anti-Ragging Squad and Grievance Cell,End-semester anonymous feedback system,4.0/5,4.0/5,4.3/5,3.9/5,4.7/5,4.7/5,4.8/5
UNI289,Jai Narain Vyas University,nan,http://www.ptetjnvu.org/,1953,UGC Recognized,NAAC 'A' Grade,56,"Engineering: CSE, Mechanical | Management: MBA, BBA | Science: B.Sc, M.Sc","B.Tech CSE, MBA Finance, B.Sc","Computer Science, Mechanical Engineering, Civil Engineering, Management Studies, Applied Sciences","Minimum 60% aggregate in 10+2 (Physics, Chemistry, Mathematics/Biology)",115602 per semester,18917,1927,8741,Active Training and Placement Cell,Strictly for registered final-year students,96% in 2023,11.6 Lakh Per Annum,19.0 Lakh Per Annum,3.9 Lakh Per Annum,"TCS, Infosys, Wipro, Cognizant, Amazon, Microsoft",Minimum 6.0 CGPA with no active backlogs,Mandatory 6-week summer internship,Stipend based on company selection,"Yes, across major city routes",26360,Over 15 designated routes,7:30 AM to 5:30 PM,Central Air-Conditioned Library,"Reading Room, Reference Section, Digital Access",78274,Available with remote access,"IEEE, Springer, ScienceDirect",8:00 AM to 8:00 PM,"Yes, for Boys and Girls",Available with 500+ capacity,Available with 300+ capacity,46946,41902,9:30 PM,Prior permission from Warden required,Strict anti-ragging policies enforced,"Yes, indoor and outdoor facilities","Football ground, Cricket pitch, Basketball courts","Table Tennis, Badminton, Chess","Football, Cricket, Volleyball, Athletics",Well-equipped modern gymnasium,Semester System (CBCS),Minimum 75% attendance mandatory,25% weightage,75% weightage,Minimum 40% aggregate required to pass,Conducted within 1 month of result declaration,Available for a maximum of 3 subjects,Maximum 4 backlogs allowed to promote to next year,Merit-based and Category-based scholarships available,Dedicated Student Counselling Centre,"Technical, Cultural, and Sports Clubs",Anti-Ragging Squad and Grievance Cell,End-semester anonymous feedback system,4.1/5,4.3/5,3.6/5,4.1/5,4.6/5,4.1/5,4.5/5
UNI290,Punjab Technical University,Punjab,http://www.ptu.ac.in/,1984,UGC Recognized,NAAC 'A' Grade,72,"Engineering: Computer Science (CSE), Civil, Mechanical, ICT","B.Tech CSE, MBA Finance, B.Sc","Computer Science, Mechanical Engineering, Civil Engineering, Management Studies, Applied Sciences","Minimum 60% aggregate in 10+2 (Physics, Chemistry, Mathematics/Biology)",107088 per semester,13643,1744,8941,Active Training and Placement Cell,Strictly for registered final-year students,75% in 2023,7.7 Lakh Per Annum,26.7 Lakh Per Annum,3.2 Lakh Per Annum,"TCS, Infosys, Wipro, Cognizant, Amazon, Microsoft",Minimum 6.0 CGPA with no active backlogs,Mandatory 6-week summer internship,Stipend based on company selection,"Yes, across major city routes",33616,Over 15 designated routes,7:30 AM to 5:30 PM,Central Air-Conditioned Library,"Reading Room, Reference Section, Digital Access",83938,Available with remote access,"IEEE, Springer, ScienceDirect",8:00 AM to 8:00 PM,"Yes, for Boys and Girls",Available with 500+ capacity,Available with 300+ capacity,65691,40823,9:30 PM,Prior permission from Warden required,Strict anti-ragging policies enforced,"Yes, indoor and outdoor facilities","Football ground, Cricket pitch, Basketball courts","Table Tennis, Badminton, Chess","Football, Cricket, Volleyball, Athletics",Well-equipped modern gymnasium,Semester System (CBCS),Minimum 75% attendance mandatory,25% weightage,75% weightage,Minimum 40% aggregate required to pass,Conducted within 1 month of result declaration,Available for a maximum of 3 subjects,Maximum 4 backlogs allowed to promote to next year,Merit-based and Category-based scholarships available,Dedicated Student Counselling Centre,"Technical, Cultural, and Sports Clubs",Anti-Ragging Squad and Grievance Cell,End-semester anonymous feedback system,4.2/5,4.6/5,4.4/5,4.2/5,4.9/5,4.3/5,4.6/5
UNI291,Panjab University,Punjab,http://www.puchd.ac.in/,1882,UGC Recognized,NAAC 'A' Grade,34,"Engineering: CSE, Mechanical | Management: MBA, BBA | Science: B.Sc, M.Sc","B.Tech CSE, MBA Finance, B.Sc","Computer Science, Mechanical Engineering, Civil Engineering, Management Studies, Applied Sciences","Minimum 60% aggregate in 10+2 (Physics, Chemistry, Mathematics/Biology)",114336 per semester,6802,4677,3828,Active Training and Placement Cell,Strictly for registered final-year students,93% in 2023,7.2 Lakh Per Annum,33.5 Lakh Per Annum,3.4 Lakh Per Annum,"TCS, Infosys, Wipro, Cognizant, Amazon, Microsoft",Minimum 6.0 CGPA with no active backlogs,Mandatory 6-week summer internship,Stipend based on company selection,"Yes, across major city routes",24720,Over 15 designated routes,7:30 AM to 5:30 PM,Central Air-Conditioned Library,"Reading Room, Reference Section, Digital Access",62618,Available with remote access,"IEEE, Springer, ScienceDirect",8:00 AM to 8:00 PM,"Yes, for Boys and Girls",Available with 500+ capacity,Available with 300+ capacity,83646,43844,9:30 PM,Prior permission from Warden required,Strict anti-ragging policies enforced,"Yes, indoor and outdoor facilities","Football ground, Cricket pitch, Basketball courts","Table Tennis, Badminton, Chess","Football, Cricket, Volleyball, Athletics",Well-equipped modern gymnasium,Semester System (CBCS),Minimum 75% attendance mandatory,25% weightage,75% weightage,Minimum 40% aggregate required to pass,Conducted within 1 month of result declaration,Available for a maximum of 3 subjects,Maximum 4 backlogs allowed to promote to next year,Merit-based and Category-based scholarships available,Dedicated Student Counselling Centre,"Technical, Cultural, and Sports Clubs",Anti-Ragging Squad and Grievance Cell,End-semester anonymous feedback system,4.1/5,4.5/5,4.1/5,4.3/5,4.5/5,4.1/5,4.4/5
UNI292,Punjabi University Patiala,Punjab,http://www.punjabiuniversity.ac.in/,1995,UGC Recognized,NAAC 'A' Grade,75,"Engineering: CSE, Mechanical | Management: MBA, BBA | Science: B.Sc, M.Sc","B.Tech CSE, MBA Finance, B.Sc","Computer Science, Mechanical Engineering, Civil Engineering, Management Studies, Applied Sciences","Minimum 60% aggregate in 10+2 (Physics, Chemistry, Mathematics/Biology)",131965 per semester,10064,2317,3015,Active Training and Placement Cell,Strictly for registered final-year students,81% in 2023,8.1 Lakh Per Annum,30.4 Lakh Per Annum,3.1 Lakh Per Annum,"TCS, Infosys, Wipro, Cognizant, Amazon, Microsoft",Minimum 6.0 CGPA with no active backlogs,Mandatory 6-week summer internship,Stipend based on company selection,"Yes, across major city routes",29025,Over 15 designated routes,7:30 AM to 5:30 PM,Central Air-Conditioned Library,"Reading Room, Reference Section, Digital Access",205776,Available with remote access,"IEEE, Springer, ScienceDirect",8:00 AM to 8:00 PM,"Yes, for Boys and Girls",Available with 500+ capacity,Available with 300+ capacity,56988,28139,9:30 PM,Prior permission from Warden required,Strict anti-ragging policies enforced,"Yes, indoor and outdoor facilities","Football ground, Cricket pitch, Basketball courts","Table Tennis, Badminton, Chess","Football, Cricket, Volleyball, Athletics",Well-equipped modern gymnasium,Semester System (CBCS),Minimum 75% attendance mandatory,25% weightage,75% weightage,Minimum 40% aggregate required to pass,Conducted within 1 month of result declaration,Available for a maximum of 3 subjects,Maximum 4 backlogs allowed to promote to next year,Merit-based and Category-based scholarships available,Dedicated Student Counselling Centre,"Technical, Cultural, and Sports Clubs",Anti-Ragging Squad and Grievance Cell,End-semester anonymous feedback system,4.0/5,4.7/5,3.9/5,4.5/5,4.5/5,4.1/5,4.7/5
UNI293,Patna University,Bihar,http://puonline.bih.nic.in/,1965,UGC Recognized,NAAC 'A' Grade,57,"Engineering: CSE, Mechanical | Management: MBA, BBA | Science: B.Sc, M.Sc","B.Tech CSE, MBA Finance, B.Sc","Computer Science, Mechanical Engineering, Civil Engineering, Management Studies, Applied Sciences","Minimum 60% aggregate in 10+2 (Physics, Chemistry, Mathematics/Biology)",111036 per semester,16507,4283,4050,Active Training and Placement Cell,Strictly for registered final-year students,98% in 2023,8.6 Lakh Per Annum,40.4 Lakh Per Annum,3.3 Lakh Per Annum,"TCS, Infosys, Wipro, Cognizant, Amazon, Microsoft",Minimum 6.0 CGPA with no active backlogs,Mandatory 6-week summer internship,Stipend based on company selection,"Yes, across major city routes",17602,Over 15 designated routes,7:30 AM to 5:30 PM,Central Air-Conditioned Library,"Reading Room, Reference Section, Digital Access",209029,Available with remote access,"IEEE, Springer, ScienceDirect",8:00 AM to 8:00 PM,"Yes, for Boys and Girls",Available with 500+ capacity,Available with 300+ capacity,52252,28146,9:30 PM,Prior permission from Warden required,Strict anti-ragging policies enforced,"Yes, indoor and outdoor facilities","Football ground, Cricket pitch, Basketball courts","Table Tennis, Badminton, Chess","Football, Cricket, Volleyball, Athletics",Well-equipped modern gymnasium,Semester System (CBCS),Minimum 75% attendance mandatory,25% weightage,75% weightage,Minimum 40% aggregate required to pass,Conducted within 1 month of result declaration,Available for a maximum of 3 subjects,Maximum 4 backlogs allowed to promote to next year,Merit-based and Category-based scholarships available,Dedicated Student Counselling Centre,"Technical, Cultural, and Sports Clubs",Anti-Ragging Squad and Grievance Cell,End-semester anonymous feedback system,4.8/5,4.5/5,3.5/5,4.2/5,4.8/5,4.4/5,4.4/5
UNI294,Rajendra Agricultural University,nan,http://www.pusavarsity.org.in/,1988,UGC Recognized,NAAC 'A' Grade,113,"Engineering: CSE, Mechanical | Management: MBA, BBA | Science: B.Sc, M.Sc","B.Tech CSE, MBA Finance, B.Sc","Computer Science, Mechanical Engineering, Civil Engineering, Management Studies, Applied Sciences","Minimum 60% aggregate in 10+2 (Physics, Chemistry, Mathematics/Biology)",125386 per semester,15071,2849,9503,Active Training and Placement Cell,Strictly for registered final-year students,75% in 2023,5.2 Lakh Per Annum,22.9 Lakh Per Annum,2.7 Lakh Per Annum,"TCS, Infosys, Wipro, Cognizant, Amazon, Microsoft",Minimum 6.0 CGPA with no active backlogs,Mandatory 6-week summer internship,Stipend based on company selection,"Yes, across major city routes",15315,Over 15 designated routes,7:30 AM to 5:30 PM,Central Air-Conditioned Library,"Reading Room, Reference Section, Digital Access",95276,Available with remote access,"IEEE, Springer, ScienceDirect",8:00 AM to 8:00 PM,"Yes, for Boys and Girls",Available with 500+ capacity,Available with 300+ capacity,84445,39610,9:30 PM,Prior permission from Warden required,Strict anti-ragging policies enforced,"Yes, indoor and outdoor facilities","Football ground, Cricket pitch, Basketball courts","Table Tennis, Badminton, Chess","Football, Cricket, Volleyball, Athletics",Well-equipped modern gymnasium,Semester System (CBCS),Minimum 75% attendance mandatory,25% weightage,75% weightage,Minimum 40% aggregate required to pass,Conducted within 1 month of result declaration,Available for a maximum of 3 subjects,Maximum 4 backlogs allowed to promote to next year,Merit-based and Category-based scholarships available,Dedicated Student Counselling Centre,"Technical, Cultural, and Sports Clubs",Anti-Ragging Squad and Grievance Cell,End-semester anonymous feedback system,4.7/5,4.5/5,3.5/5,4.0/5,4.4/5,4.7/5,4.6/5
UNI295,Rabindra Bharati University,nan,http://www.rabindrabharatiuniversity.net/,1955,UGC Recognized,NAAC 'A' Grade,80,"Engineering: CSE, Mechanical | Management: MBA, BBA | Science: B.Sc, M.Sc","B.Tech CSE, MBA Finance, B.Sc","Computer Science, Mechanical Engineering, Civil Engineering, Management Studies, Applied Sciences","Minimum 60% aggregate in 10+2 (Physics, Chemistry, Mathematics/Biology)",121207 per semester,22149,3119,7988,Active Training and Placement Cell,Strictly for registered final-year students,95% in 2023,4.1 Lakh Per Annum,32.3 Lakh Per Annum,3.0 Lakh Per Annum,"TCS, Infosys, Wipro, Cognizant, Amazon, Microsoft",Minimum 6.0 CGPA with no active backlogs,Mandatory 6-week summer internship,Stipend based on company selection,"Yes, across major city routes",25711,Over 15 designated routes,7:30 AM to 5:30 PM,Central Air-Conditioned Library,"Reading Room, Reference Section, Digital Access",201504,Available with remote access,"IEEE, Springer, ScienceDirect",8:00 AM to 8:00 PM,"Yes, for Boys and Girls",Available with 500+ capacity,Available with 300+ capacity,80902,40782,9:30 PM,Prior permission from Warden required,Strict anti-ragging policies enforced,"Yes, indoor and outdoor facilities","Football ground, Cricket pitch, Basketball courts","Table Tennis, Badminton, Chess","Football, Cricket, Volleyball, Athletics",Well-equipped modern gymnasium,Semester System (CBCS),Minimum 75% attendance mandatory,25% weightage,75% weightage,Minimum 40% aggregate required to pass,Conducted within 1 month of result declaration,Available for a maximum of 3 subjects,Maximum 4 backlogs allowed to promote to next year,Merit-based and Category-based scholarships available,Dedicated Student Counselling Centre,"Technical, Cultural, and Sports Clubs",Anti-Ragging Squad and Grievance Cell,End-semester anonymous feedback system,4.1/5,4.2/5,4.3/5,4.1/5,4.8/5,4.4/5,4.2/5
UNI296,Ranchi University,Jharkhand,http://www.ranchiuniversity.org.in/,1952,UGC Recognized,NAAC 'A' Grade,131,"Engineering: CSE, Mechanical | Management: MBA, BBA | Science: B.Sc, M.Sc","B.Tech CSE, MBA Finance, B.Sc","Computer Science, Mechanical Engineering, Civil Engineering, Management Studies, Applied Sciences","Minimum 60% aggregate in 10+2 (Physics, Chemistry, Mathematics/Biology)",86938 per semester,11142,2962,3982,Active Training and Placement Cell,Strictly for registered final-year students,87% in 2023,4.9 Lakh Per Annum,25.9 Lakh Per Annum,3.0 Lakh Per Annum,"TCS, Infosys, Wipro, Cognizant, Amazon, Microsoft",Minimum 6.0 CGPA with no active backlogs,Mandatory 6-week summer internship,Stipend based on company selection,"Yes, across major city routes",19919,Over 15 designated routes,7:30 AM to 5:30 PM,Central Air-Conditioned Library,"Reading Room, Reference Section, Digital Access",107414,Available with remote access,"IEEE, Springer, ScienceDirect",8:00 AM to 8:00 PM,"Yes, for Boys and Girls",Available with 500+ capacity,Available with 300+ capacity,65984,43080,9:30 PM,Prior permission from Warden required,Strict anti-ragging policies enforced,"Yes, indoor and outdoor facilities","Football ground, Cricket pitch, Basketball courts","Table Tennis, Badminton, Chess","Football, Cricket, Volleyball, Athletics",Well-equipped modern gymnasium,Semester System (CBCS),Minimum 75% attendance mandatory,25% weightage,75% weightage,Minimum 40% aggregate required to pass,Conducted within 1 month of result declaration,Available for a maximum of 3 subjects,Maximum 4 backlogs allowed to promote to next year,Merit-based and Category-based scholarships available,Dedicated Student Counselling Centre,"Technical, Cultural, and Sports Clubs",Anti-Ragging Squad and Grievance Cell,End-semester anonymous feedback system,4.1/5,4.3/5,3.8/5,4.1/5,4.4/5,4.6/5,4.2/5
UNI297,"Rajasthan Agricultural University, Bikaner",Rajasthan,http://www.raubikaner.org/,1968,UGC Recognized,NAAC 'A' Grade,117,"Engineering: CSE, Mechanical | Management: MBA, BBA | Science: B.Sc, M.Sc","B.Tech CSE, MBA Finance, B.Sc","Computer Science, Mechanical Engineering, Civil Engineering, Management Studies, Applied Sciences","Minimum 60% aggregate in 10+2 (Physics, Chemistry, Mathematics/Biology)",74704 per semester,20838,1697,3248,Active Training and Placement Cell,Strictly for registered final-year students,83% in 2023,6.9 Lakh Per Annum,27.1 Lakh Per Annum,3.0 Lakh Per Annum,"TCS, Infosys, Wipro, Cognizant, Amazon, Microsoft",Minimum 6.0 CGPA with no active backlogs,Mandatory 6-week summer internship,Stipend based on company selection,"Yes, across major city routes",18011,Over 15 designated routes,7:30 AM to 5:30 PM,Central Air-Conditioned Library,"Reading Room, Reference Section, Digital Access",128261,Available with remote access,"IEEE, Springer, ScienceDirect",8:00 AM to 8:00 PM,"Yes, for Boys and Girls",Available with 500+ capacity,Available with 300+ capacity,79630,43613,9:30 PM,Prior permission from Warden required,Strict anti-ragging policies enforced,"Yes, indoor and outdoor facilities","Football ground, Cricket pitch, Basketball courts","Table Tennis, Badminton, Chess","Football, Cricket, Volleyball, Athletics",Well-equipped modern gymnasium,Semester System (CBCS),Minimum 75% attendance mandatory,25% weightage,75% weightage,Minimum 40% aggregate required to pass,Conducted within 1 month of result declaration,Available for a maximum of 3 subjects,Maximum 4 backlogs allowed to promote to next year,Merit-based and Category-based scholarships available,Dedicated Student Counselling Centre,"Technical, Cultural, and Sports Clubs",Anti-Ragging Squad and Grievance Cell,End-semester anonymous feedback system,4.1/5,4.5/5,4.0/5,4.4/5,4.8/5,4.1/5,4.8/5
UNI298,Rani Durgavati University,nan,http://www.rdunijbpin.org/,1970,UGC Recognized,NAAC 'A' Grade,73,"Engineering: CSE, Mechanical | Management: MBA, BBA | Science: B.Sc, M.Sc","B.Tech CSE, MBA Finance, B.Sc","Computer Science, Mechanical Engineering, Civil Engineering, Management Studies, Applied Sciences","Minimum 60% aggregate in 10+2 (Physics, Chemistry, Mathematics/Biology)",139676 per semester,22203,4810,7738,Active Training and Placement Cell,Strictly for registered final-year students,76% in 2023,6.1 Lakh Per Annum,40.2 Lakh Per Annum,2.7 Lakh Per Annum,"TCS, Infosys, Wipro, Cognizant, Amazon, Microsoft",Minimum 6.0 CGPA with no active backlogs,Mandatory 6-week summer internship,Stipend based on company selection,"Yes, across major city routes",28007,Over 15 designated routes,7:30 AM to 5:30 PM,Central Air-Conditioned Library,"Reading Room, Reference Section, Digital Access",247366,Available with remote access,"IEEE, Springer, ScienceDirect",8:00 AM to 8:00 PM,"Yes, for Boys and Girls",Available with 500+ capacity,Available with 300+ capacity,58883,33886,9:30 PM,Prior permission from Warden required,Strict anti-ragging policies enforced,"Yes, indoor and outdoor facilities","Football ground, Cricket pitch, Basketball courts","Table Tennis, Badminton, Chess","Football, Cricket, Volleyball, Athletics",Well-equipped modern gymnasium,Semester System (CBCS),Minimum 75% attendance mandatory,25% weightage,75% weightage,Minimum 40% aggregate required to pass,Conducted within 1 month of result declaration,Available for a maximum of 3 subjects,Maximum 4 backlogs allowed to promote to next year,Merit-based and Category-based scholarships available,Dedicated Student Counselling Centre,"Technical, Cultural, and Sports Clubs",Anti-Ragging Squad and Grievance Cell,End-semester anonymous feedback system,4.4/5,4.2/5,4.4/5,4.4/5,4.4/5,4.4/5,4.2/5
UNI299,Rajiv Gandhi Technical University (University of Technology of Madhya Pradesh),Madhya Pradesh,http://www.rgtu.net/,1941,UGC Recognized,NAAC 'A' Grade,135,"Engineering: Computer Science (CSE), Civil, Mechanical, ICT","B.Tech CSE, MBA Finance, B.Sc","Computer Science, Mechanical Engineering, Civil Engineering, Management Studies, Applied Sciences","Minimum 60% aggregate in 10+2 (Physics, Chemistry, Mathematics/Biology)",97544 per semester,16559,4216,9973,Active Training and Placement Cell,Strictly for registered final-year students,96% in 2023,12.0 Lakh Per Annum,22.2 Lakh Per Annum,2.5 Lakh Per Annum,"TCS, Infosys, Wipro, Cognizant, Amazon, Microsoft",Minimum 6.0 CGPA with no active backlogs,Mandatory 6-week summer internship,Stipend based on company selection,"Yes, across major city routes",25385,Over 15 designated routes,7:30 AM to 5:30 PM,Central Air-Conditioned Library,"Reading Room, Reference Section, Digital Access",95933,Available with remote access,"IEEE, Springer, ScienceDirect",8:00 AM to 8:00 PM,"Yes, for Boys and Girls",Available with 500+ capacity,Available with 300+ capacity,55557,31967,9:30 PM,Prior permission from Warden required,Strict anti-ragging policies enforced,"Yes, indoor and outdoor facilities","Football ground, Cricket pitch, Basketball courts","Table Tennis, Badminton, Chess","Football, Cricket, Volleyball, Athletics",Well-equipped modern gymnasium,Semester System (CBCS),Minimum 75% attendance mandatory,25% weightage,75% weightage,Minimum 40% aggregate required to pass,Conducted within 1 month of result declaration,Available for a maximum of 3 subjects,Maximum 4 backlogs allowed to promote to next year,Merit-based and Category-based scholarships available,Dedicated Student Counselling Centre,"Technical, Cultural, and Sports Clubs",Anti-Ragging Squad and Grievance Cell,End-semester anonymous feedback system,4.4/5,3.9/5,3.7/5,4.4/5,4.5/5,4.3/5,4.3/5
UNI300,Rajiv Gandhi University,nan,http://www.rgu.ac.in/,1993,UGC Recognized,NAAC 'A' Grade,19,"Engineering: CSE, Mechanical | Management: MBA, BBA | Science: B.Sc, M.Sc","B.Tech CSE, MBA Finance, B.Sc","Computer Science, Mechanical Engineering, Civil Engineering, Management Studies, Applied Sciences","Minimum 60% aggregate in 10+2 (Physics, Chemistry, Mathematics/Biology)",73049 per semester,2026,4758,5752,Active Training and Placement Cell,Strictly for registered final-year students,84% in 2023,7.0 Lakh Per Annum,34.1 Lakh Per Annum,3.2 Lakh Per Annum,"TCS, Infosys, Wipro, Cognizant, Amazon, Microsoft",Minimum 6.0 CGPA with no active backlogs,Mandatory 6-week summer internship,Stipend based on company selection,"Yes, across major city routes",15690,Over 15 designated routes,7:30 AM to 5:30 PM,Central Air-Conditioned Library,"Reading Room, Reference Section, Digital Access",222239,Available with remote access,"IEEE, Springer, ScienceDirect",8:00 AM to 8:00 PM,"Yes, for Boys and Girls",Available with 500+ capacity,Available with 300+ capacity,80803,29749,9:30 PM,Prior permission from Warden required,Strict anti-ragging policies enforced,"Yes, indoor and outdoor facilities","Football ground, Cricket pitch, Basketball courts","Table Tennis, Badminton, Chess","Football, Cricket, Volleyball, Athletics",Well-equipped modern gymnasium,Semester System (CBCS),Minimum 75% attendance mandatory,25% weightage,75% weightage,Minimum 40% aggregate required to pass,Conducted within 1 month of result declaration,Available for a maximum of 3 subjects,Maximum 4 backlogs allowed to promote to next year,Merit-based and Category-based scholarships available,Dedicated Student Counselling Centre,"Technical, Cultural, and Sports Clubs",Anti-Ragging Squad and Grievance Cell,End-semester anonymous feedback system,4.5/5,4.0/5,4.1/5,3.9/5,4.4/5,4.2/5,4.5/5
